5b 0a 20 20 20 20 7b 0a  20 20 20 20 20 20 20 20
22 72 65 6d 61 72 6b 73  22 3a 20 22 f0 9f 92 a6
20 31 20 2d 20 56 4c 45  53 53 20 2d 20 44 6f 6d
61 69 6e 20 3a 20 34 34  33 22 2c 0a 20 20 20 20
20 20 20 20 22 76 65 72  73 69 6f 6e 22 3a 20 7b
0a 20 20 20 20 20 20 20  20 20 20 20 20 22 6d 69
6e 22 3a 20 22 32 35 2e  31 30 2e 31 35 22 0a 20
20 20 20 20 20 20 20 7d  2c 0a 20 20 20 20 20 20
20 20 22 6c 6f 67 22 3a  20 7b 0a 20 20 20 20 20
20 20 20 20 20 20 20 22  6c 6f 67 6c 65 76 65 6c
22 3a 20 22 77 61 72 6e  69 6e 67 22 0a 20 20 20
20 20 20 20 20 7d 2c 0a  20 20 20 20 20 20 20 20
22 64 6e 73 22 3a 20 7b  0a 20 20 20 20 20 20 20
20 20 20 20 20 22 73 65  72 76 65 72 73 22 3a 20
5b 0a 20 20 20 20 20 20  20 20 20 20 20 20 20 20
20 20 7b 0a 20 20 20 20  20 20 20 20 20 20 20 20
20 20 20 20 20 20 20 20  22 61 64 64 72 65 73 73
22 3a 20 22 68 74 74 70  73 3a 2f 2f 38 2e 38 2e
38 2e 38 2f 64 6e 73 2d  71 75 65 72 79 22 2c 0a
20 20 20 20 20 20 20 20  20 20 20 20 20 20 20 20
20 20 20 20 22 74 61 67  22 3a 20 22 72 65 6d 6f
74 65 2d 64 6e 73 22 0a  20 20 20 20 20 20 20 20
20 20 20 20 20 20 20 20  7d 2c 0a 20 20 20 20 20
20 20 20 20 20 20 20 20  20 20 20 7b 0a 20 20 20
20 20 20 20 20 20 20 20  20 20 20 20 20 20 20 20
20 22 61 64 64 72 65 73  73 22 3a 20 22 38 2e 38
2e 38 2e 38 22 2c 0a 20  20 20 20 20 20 20 20 20
20 20 20 20 20 20 20 20  20 20 20 22 64 6f 6d 61
69 6e 73 22 3a 20 5b 0a  20 20 20 20 20 20 20 20
20 20 20 20 20 20 20 20  20 20 20 20 20 20 20 20
22 66 75 6c 6c 3a 77 68  75 61 2d 62 70 2e 38 64
79 2e 78 78 2e 6b 67 22  0a 20 20 20 20 20 20 20
20 20 20 20 20 20 20 20  20 20 20 20 20 5d 2c 0a
20 20 20 20 20 20 20 20  20 20 20 20 20 20 20 20
20 20 20 20 22 73 6b 69  70 46 61 6c 6c 62 61 63
6b 22 3a 20 74 72 75 65  0a 20 20 20 20 20 20 20
20 20 20 20 20 20 20 20  20 7d 0a 20 20 20 20 20
20 20 20 20 20 20 20 5d  2c 0a 20 20 20 20 20 20
20 20 20 20 20 20 22 71  75 65 72 79 53 74 72 61
74 65 67 79 22 3a 20 22  55 73 65 49 50 22 2c 0a
20 20 20 20 20 20 20 20  20 20 20 20 22 74 61 67
22 3a 20 22 64 6e 73 22  0a 20 20 20 20 20 20 20
20 7d 2c 0a 20 20 20 20  20 20 20 20 22 69 6e 62
6f 75 6e 64 73 22 3a 20  5b 0a 20 20 20 20 20 20
20 20 20 20 20 20 7b 0a  20 20 20 20 20 20 20 20
20 20 20 20 20 20 20 20  22 6c 69 73 74 65 6e 22
3a 20 22 31 32 37 2e 30  2e 30 2e 31 22 2c 0a 20
20 20 20 20 20 20 20 20  20 20 20 20 20 20 20 22
70 6f 72 74 22 3a 20 31  30 38 30 38 2c 0a 20 20
20 20 20 20 20 20 20 20  20 20 20 20 20 20 22 70
72 6f 74 6f 63 6f 6c 22  3a 20 22 73 6f 63 6b 73
22 2c 0a 20 20 20 20 20  20 20 20 20 20 20 20 20
20 20 20 22 73 65 74 74  69 6e 67 73 22 3a 20 7b
0a 20 20 20 20 20 20 20  20 20 20 20 20 20 20 20
20 20 20 20 20 22 61 75  74 68 22 3a 20 22 6e 6f
61 75 74 68 22 2c 0a 20  20 20 20 20 20 20 20 20
20 20 20 20 20 20 20 20  20 20 20 22 75 64 70 22
3a 20 74 72 75 65 0a 20  20 20 20 20 20 20 20 20
20 20 20 20 20 20 20 7d  2c 0a 20 20 20 20 20 20
20 20 20 20 20 20 20 20  20 20 22 73 6e 69 66 66
69 6e 67 22 3a 20 7b 0a  20 20 20 20 20 20 20 20
20 20 20 20 20 20 20 20  20 20 20 20 22 64 65 73
74 4f 76 65 72 72 69 64  65 22 3a 20 5b 0a 20 20
20 20 20 20 20 20 20 20  20 20 20 20 20 20 20 20
20 20 20 20 20 20 22 68  74 74 70 22 2c 0a 20 20
20 20 20 20 20 20 20 20  20 20 20 20 20 20 20 20
20 20 20 20 20 20 22 74  6c 73 22 0a 20 20 20 20
20 20 20 20 20 20 20 20  20 20 20 20 20 20 20 20
5d 2c 0a 20 20 20 20 20  20 20 20 20 20 20 20 20
20 20 20 20 20 20 20 22  65 6e 61 62 6c 65 64 22
3a 20 74 72 75 65 2c 0a  20 20 20 20 20 20 20 20
20 20 20 20 20 20 20 20  20 20 20 20 22 72 6f 75
74 65 4f 6e 6c 79 22 3a  20 74 72 75 65 0a 20 20
20 20 20 20 20 20 20 20  20 20 20 20 20 20 7d 2c
0a 20 20 20 20 20 20 20  20 20 20 20 20 20 20 20
20 22 74 61 67 22 3a 20  22 6d 69 78 65 64 2d 69
6e 22 0a 20 20 20 20 20  20 20 20 20 20 20 20 7d
2c 0a 20 20 20 20 20 20  20 20 20 20 20 20 7b 0a
20 20 20 20 20 20 20 20  20 20 20 20 20 20 20 20
22 6c 69 73 74 65 6e 22  3a 20 22 31 32 37 2e 30
2e 30 2e 31 22 2c 0a 20  20 20 20 20 20 20 20 20
20 20 20 20 20 20 20 22  70 6f 72 74 22 3a 20 31
30 38 35 33 2c 0a 20 20  20 20 20 20 20 20 20 20
20 20 20 20 20 20 22 70  72 6f 74 6f 63 6f 6c 22
3a 20 22 64 6f 6b 6f 64  65 6d 6f 2d 64 6f 6f 72
22 2c 0a 20 20 20 20 20  20 20 20 20 20 20 20 20
20 20 20 22 73 65 74 74  69 6e 67 73 22 3a 20 7b
0a 20 20 20 20 20 20 20  20 20 20 20 20 20 20 20
20 20 20 20 20 22 61 64  64 72 65 73 73 22 3a 20
22 31 2e 31 2e 31 2e 31  22 2c 0a 20 20 20 20 20
20 20 20 20 20 20 20 20  20 20 20 20 20 20 20 22
6e 65 74 77 6f 72 6b 22  3a 20 22 74 63 70 2c 75
64 70 22 2c 0a 20 20 20  20 20 20 20 20 20 20 20
20 20 20 20 20 20 20 20  20 22 70 6f 72 74 22 3a
20 35 33 0a 20 20 20 20  20 20 20 20 20 20 20 20
20 20 20 20 7d 2c 0a 20  20 20 20 20 20 20 20 20
20 20 20 20 20 20 20 22  74 61 67 22 3a 20 22 64
6e 73 2d 69 6e 22 0a 20  20 20 20 20 20 20 20 20
20 20 20 7d 0a 20 20 20  20 20 20 20 20 5d 2c 0a
20 20 20 20 20 20 20 20  22 6f 75 74 62 6f 75 6e
64 73 22 3a 20 5b 0a 20  20 20 20 20 20 20 20 20
20 20 20 7b 0a 20 20 20  20 20 20 20 20 20 20 20
20 20 20 20 20 22 70 72  6f 74 6f 63 6f 6c 22 3a
20 22 76 6c 65 73 73 22  2c 0a 20 20 20 20 20 20
20 20 20 20 20 20 20 20  20 20 22 73 65 74 74 69
6e 67 73 22 3a 20 7b 0a  20 20 20 20 20 20 20 20
20 20 20 20 20 20 20 20  20 20 20 20 22 76 6e 65
78 74 22 3a 20 5b 0a 20  20 20 20 20 20 20 20 20
20 20 20 20 20 20 20 20  20 20 20 20 20 20 20 7b
0a 20 20 20 20 20 20 20  20 20 20 20 20 20 20 20
20 20 20 20 20 20 20 20  20 20 20 20 20 22 61 64
64 72 65 73 73 22 3a 20  22 77 68 75 61 2d 62 70
2e 38 64 79 2e 78 78 2e  6b 67 22 2c 0a 20 20 20
20 20 20 20 20 20 20 20  20 20 20 20 20 20 20 20
20 20 20 20 20 20 20 20  20 22 70 6f 72 74 22 3a
20 34 34 33 2c 0a 20 20  20 20 20 20 20 20 20 20
20 20 20 20 20 20 20 20  20 20 20 20 20 20 20 20
20 20 22 75 73 65 72 73  22 3a 20 5b 0a 20 20 20
20 20 20 20 20 20 20 20  20 20 20 20 20 20 20 20
20 20 20 20 20 20 20 20  20 20 20 20 20 7b 0a 20
20 20 20 20 20 20 20 20  20 20 20 20 20 20 20 20
20 20 20 20 20 20 20 20  20 20 20 20 20 20 20 20
20 20 20 22 69 64 22 3a  20 22 38 38 38 36 39 38
39 30 2d 37 36 63 32 2d  34 36 62 61 2d 62 36 34
36 2d 34 66 65 62 66 33  35 37 35 35 61 37 22 2c
0a 20 20 20 20 20 20 20  20 20 20 20 20 20 20 20
20 20 20 20 20 20 20 20  20 20 20 20 20 20 20 20
20 20 20 20 20 22 65 6e  63 72 79 70 74 69 6f 6e
22 3a 20 22 6e 6f 6e 65  22 0a 20 20 20 20 20 20
20 20 20 20 20 20 20 20  20 20 20 20 20 20 20 20
20 20 20 20 20 20 20 20  20 20 7d 0a 20 20 20 20
20 20 20 20 20 20 20 20  20 20 20 20 20 20 20 20
20 20 20 20 20 20 20 20  5d 0a 20 20 20 20 20 20
20 20 20 20 20 20 20 20  20 20 20 20 20 20 20 20
20 20 7d 0a 20 20 20 20  20 20 20 20 20 20 20 20
20 20 20 20 20 20 20 20  5d 0a 20 20 20 20 20 20
20 20 20 20 20 20 20 20  20 20 7d 2c 0a 20 20 20
20 20 20 20 20 20 20 20  20 20 20 20 20 22 73 74
72 65 61 6d 53 65 74 74  69 6e 67 73 22 3a 20 7b
0a 20 20 20 20 20 20 20  20 20 20 20 20 20 20 20
20 20 20 20 20 22 6e 65  74 77 6f 72 6b 22 3a 20
22 77 73 22 2c 0a 20 20  20 20 20 20 20 20 20 20
20 20 20 20 20 20 20 20  20 20 22 77 73 53 65 74
74 69 6e 67 73 22 3a 20  7b 0a 20 20 20 20 20 20
20 20 20 20 20 20 20 20  20 20 20 20 20 20 20 20
20 20 22 68 6f 73 74 22  3a 20 22 77 68 75 61 2d
62 70 2e 38 64 79 2e 78  78 2e 6b 67 22 2c 0a 20
20 20 20 20 20 20 20 20  20 20 20 20 20 20 20 20
20 20 20 20 20 20 20 22  70 61 74 68 22 3a 20 22
2f 65 79 4a 71 64 57 35  72 49 6a 6f 69 54 7a 4e
78 63 48 51 34 54 45 39  70 53 33 51 78 5a 6d 52
36 54 53 49 73 49 6e 42  79 62 33 52 76 59 32 39
73 49 6a 6f 69 64 6d 77  69 4c 43 4a 74 62 32 52
6c 49 6a 6f 69 63 48 4a  6c 5a 6d 6c 34 49 69 77
69 63 47 46 75 5a 57 78  4a 55 48 4d 69 4f 6c 73
69 57 7a 49 32 4d 44 49  36 5a 6d 4d 31 4f 54 70
69 4d 44 6f 32 4e 44 6f  36 58 53 49 73 49 6c 73
79 4e 6a 41 79 4f 6d 5a  6a 4e 54 6b 36 4d 54 45
36 4e 6a 51 36 4f 6c 30  69 4c 43 4a 62 4d 6d 45
77 4d 6a 6f 34 4f 54 67  36 4d 54 51 32 4f 6a 59
30 4f 6a 70 64 49 6c 31  39 3f 65 64 3d 32 35 36
30 22 0a 20 20 20 20 20  20 20 20 20 20 20 20 20
20 20 20 20 20 20 20 7d  2c 0a 20 20 20 20 20 20
20 20 20 20 20 20 20 20  20 20 20 20 20 20 22 73
65 63 75 72 69 74 79 22  3a 20 22 74 6c 73 22 2c
0a 20 20 20 20 20 20 20  20 20 20 20 20 20 20 20
20 20 20 20 20 22 74 6c  73 53 65 74 74 69 6e 67
73 22 3a 20 7b 0a 20 20  20 20 20 20 20 20 20 20
20 20 20 20 20 20 20 20  20 20 20 20 20 20 22 73
65 72 76 65 72 4e 61 6d  65 22 3a 20 22 77 68 55
61 2d 62 50 2e 38 64 79  2e 78 78 2e 4b 67 22 2c
0a 20 20 20 20 20 20 20  20 20 20 20 20 20 20 20
20 20 20 20 20 20 20 20  20 22 66 69 6e 67 65 72
70 72 69 6e 74 22 3a 20  22 63 68 72 6f 6d 65 22
2c 0a 20 20 20 20 20 20  20 20 20 20 20 20 20 20
20 20 20 20 20 20 20 20  20 20 22 61 6c 70 6e 22
3a 20 5b 0a 20 20 20 20  20 20 20 20 20 20 20 20
20 20 20 20 20 20 20 20  20 20 20 20 20 20 20 20
22 68 74 74 70 2f 31 2e  31 22 0a 20 20 20 20 20
20 20 20 20 20 20 20 20  20 20 20 20 20 20 20 20
20 20 20 5d 2c 0a 20 20  20 20 20 20 20 20 20 20
20 20 20 20 20 20 20 20  20 20 20 20 20 20 22 61
6c 6c 6f 77 49 6e 73 65  63 75 72 65 22 3a 20 66
61 6c 73 65 0a 20 20 20  20 20 20 20 20 20 20 20
20 20 20 20 20 20 20 20  20 7d 2c 0a 20 20 20 20
20 20 20 20 20 20 20 20  20 20 20 20 20 20 20 20
22 73 6f 63 6b 6f 70 74  22 3a 20 7b 0a 20 20 20
20 20 20 20 20 20 20 20  20 20 20 20 20 20 20 20
20 20 20 20 20 22 64 6f  6d 61 69 6e 53 74 72 61
74 65 67 79 22 3a 20 22  55 73 65 49 50 22 2c 0a
20 20 20 20 20 20 20 20  20 20 20 20 20 20 20 20
20 20 20 20 20 20 20 20  22 68 61 70 70 79 45 79
65 62 61 6c 6c 73 22 3a  20 7b 0a 20 20 20 20 20
20 20 20 20 20 20 20 20  20 20 20 20 20 20 20 20
20 20 20 20 20 20 20 22  74 72 79 44 65 6c 61 79
4d 73 22 3a 20 32 35 30  2c 0a 20 20 20 20 20 20
20 20 20 20 20 20 20 20  20 20 20 20 20 20 20 20
20 20 20 20 20 20 22 70  72 69 6f 72 69 74 69 7a
65 49 50 76 36 22 3a 20  66 61 6c 73 65 2c 0a 20
20 20 20 20 20 20 20 20  20 20 20 20 20 20 20 20
20 20 20 20 20 20 20 20  20 20 20 22 69 6e 74 65
72 6c 65 61 76 65 22 3a  20 32 2c 0a 20 20 20 20
20 20 20 20 20 20 20 20  20 20 20 20 20 20 20 20
20 20 20 20 20 20 20 20  22 6d 61 78 43 6f 6e 63
75 72 72 65 6e 74 54 72  79 22 3a 20 34 0a 20 20
20 20 20 20 20 20 20 20  20 20 20 20 20 20 20 20
20 20 20 20 20 20 7d 0a  20 20 20 20 20 20 20 20
20 20 20 20 20 20 20 20  20 20 20 20 7d 0a 20 20
20 20 20 20 20 20 20 20  20 20 20 20 20 20 7d 2c
0a 20 20 20 20 20 20 20  20 20 20 20 20 20 20 20
20 22 74 61 67 22 3a 20  22 70 72 6f 78 79 22 0a
20 20 20 20 20 20 20 20  20 20 20 20 7d 2c 0a 20
20 20 20 20 20 20 20 20  20 20 20 7b 0a 20 20 20
20 20 20 20 20 20 20 20  20 20 20 20 20 22 70 72
6f 74 6f 63 6f 6c 22 3a  20 22 64 6e 73 22 2c 0a
20 20 20 20 20 20 20 20  20 20 20 20 20 20 20 20
22 73 65 74 74 69 6e 67  73 22 3a 20 7b 0a 20 20
20 20 20 20 20 20 20 20  20 20 20 20 20 20 20 20
20 20 22 6e 6f 6e 49 50  51 75 65 72 79 22 3a 20
22 72 65 6a 65 63 74 22  0a 20 20 20 20 20 20 20
20 20 20 20 20 20 20 20  20 7d 2c 0a 20 20 20 20
20 20 20 20 20 20 20 20  20 20 20 20 22 74 61 67
22 3a 20 22 64 6e 73 2d  6f 75 74 22 0a 20 20 20
20 20 20 20 20 20 20 20  20 7d 2c 0a 20 20 20 20
20 20 20 20 20 20 20 20  7b 0a 20 20 20 20 20 20
20 20 20 20 20 20 20 20  20 20 22 70 72 6f 74 6f
63 6f 6c 22 3a 20 22 66  72 65 65 64 6f 6d 22 2c
0a 20 20 20 20 20 20 20  20 20 20 20 20 20 20 20
20 22 73 65 74 74 69 6e  67 73 22 3a 20 7b 0a 20
20 20 20 20 20 20 20 20  20 20 20 20 20 20 20 20
20 20 20 22 64 6f 6d 61  69 6e 53 74 72 61 74 65
67 79 22 3a 20 22 55 73  65 49 50 22 0a 20 20 20
20 20 20 20 20 20 20 20  20 20 20 20 20 7d 2c 0a
20 20 20 20 20 20 20 20  20 20 20 20 20 20 20 20
22 74 61 67 22 3a 20 22  64 69 72 65 63 74 22 0a
20 20 20 20 20 20 20 20  20 20 20 20 7d 2c 0a 20
20 20 20 20 20 20 20 20  20 20 20 7b 0a 20 20 20
20 20 20 20 20 20 20 20  20 20 20 20 20 22 70 72
6f 74 6f 63 6f 6c 22 3a  20 22 62 6c 61 63 6b 68
6f 6c 65 22 2c 0a 20 20  20 20 20 20 20 20 20 20
20 20 20 20 20 20 22 73  65 74 74 69 6e 67 73 22
3a 20 7b 0a 20 20 20 20  20 20 20 20 20 20 20 20
20 20 20 20 20 20 20 20  22 72 65 73 70 6f 6e 73
65 22 3a 20 7b 0a 20 20  20 20 20 20 20 20 20 20
20 20 20 20 20 20 20 20  20 20 20 20 20 20 22 74
79 70 65 22 3a 20 22 68  74 74 70 22 0a 20 20 20
20 20 20 20 20 20 20 20  20 20 20 20 20 20 20 20
20 7d 0a 20 20 20 20 20  20 20 20 20 20 20 20 20
20 20 20 7d 2c 0a 20 20  20 20 20 20 20 20 20 20
20 20 20 20 20 20 22 74  61 67 22 3a 20 22 62 6c
6f 63 6b 22 0a 20 20 20  20 20 20 20 20 20 20 20
20 7d 0a 20 20 20 20 20  20 20 20 5d 2c 0a 20 20
20 20 20 20 20 20 22 72  6f 75 74 69 6e 67 22 3a
20 7b 0a 20 20 20 20 20  20 20 20 20 20 20 20 22
64 6f 6d 61 69 6e 53 74  72 61 74 65 67 79 22 3a
20 22 49 50 49 66 4e 6f  6e 4d 61 74 63 68 22 2c
0a 20 20 20 20 20 20 20  20 20 20 20 20 22 72 75
6c 65 73 22 3a 20 5b 0a  20 20 20 20 20 20 20 20
20 20 20 20 20 20 20 20  7b 0a 20 20 20 20 20 20
20 20 20 20 20 20 20 20  20 20 20 20 20 20 22 69
6e 62 6f 75 6e 64 54 61  67 22 3a 20 5b 0a 20 20
20 20 20 20 20 20 20 20  20 20 20 20 20 20 20 20
20 20 20 20 20 20 22 6d  69 78 65 64 2d 69 6e 22
0a 20 20 20 20 20 20 20  20 20 20 20 20 20 20 20
20 20 20 20 20 5d 2c 0a  20 20 20 20 20 20 20 20
20 20 20 20 20 20 20 20  20 20 20 20 22 70 6f 72
74 22 3a 20 35 33 2c 0a  20 20 20 20 20 20 20 20
20 20 20 20 20 20 20 20  20 20 20 20 22 6f 75 74
62 6f 75 6e 64 54 61 67  22 3a 20 22 64 6e 73 2d
6f 75 74 22 2c 0a 20 20  20 20 20 20 20 20 20 20
20 20 20 20 20 20 20 20  20 20 22 74 79 70 65 22
3a 20 22 66 69 65 6c 64  22 0a 20 20 20 20 20 20
20 20 20 20 20 20 20 20  20 20 7d 2c 0a 20 20 20
20 20 20 20 20 20 20 20  20 20 20 20 20 7b 0a 20
20 20 20 20 20 20 20 20  20 20 20 20 20 20 20 20
20 20 20 22 69 6e 62 6f  75 6e 64 54 61 67 22 3a
20 5b 0a 20 20 20 20 20  20 20 20 20 20 20 20 20
20 20 20 20 20 20 20 20  20 20 20 22 64 6e 73 2d
69 6e 22 0a 20 20 20 20  20 20 20 20 20 20 20 20
20 20 20 20 20 20 20 20  5d 2c 0a 20 20 20 20 20
20 20 20 20 20 20 20 20  20 20 20 20 20 20 20 22
6f 75 74 62 6f 75 6e 64  54 61 67 22 3a 20 22 64
6e 73 2d 6f 75 74 22 2c  0a 20 20 20 20 20 20 20
20 20 20 20 20 20 20 20  20 20 20 20 20 22 74 79
70 65 22 3a 20 22 66 69  65 6c 64 22 0a 20 20 20
20 20 20 20 20 20 20 20  20 20 20 20 20 7d 2c 0a
20 20 20 20 20 20 20 20  20 20 20 20 20 20 20 20
7b 0a 20 20 20 20 20 20  20 20 20 20 20 20 20 20
20 20 20 20 20 20 22 69  6e 62 6f 75 6e 64 54 61
67 22 3a 20 5b 0a 20 20  20 20 20 20 20 20 20 20
20 20 20 20 20 20 20 20  20 20 20 20 20 20 22 72
65 6d 6f 74 65 2d 64 6e  73 22 0a 20 20 20 20 20
20 20 20 20 20 20 20 20  20 20 20 20 20 20 20 5d
2c 0a 20 20 20 20 20 20  20 20 20 20 20 20 20 20
20 20 20 20 20 20 22 6f  75 74 62 6f 75 6e 64 54
61 67 22 3a 20 22 70 72  6f 78 79 22 2c 0a 20 20
20 20 20 20 20 20 20 20  20 20 20 20 20 20 20 20
20 20 22 74 79 70 65 22  3a 20 22 66 69 65 6c 64
22 0a 20 20 20 20 20 20  20 20 20 20 20 20 20 20
20 20 7d 2c 0a 20 20 20  20 20 20 20 20 20 20 20
20 20 20 20 20 7b 0a 20  20 20 20 20 20 20 20 20
20 20 20 20 20 20 20 20  20 20 20 22 69 6e 62 6f
75 6e 64 54 61 67 22 3a  20 5b 0a 20 20 20 20 20
20 20 20 20 20 20 20 20  20 20 20 20 20 20 20 20
20 20 20 22 64 6e 73 22  0a 20 20 20 20 20 20 20
20 20 20 20 20 20 20 20  20 20 20 20 20 5d 2c 0a
20 20 20 20 20 20 20 20  20 20 20 20 20 20 20 20
20 20 20 20 22 6f 75 74  62 6f 75 6e 64 54 61 67
22 3a 20 22 64 69 72 65  63 74 22 2c 0a 20 20 20
20 20 20 20 20 20 20 20  20 20 20 20 20 20 20 20
20 22 74 79 70 65 22 3a  20 22 66 69 65 6c 64 22
0a 20 20 20 20 20 20 20  20 20 20 20 20 20 20 20
20 7d 2c 0a 20 20 20 20  20 20 20 20 20 20 20 20
20 20 20 20 7b 0a 20 20  20 20 20 20 20 20 20 20
20 20 20 20 20 20 20 20  20 20 22 64 6f 6d 61 69
6e 22 3a 20 5b 0a 20 20  20 20 20 20 20 20 20 20
20 20 20 20 20 20 20 20  20 20 20 20 20 20 22 67
65 6f 73 69 74 65 3a 70  72 69 76 61 74 65 22 0a
20 20 20 20 20 20 20 20  20 20 20 20 20 20 20 20
20 20 20 20 5d 2c 0a 20  20 20 20 20 20 20 20 20
20 20 20 20 20 20 20 20  20 20 20 22 6f 75 74 62
6f 75 6e 64 54 61 67 22  3a 20 22 64 69 72 65 63
74 22 2c 0a 20 20 20 20  20 20 20 20 20 20 20 20
20 20 20 20 20 20 20 20  22 74 79 70 65 22 3a 20
22 66 69 65 6c 64 22 0a  20 20 20 20 20 20 20 20
20 20 20 20 20 20 20 20  7d 2c 0a 20 20 20 20 20
20 20 20 20 20 20 20 20  20 20 20 7b 0a 20 20 20
20 20 20 20 20 20 20 20  20 20 20 20 20 20 20 20
20 22 69 70 22 3a 20 5b  0a 20 20 20 20 20 20 20
20 20 20 20 20 20 20 20  20 20 20 20 20 20 20 20
20 22 67 65 6f 69 70 3a  70 72 69 76 61 74 65 22
0a 20 20 20 20 20 20 20  20 20 20 20 20 20 20 20
20 20 20 20 20 5d 2c 0a  20 20 20 20 20 20 20 20
20 20 20 20 20 20 20 20  20 20 20 20 22 6f 75 74
62 6f 75 6e 64 54 61 67  22 3a 20 22 64 69 72 65
63 74 22 2c 0a 20 20 20  20 20 20 20 20 20 20 20
20 20 20 20 20 20 20 20  20 22 74 79 70 65 22 3a
20 22 66 69 65 6c 64 22  0a 20 20 20 20 20 20 20
20 20 20 20 20 20 20 20  20 7d 2c 0a 20 20 20 20
20 20 20 20 20 20 20 20  20 20 20 20 7b 0a 20 20
20 20 20 20 20 20 20 20  20 20 20 20 20 20 20 20
20 20 22 6e 65 74 77 6f  72 6b 22 3a 20 22 75 64
70 22 2c 0a 20 20 20 20  20 20 20 20 20 20 20 20
20 20 20 20 20 20 20 20  22 6f 75 74 62 6f 75 6e
64 54 61 67 22 3a 20 22  62 6c 6f 63 6b 22 2c 0a
20 20 20 20 20 20 20 20  20 20 20 20 20 20 20 20
20 20 20 20 22 74 79 70  65 22 3a 20 22 66 69 65
6c 64 22 0a 20 20 20 20  20 20 20 20 20 20 20 20
20 20 20 20 7d 2c 0a 20  20 20 20 20 20 20 20 20
20 20 20 20 20 20 20 7b  0a 20 20 20 20 20 20 20
20 20 20 20 20 20 20 20  20 20 20 20 20 22 6e 65
74 77 6f 72 6b 22 3a 20  22 74 63 70 22 2c 0a 20
20 20 20 20 20 20 20 20  20 20 20 20 20 20 20 20
20 20 20 22 6f 75 74 62  6f 75 6e 64 54 61 67 22
3a 20 22 70 72 6f 78 79  22 2c 0a 20 20 20 20 20
20 20 20 20 20 20 20 20  20 20 20 20 20 20 20 22
74 79 70 65 22 3a 20 22  66 69 65 6c 64 22 0a 20
20 20 20 20 20 20 20 20  20 20 20 20 20 20 20 7d
0a 20 20 20 20 20 20 20  20 20 20 20 20 5d 0a 20
20 20 20 20 20 20 20 7d  2c 0a 20 20 20 20 20 20
20 20 22 70 6f 6c 69 63  79 22 3a 20 7b 0a 20 20
20 20 20 20 20 20 20 20  20 20 22 6c 65 76 65 6c
73 22 3a 20 7b 0a 20 20  20 20 20 20 20 20 20 20
20 20 20 20 20 20 22 30  22 3a 20 7b 0a 20 20 20
20 20 20 20 20 20 20 20  20 20 20 20 20 20 20 20
20 22 63 6f 6e 6e 49 64  6c 65 22 3a 20 33 30 30
2c 0a 20 20 20 20 20 20  20 20 20 20 20 20 20 20
20 20 20 20 20 20 22 68  61 6e 64 73 68 61 6b 65
22 3a 20 34 2c 0a 20 20  20 20 20 20 20 20 20 20
20 20 20 20 20 20 20 20  20 20 22 75 70 6c 69 6e
6b 4f 6e 6c 79 22 3a 20  31 2c 0a 20 20 20 20 20
20 20 20 20 20 20 20 20  20 20 20 20 20 20 20 22
64 6f 77 6e 6c 69 6e 6b  4f 6e 6c 79 22 3a 20 31
0a 20 20 20 20 20 20 20  20 20 20 20 20 20 20 20
20 7d 0a 20 20 20 20 20  20 20 20 20 20 20 20 7d
2c 0a 20 20 20 20 20 20  20 20 20 20 20 20 22 73
79 73 74 65 6d 22 3a 20  7b 0a 20 20 20 20 20 20
20 20 20 20 20 20 20 20  20 20 22 73 74 61 74 73
4f 75 74 62 6f 75 6e 64  55 70 6c 69 6e 6b 22 3a
20 74 72 75 65 2c 0a 20  20 20 20 20 20 20 20 20
20 20 20 20 20 20 20 22  73 74 61 74 73 4f 75 74
62 6f 75 6e 64 44 6f 77  6e 6c 69 6e 6b 22 3a 20
74 72 75 65 0a 20 20 20  20 20 20 20 20 20 20 20
20 7d 0a 20 20 20 20 20  20 20 20 7d 2c 0a 20 20
20 20 20 20 20 20 22 73  74 61 74 73 22 3a 20 7b
7d 0a 20 20 20 20 7d 2c  0a 20 20 20 20 7b 0a 20
20 20 20 20 20 20 20 22  72 65 6d 61 72 6b 73 22
3a 20 22 f0 9f 92 a6 20  32 20 2d 20 56 4c 45 53
53 20 2d 20 44 6f 6d 61  69 6e 20 3a 20 34 34 33
22 2c 0a 20 20 20 20 20  20 20 20 22 76 65 72 73
69 6f 6e 22 3a 20 7b 0a  20 20 20 20 20 20 20 20
20 20 20 20 22 6d 69 6e  22 3a 20 22 32 35 2e 31
30 2e 31 35 22 0a 20 20  20 20 20 20 20 20 7d 2c
0a 20 20 20 20 20 20 20  20 22 6c 6f 67 22 3a 20
7b 0a 20 20 20 20 20 20  20 20 20 20 20 20 22 6c
6f 67 6c 65 76 65 6c 22  3a 20 22 77 61 72 6e 69
6e 67 22 0a 20 20 20 20  20 20 20 20 7d 2c 0a 20
20 20 20 20 20 20 20 22  64 6e 73 22 3a 20 7b 0a
20 20 20 20 20 20 20 20  20 20 20 20 22 73 65 72
76 65 72 73 22 3a 20 5b  0a 20 20 20 20 20 20 20
20 20 20 20 20 20 20 20  20 7b 0a 20 20 20 20 20
20 20 20 20 20 20 20 20  20 20 20 20 20 20 20 22
61 64 64 72 65 73 73 22  3a 20 22 68 74 74 70 73
3a 2f 2f 38 2e 38 2e 38  2e 38 2f 64 6e 73 2d 71
75 65 72 79 22 2c 0a 20  20 20 20 20 20 20 20 20
20 20 20 20 20 20 20 20  20 20 20 22 74 61 67 22
3a 20 22 72 65 6d 6f 74  65 2d 64 6e 73 22 0a 20
20 20 20 20 20 20 20 20  20 20 20 20 20 20 20 7d
2c 0a 20 20 20 20 20 20  20 20 20 20 20 20 20 20
20 20 7b 0a 20 20 20 20  20 20 20 20 20 20 20 20
20 20 20 20 20 20 20 20  22 61 64 64 72 65 73 73
22 3a 20 22 38 2e 38 2e  38 2e 38 22 2c 0a 20 20
20 20 20 20 20 20 20 20  20 20 20 20 20 20 20 20
20 20 22 64 6f 6d 61 69  6e 73 22 3a 20 5b 0a 20
20 20 20 20 20 20 20 20  20 20 20 20 20 20 20 20
20 20 20 20 20 20 20 22  66 75 6c 6c 3a 77 77 77
2e 73 70 65 65 64 74 65  73 74 2e 6e 65 74 22 0a
20 20 20 20 20 20 20 20  20 20 20 20 20 20 20 20
20 20 20 20 5d 2c 0a 20  20 20 20 20 20 20 20 20
20 20 20 20 20 20 20 20  20 20 20 22 73 6b 69 70
46 61 6c 6c 62 61 63 6b  22 3a 20 74 72 75 65 0a
20 20 20 20 20 20 20 20  20 20 20 20 20 20 20 20
7d 0a 20 20 20 20 20 20  20 20 20 20 20 20 5d 2c
0a 20 20 20 20 20 20 20  20 20 20 20 20 22 71 75
65 72 79 53 74 72 61 74  65 67 79 22 3a 20 22 55
73 65 49 50 22 2c 0a 20  20 20 20 20 20 20 20 20
20 20 20 22 74 61 67 22  3a 20 22 64 6e 73 22 0a
20 20 20 20 20 20 20 20  7d 2c 0a 20 20 20 20 20
20 20 20 22 69 6e 62 6f  75 6e 64 73 22 3a 20 5b
0a 20 20 20 20 20 20 20  20 20 20 20 20 7b 0a 20
20 20 20 20 20 20 20 20  20 20 20 20 20 20 20 22
6c 69 73 74 65 6e 22 3a  20 22 31 32 37 2e 30 2e
30 2e 31 22 2c 0a 20 20  20 20 20 20 20 20 20 20
20 20 20 20 20 20 22 70  6f 72 74 22 3a 20 31 30
38 30 38 2c 0a 20 20 20  20 20 20 20 20 20 20 20
20 20 20 20 20 22 70 72  6f 74 6f 63 6f 6c 22 3a
20 22 73 6f 63 6b 73 22  2c 0a 20 20 20 20 20 20
20 20 20 20 20 20 20 20  20 20 22 73 65 74 74 69
6e 67 73 22 3a 20 7b 0a  20 20 20 20 20 20 20 20
20 20 20 20 20 20 20 20  20 20 20 20 22 61 75 74
68 22 3a 20 22 6e 6f 61  75 74 68 22 2c 0a 20 20
20 20 20 20 20 20 20 20  20 20 20 20 20 20 20 20
20 20 22 75 64 70 22 3a  20 74 72 75 65 0a 20 20
20 20 20 20 20 20 20 20  20 20 20 20 20 20 7d 2c
0a 20 20 20 20 20 20 20  20 20 20 20 20 20 20 20
20 22 73 6e 69 66 66 69  6e 67 22 3a 20 7b 0a 20
20 20 20 20 20 20 20 20  20 20 20 20 20 20 20 20
20 20 20 22 64 65 73 74  4f 76 65 72 72 69 64 65
22 3a 20 5b 0a 20 20 20  20 20 20 20 20 20 20 20
20 20 20 20 20 20 20 20  20 20 20 20 20 22 68 74
74 70 22 2c 0a 20 20 20  20 20 20 20 20 20 20 20
20 20 20 20 20 20 20 20  20 20 20 20 20 22 74 6c
73 22 0a 20 20 20 20 20  20 20 20 20 20 20 20 20
20 20 20 20 20 20 20 5d  2c 0a 20 20 20 20 20 20
20 20 20 20 20 20 20 20  20 20 20 20 20 20 22 65
6e 61 62 6c 65 64 22 3a  20 74 72 75 65 2c 0a 20
20 20 20 20 20 20 20 20  20 20 20 20 20 20 20 20
20 20 20 22 72 6f 75 74  65 4f 6e 6c 79 22 3a 20
74 72 75 65 0a 20 20 20  20 20 20 20 20 20 20 20
20 20 20 20 20 7d 2c 0a  20 20 20 20 20 20 20 20
20 20 20 20 20 20 20 20  22 74 61 67 22 3a 20 22
6d 69 78 65 64 2d 69 6e  22 0a 20 20 20 20 20 20
20 20 20 20 20 20 7d 2c  0a 20 20 20 20 20 20 20
20 20 20 20 20 7b 0a 20  20 20 20 20 20 20 20 20
20 20 20 20 20 20 20 22  6c 69 73 74 65 6e 22 3a
20 22 31 32 37 2e 30 2e  30 2e 31 22 2c 0a 20 20
20 20 20 20 20 20 20 20  20 20 20 20 20 20 22 70
6f 72 74 22 3a 20 31 30  38 35 33 2c 0a 20 20 20
20 20 20 20 20 20 20 20  20 20 20 20 20 22 70 72
6f 74 6f 63 6f 6c 22 3a  20 22 64 6f 6b 6f 64 65
6d 6f 2d 64 6f 6f 72 22  2c 0a 20 20 20 20 20 20
20 20 20 20 20 20 20 20  20 20 22 73 65 74 74 69
6e 67 73 22 3a 20 7b 0a  20 20 20 20 20 20 20 20
20 20 20 20 20 20 20 20  20 20 20 20 22 61 64 64
72 65 73 73 22 3a 20 22  31 2e 31 2e 31 2e 31 22
2c 0a 20 20 20 20 20 20  20 20 20 20 20 20 20 20
20 20 20 20 20 20 22 6e  65 74 77 6f 72 6b 22 3a
20 22 74 63 70 2c 75 64  70 22 2c 0a 20 20 20 20
20 20 20 20 20 20 20 20  20 20 20 20 20 20 20 20
22 70 6f 72 74 22 3a 20  35 33 0a 20 20 20 20 20
20 20 20 20 20 20 20 20  20 20 20 7d 2c 0a 20 20
20 20 20 20 20 20 20 20  20 20 20 20 20 20 22 74
61 67 22 3a 20 22 64 6e  73 2d 69 6e 22 0a 20 20
20 20 20 20 20 20 20 20  20 20 7d 0a 20 20 20 20
20 20 20 20 5d 2c 0a 20  20 20 20 20 20 20 20 22
6f 75 74 62 6f 75 6e 64  73 22 3a 20 5b 0a 20 20
20 20 20 20 20 20 20 20  20 20 7b 0a 20 20 20 20
20 20 20 20 20 20 20 20  20 20 20 20 22 70 72 6f
74 6f 63 6f 6c 22 3a 20  22 76 6c 65 73 73 22 2c
0a 20 20 20 20 20 20 20  20 20 20 20 20 20 20 20
20 22 73 65 74 74 69 6e  67 73 22 3a 20 7b 0a 20
20 20 20 20 20 20 20 20  20 20 20 20 20 20 20 20
20 20 20 22 76 6e 65 78  74 22 3a 20 5b 0a 20 20
20 20 20 20 20 20 20 20  20 20 20 20 20 20 20 20
20 20 20 20 20 20 7b 0a  20 20 20 20 20 20 20 20
20 20 20 20 20 20 20 20  20 20 20 20 20 20 20 20
20 20 20 20 22 61 64 64  72 65 73 73 22 3a 20 22
77 77 77 2e 73 70 65 65  64 74 65 73 74 2e 6e 65
74 22 2c 0a 20 20 20 20  20 20 20 20 20 20 20 20
20 20 20 20 20 20 20 20  20 20 20 20 20 20 20 20
22 70 6f 72 74 22 3a 20  34 34 33 2c 0a 20 20 20
20 20 20 20 20 20 20 20  20 20 20 20 20 20 20 20
20 20 20 20 20 20 20 20  20 22 75 73 65 72 73 22
3a 20 5b 0a 20 20 20 20  20 20 20 20 20 20 20 20
20 20 20 20 20 20 20 20  20 20 20 20 20 20 20 20
20 20 20 20 7b 0a 20 20  20 20 20 20 20 20 20 20
20 20 20 20 20 20 20 20  20 20 20 20 20 20 20 20
20 20 20 20 20 20 20 20  20 20 22 69 64 22 3a 20
22 38 38 38 36 39 38 39  30 2d 37 36 63 32 2d 34
36 62 61 2d 62 36 34 36  2d 34 66 65 62 66 33 35
37 35 35 61 37 22 2c 0a  20 20 20 20 20 20 20 20
20 20 20 20 20 20 20 20  20 20 20 20 20 20 20 20
20 20 20 20 20 20 20 20  20 20 20 20 22 65 6e 63
72 79 70 74 69 6f 6e 22  3a 20 22 6e 6f 6e 65 22
0a 20 20 20 20 20 20 20  20 20 20 20 20 20 20 20
20 20 20 20 20 20 20 20  20 20 20 20 20 20 20 20
20 7d 0a 20 20 20 20 20  20 20 20 20 20 20 20 20
20 20 20 20 20 20 20 20  20 20 20 20 20 20 20 5d
0a 20 20 20 20 20 20 20  20 20 20 20 20 20 20 20
20 20 20 20 20 20 20 20  20 7d 0a 20 20 20 20 20
20 20 20 20 20 20 20 20  20 20 20 20 20 20 20 5d
0a 20 20 20 20 20 20 20  20 20 20 20 20 20 20 20
20 7d 2c 0a 20 20 20 20  20 20 20 20 20 20 20 20
20 20 20 20 22 73 74 72  65 61 6d 53 65 74 74 69
6e 67 73 22 3a 20 7b 0a  20 20 20 20 20 20 20 20
20 20 20 20 20 20 20 20  20 20 20 20 22 6e 65 74
77 6f 72 6b 22 3a 20 22  77 73 22 2c 0a 20 20 20
20 20 20 20 20 20 20 20  20 20 20 20 20 20 20 20
20 22 77 73 53 65 74 74  69 6e 67 73 22 3a 20 7b
0a 20 20 20 20 20 20 20  20 20 20 20 20 20 20 20
20 20 20 20 20 20 20 20  20 22 68 6f 73 74 22 3a
20 22 77 68 75 61 2d 62  70 2e 38 64 79 2e 78 78
2e 6b 67 22 2c 0a 20 20  20 20 20 20 20 20 20 20
20 20 20 20 20 20 20 20  20 20 20 20 20 20 22 70
61 74 68 22 3a 20 22 2f  65 79 4a 71 64 57 35 72
49 6a 6f 69 63 54 52 30  54 48 4e 71 55 33 68 44
62 32 31 5a 57 58 46 74  56 43 49 73 49 6e 42 79
62 33 52 76 59 32 39 73  49 6a 6f 69 64 6d 77 69
4c 43 4a 74 62 32 52 6c  49 6a 6f 69 63 48 4a 6c
5a 6d 6c 34 49 69 77 69  63 47 46 75 5a 57 78 4a
55 48 4d 69 4f 6c 73 69  57 7a 49 32 4d 44 49 36
5a 6d 4d 31 4f 54 70 69  4d 44 6f 32 4e 44 6f 36
58 53 49 73 49 6c 73 79  4e 6a 41 79 4f 6d 5a 6a
4e 54 6b 36 4d 54 45 36  4e 6a 51 36 4f 6c 30 69
4c 43 4a 62 4d 6d 45 77  4d 6a 6f 34 4f 54 67 36
4d 54 51 32 4f 6a 59 30  4f 6a 70 64 49 6c 31 39
3f 65 64 3d 32 35 36 30  22 0a 20 20 20 20 20 20
20 20 20 20 20 20 20 20  20 20 20 20 20 20 7d 2c
0a 20 20 20 20 20 20 20  20 20 20 20 20 20 20 20
20 20 20 20 20 22 73 65  63 75 72 69 74 79 22 3a
20 22 74 6c 73 22 2c 0a  20 20 20 20 20 20 20 20
20 20 20 20 20 20 20 20  20 20 20 20 22 74 6c 73
53 65 74 74 69 6e 67 73  22 3a 20 7b 0a 20 20 20
20 20 20 20 20 20 20 20  20 20 20 20 20 20 20 20
20 20 20 20 20 22 73 65  72 76 65 72 4e 61 6d 65
22 3a 20 22 77 48 75 61  2d 62 50 2e 38 44 59 2e
58 78 2e 6b 47 22 2c 0a  20 20 20 20 20 20 20 20
20 20 20 20 20 20 20 20  20 20 20 20 20 20 20 20
22 66 69 6e 67 65 72 70  72 69 6e 74 22 3a 20 22
63 68 72 6f 6d 65 22 2c  0a 20 20 20 20 20 20 20
20 20 20 20 20 20 20 20  20 20 20 20 20 20 20 20
20 22 61 6c 70 6e 22 3a  20 5b 0a 20 20 20 20 20
20 20 20 20 20 20 20 20  20 20 20 20 20 20 20 20
20 20 20 20 20 20 20 22  68 74 74 70 2f 31 2e 31
22 0a 20 20 20 20 20 20  20 20 20 20 20 20 20 20
20 20 20 20 20 20 20 20  20 20 5d 2c 0a 20 20 20
20 20 20 20 20 20 20 20  20 20 20 20 20 20 20 20
20 20 20 20 20 22 61 6c  6c 6f 77 49 6e 73 65 63
75 72 65 22 3a 20 66 61  6c 73 65 0a 20 20 20 20
20 20 20 20 20 20 20 20  20 20 20 20 20 20 20 20
7d 2c 0a 20 20 20 20 20  20 20 20 20 20 20 20 20
20 20 20 20 20 20 20 22  73 6f 63 6b 6f 70 74 22
3a 20 7b 0a 20 20 20 20  20 20 20 20 20 20 20 20
20 20 20 20 20 20 20 20  20 20 20 20 22 64 6f 6d
61 69 6e 53 74 72 61 74  65 67 79 22 3a 20 22 55
73 65 49 50 22 2c 0a 20  20 20 20 20 20 20 20 20
20 20 20 20 20 20 20 20  20 20 20 20 20 20 20 22
68 61 70 70 79 45 79 65  62 61 6c 6c 73 22 3a 20
7b 0a 20 20 20 20 20 20  20 20 20 20 20 20 20 20
20 20 20 20 20 20 20 20  20 20 20 20 20 20 22 74
72 79 44 65 6c 61 79 4d  73 22 3a 20 32 35 30 2c
0a 20 20 20 20 20 20 20  20 20 20 20 20 20 20 20
20 20 20 20 20 20 20 20  20 20 20 20 20 22 70 72
69 6f 72 69 74 69 7a 65  49 50 76 36 22 3a 20 66
61 6c 73 65 2c 0a 20 20  20 20 20 20 20 20 20 20
20 20 20 20 20 20 20 20  20 20 20 20 20 20 20 20
20 20 22 69 6e 74 65 72  6c 65 61 76 65 22 3a 20
32 2c 0a 20 20 20 20 20  20 20 20 20 20 20 20 20
20 20 20 20 20 20 20 20  20 20 20 20 20 20 20 22
6d 61 78 43 6f 6e 63 75  72 72 65 6e 74 54 72 79
22 3a 20 34 0a 20 20 20  20 20 20 20 20 20 20 20
20 20 20 20 20 20 20 20  20 20 20 20 20 7d 0a 20
20 20 20 20 20 20 20 20  20 20 20 20 20 20 20 20
20 20 20 7d 0a 20 20 20  20 20 20 20 20 20 20 20
20 20 20 20 20 7d 2c 0a  20 20 20 20 20 20 20 20
20 20 20 20 20 20 20 20  22 74 61 67 22 3a 20 22
70 72 6f 78 79 22 0a 20  20 20 20 20 20 20 20 20
20 20 20 7d 2c 0a 20 20  20 20 20 20 20 20 20 20
20 20 7b 0a 20 20 20 20  20 20 20 20 20 20 20 20
20 20 20 20 22 70 72 6f  74 6f 63 6f 6c 22 3a 20
22 64 6e 73 22 2c 0a 20  20 20 20 20 20 20 20 20
20 20 20 20 20 20 20 22  73 65 74 74 69 6e 67 73
22 3a 20 7b 0a 20 20 20  20 20 20 20 20 20 20 20
20 20 20 20 20 20 20 20  20 22 6e 6f 6e 49 50 51
75 65 72 79 22 3a 20 22  72 65 6a 65 63 74 22 0a
20 20 20 20 20 20 20 20  20 20 20 20 20 20 20 20
7d 2c 0a 20 20 20 20 20  20 20 20 20 20 20 20 20
20 20 20 22 74 61 67 22  3a 20 22 64 6e 73 2d 6f
75 74 22 0a 20 20 20 20  20 20 20 20 20 20 20 20
7d 2c 0a 20 20 20 20 20  20 20 20 20 20 20 20 7b
0a 20 20 20 20 20 20 20  20 20 20 20 20 20 20 20
20 22 70 72 6f 74 6f 63  6f 6c 22 3a 20 22 66 72
65 65 64 6f 6d 22 2c 0a  20 20 20 20 20 20 20 20
20 20 20 20 20 20 20 20  22 73 65 74 74 69 6e 67
73 22 3a 20 7b 0a 20 20  20 20 20 20 20 20 20 20
20 20 20 20 20 20 20 20  20 20 22 64 6f 6d 61 69
6e 53 74 72 61 74 65 67  79 22 3a 20 22 55 73 65
49 50 22 0a 20 20 20 20  20 20 20 20 20 20 20 20
20 20 20 20 7d 2c 0a 20  20 20 20 20 20 20 20 20
20 20 20 20 20 20 20 22  74 61 67 22 3a 20 22 64
69 72 65 63 74 22 0a 20  20 20 20 20 20 20 20 20
20 20 20 7d 2c 0a 20 20  20 20 20 20 20 20 20 20
20 20 7b 0a 20 20 20 20  20 20 20 20 20 20 20 20
20 20 20 20 22 70 72 6f  74 6f 63 6f 6c 22 3a 20
22 62 6c 61 63 6b 68 6f  6c 65 22 2c 0a 20 20 20
20 20 20 20 20 20 20 20  20 20 20 20 20 22 73 65
74 74 69 6e 67 73 22 3a  20 7b 0a 20 20 20 20 20
20 20 20 20 20 20 20 20  20 20 20 20 20 20 20 22
72 65 73 70 6f 6e 73 65  22 3a 20 7b 0a 20 20 20
20 20 20 20 20 20 20 20  20 20 20 20 20 20 20 20
20 20 20 20 20 22 74 79  70 65 22 3a 20 22 68 74
74 70 22 0a 20 20 20 20  20 20 20 20 20 20 20 20
20 20 20 20 20 20 20 20  7d 0a 20 20 20 20 20 20
20 20 20 20 20 20 20 20  20 20 7d 2c 0a 20 20 20
20 20 20 20 20 20 20 20  20 20 20 20 20 22 74 61
67 22 3a 20 22 62 6c 6f  63 6b 22 0a 20 20 20 20
20 20 20 20 20 20 20 20  7d 0a 20 20 20 20 20 20
20 20 5d 2c 0a 20 20 20  20 20 20 20 20 22 72 6f
75 74 69 6e 67 22 3a 20  7b 0a 20 20 20 20 20 20
20 20 20 20 20 20 22 64  6f 6d 61 69 6e 53 74 72
61 74 65 67 79 22 3a 20  22 49 50 49 66 4e 6f 6e
4d 61 74 63 68 22 2c 0a  20 20 20 20 20 20 20 20
20 20 20 20 22 72 75 6c  65 73 22 3a 20 5b 0a 20
20 20 20 20 20 20 20 20  20 20 20 20 20 20 20 7b
0a 20 20 20 20 20 20 20  20 20 20 20 20 20 20 20
20 20 20 20 20 22 69 6e  62 6f 75 6e 64 54 61 67
22 3a 20 5b 0a 20 20 20  20 20 20 20 20 20 20 20
20 20 20 20 20 20 20 20  20 20 20 20 20 22 6d 69
78 65 64 2d 69 6e 22 0a  20 20 20 20 20 20 20 20
20 20 20 20 20 20 20 20  20 20 20 20 5d 2c 0a 20
20 20 20 20 20 20 20 20  20 20 20 20 20 20 20 20
20 20 20 22 70 6f 72 74  22 3a 20 35 33 2c 0a 20
20 20 20 20 20 20 20 20  20 20 20 20 20 20 20 20
20 20 20 22 6f 75 74 62  6f 75 6e 64 54 61 67 22
3a 20 22 64 6e 73 2d 6f  75 74 22 2c 0a 20 20 20
20 20 20 20 20 20 20 20  20 20 20 20 20 20 20 20
20 22 74 79 70 65 22 3a  20 22 66 69 65 6c 64 22
0a 20 20 20 20 20 20 20  20 20 20 20 20 20 20 20
20 7d 2c 0a 20 20 20 20  20 20 20 20 20 20 20 20
20 20 20 20 7b 0a 20 20  20 20 20 20 20 20 20 20
20 20 20 20 20 20 20 20  20 20 22 69 6e 62 6f 75
6e 64 54 61 67 22 3a 20  5b 0a 20 20 20 20 20 20
20 20 20 20 20 20 20 20  20 20 20 20 20 20 20 20
20 20 22 64 6e 73 2d 69  6e 22 0a 20 20 20 20 20
20 20 20 20 20 20 20 20  20 20 20 20 20 20 20 5d
2c 0a 20 20 20 20 20 20  20 20 20 20 20 20 20 20
20 20 20 20 20 20 22 6f  75 74 62 6f 75 6e 64 54
61 67 22 3a 20 22 64 6e  73 2d 6f 75 74 22 2c 0a
20 20 20 20 20 20 20 20  20 20 20 20 20 20 20 20
20 20 20 20 22 74 79 70  65 22 3a 20 22 66 69 65
6c 64 22 0a 20 20 20 20  20 20 20 20 20 20 20 20
20 20 20 20 7d 2c 0a 20  20 20 20 20 20 20 20 20
20 20 20 20 20 20 20 7b  0a 20 20 20 20 20 20 20
20 20 20 20 20 20 20 20  20 20 20 20 20 22 69 6e
62 6f 75 6e 64 54 61 67  22 3a 20 5b 0a 20 20 20
20 20 20 20 20 20 20 20  20 20 20 20 20 20 20 20
20 20 20 20 20 22 72 65  6d 6f 74 65 2d 64 6e 73
22 0a 20 20 20 20 20 20  20 20 20 20 20 20 20 20
20 20 20 20 20 20 5d 2c  0a 20 20 20 20 20 20 20
20 20 20 20 20 20 20 20  20 20 20 20 20 22 6f 75
74 62 6f 75 6e 64 54 61  67 22 3a 20 22 70 72 6f
78 79 22 2c 0a 20 20 20  20 20 20 20 20 20 20 20
20 20 20 20 20 20 20 20  20 22 74 79 70 65 22 3a
20 22 66 69 65 6c 64 22  0a 20 20 20 20 20 20 20
20 20 20 20 20 20 20 20  20 7d 2c 0a 20 20 20 20
20 20 20 20 20 20 20 20  20 20 20 20 7b 0a 20 20
20 20 20 20 20 20 20 20  20 20 20 20 20 20 20 20
20 20 22 69 6e 62 6f 75  6e 64 54 61 67 22 3a 20
5b 0a 20 20 20 20 20 20  20 20 20 20 20 20 20 20
20 20 20 20 20 20 20 20  20 20 22 64 6e 73 22 0a
20 20 20 20 20 20 20 20  20 20 20 20 20 20 20 20
20 20 20 20 5d 2c 0a 20  20 20 20 20 20 20 20 20
20 20 20 20 20 20 20 20  20 20 20 22 6f 75 74 62
6f 75 6e 64 54 61 67 22  3a 20 22 64 69 72 65 63
74 22 2c 0a 20 20 20 20  20 20 20 20 20 20 20 20
20 20 20 20 20 20 20 20  22 74 79 70 65 22 3a 20
22 66 69 65 6c 64 22 0a  20 20 20 20 20 20 20 20
20 20 20 20 20 20 20 20  7d 2c 0a 20 20 20 20 20
20 20 20 20 20 20 20 20  20 20 20 7b 0a 20 20 20
20 20 20 20 20 20 20 20  20 20 20 20 20 20 20 20
20 22 64 6f 6d 61 69 6e  22 3a 20 5b 0a 20 20 20
20 20 20 20 20 20 20 20  20 20 20 20 20 20 20 20
20 20 20 20 20 22 67 65  6f 73 69 74 65 3a 70 72
69 76 61 74 65 22 0a 20  20 20 20 20 20 20 20 20
20 20 20 20 20 20 20 20  20 20 20 5d 2c 0a 20 20
20 20 20 20 20 20 20 20  20 20 20 20 20 20 20 20
20 20 22 6f 75 74 62 6f  75 6e 64 54 61 67 22 3a
20 22 64 69 72 65 63 74  22 2c 0a 20 20 20 20 20
20 20 20 20 20 20 20 20  20 20 20 20 20 20 20 22
74 79 70 65 22 3a 20 22  66 69 65 6c 64 22 0a 20
20 20 20 20 20 20 20 20  20 20 20 20 20 20 20 7d
2c 0a 20 20 20 20 20 20  20 20 20 20 20 20 20 20
20 20 7b 0a 20 20 20 20  20 20 20 20 20 20 20 20
20 20 20 20 20 20 20 20  22 69 70 22 3a 20 5b 0a
20 20 20 20 20 20 20 20  20 20 20 20 20 20 20 20
20 20 20 20 20 20 20 20  22 67 65 6f 69 70 3a 70
72 69 76 61 74 65 22 0a  20 20 20 20 20 20 20 20
20 20 20 20 20 20 20 20  20 20 20 20 5d 2c 0a 20
20 20 20 20 20 20 20 20  20 20 20 20 20 20 20 20
20 20 20 22 6f 75 74 62  6f 75 6e 64 54 61 67 22
3a 20 22 64 69 72 65 63  74 22 2c 0a 20 20 20 20
20 20 20 20 20 20 20 20  20 20 20 20 20 20 20 20
22 74 79 70 65 22 3a 20  22 66 69 65 6c 64 22 0a
20 20 20 20 20 20 20 20  20 20 20 20 20 20 20 20
7d 2c 0a 20 20 20 20 20  20 20 20 20 20 20 20 20
20 20 20 7b 0a 20 20 20  20 20 20 20 20 20 20 20
20 20 20 20 20 20 20 20  20 22 6e 65 74 77 6f 72
6b 22 3a 20 22 75 64 70  22 2c 0a 20 20 20 20 20
20 20 20 20 20 20 20 20  20 20 20 20 20 20 20 22
6f 75 74 62 6f 75 6e 64  54 61 67 22 3a 20 22 62
6c 6f 63 6b 22 2c 0a 20  20 20 20 20 20 20 20 20
20 20 20 20 20 20 20 20  20 20 20 22 74 79 70 65
22 3a 20 22 66 69 65 6c  64 22 0a 20 20 20 20 20
20 20 20 20 20 20 20 20  20 20 20 7d 2c 0a 20 20
20 20 20 20 20 20 20 20  20 20 20 20 20 20 7b 0a
20 20 20 20 20 20 20 20  20 20 20 20 20 20 20 20
20 20 20 20 22 6e 65 74  77 6f 72 6b 22 3a 20 22
74 63 70 22 2c 0a 20 20  20 20 20 20 20 20 20 20
20 20 20 20 20 20 20 20  20 20 22 6f 75 74 62 6f
75 6e 64 54 61 67 22 3a  20 22 70 72 6f 78 79 22
2c 0a 20 20 20 20 20 20  20 20 20 20 20 20 20 20
20 20 20 20 20 20 22 74  79 70 65 22 3a 20 22 66
69 65 6c 64 22 0a 20 20  20 20 20 20 20 20 20 20
20 20 20 20 20 20 7d 0a  20 20 20 20 20 20 20 20
20 20 20 20 5d 0a 20 20  20 20 20 20 20 20 7d 2c
0a 20 20 20 20 20 20 20  20 22 70 6f 6c 69 63 79
22 3a 20 7b 0a 20 20 20  20 20 20 20 20 20 20 20
20 22 6c 65 76 65 6c 73  22 3a 20 7b 0a 20 20 20
20 20 20 20 20 20 20 20  20 20 20 20 20 22 30 22
3a 20 7b 0a 20 20 20 20  20 20 20 20 20 20 20 20
20 20 20 20 20 20 20 20  22 63 6f 6e 6e 49 64 6c
65 22 3a 20 33 30 30 2c  0a 20 20 20 20 20 20 20
20 20 20 20 20 20 20 20  20 20 20 20 20 22 68 61
6e 64 73 68 61 6b 65 22  3a 20 34 2c 0a 20 20 20
20 20 20 20 20 20 20 20  20 20 20 20 20 20 20 20
20 22 75 70 6c 69 6e 6b  4f 6e 6c 79 22 3a 20 31
2c 0a 20 20 20 20 20 20  20 20 20 20 20 20 20 20
20 20 20 20 20 20 22 64  6f 77 6e 6c 69 6e 6b 4f
6e 6c 79 22 3a 20 31 0a  20 20 20 20 20 20 20 20
20 20 20 20 20 20 20 20  7d 0a 20 20 20 20 20 20
20 20 20 20 20 20 7d 2c  0a 20 20 20 20 20 20 20
20 20 20 20 20 22 73 79  73 74 65 6d 22 3a 20 7b
0a 20 20 20 20 20 20 20  20 20 20 20 20 20 20 20
20 22 73 74 61 74 73 4f  75 74 62 6f 75 6e 64 55
70 6c 69 6e 6b 22 3a 20  74 72 75 65 2c 0a 20 20
20 20 20 20 20 20 20 20  20 20 20 20 20 20 22 73
74 61 74 73 4f 75 74 62  6f 75 6e 64 44 6f 77 6e
6c 69 6e 6b 22 3a 20 74  72 75 65 0a 20 20 20 20
20 20 20 20 20 20 20 20  7d 0a 20 20 20 20 20 20
20 20 7d 2c 0a 20 20 20  20 20 20 20 20 22 73 74
61 74 73 22 3a 20 7b 7d  0a 20 20 20 20 7d 2c 0a
20 20 20 20 7b 0a 20 20  20 20 20 20 20 20 22 72
65 6d 61 72 6b 73 22 3a  20 22 f0 9f 92 a6 20 33
20 2d 20 56 4c 45 53 53  20 2d 20 49 50 76 34 20
3a 20 34 34 33 22 2c 0a  20 20 20 20 20 20 20 20
22 76 65 72 73 69 6f 6e  22 3a 20 7b 0a 20 20 20
20 20 20 20 20 20 20 20  20 22 6d 69 6e 22 3a 20
22 32 35 2e 31 30 2e 31  35 22 0a 20 20 20 20 20
20 20 20 7d 2c 0a 20 20  20 20 20 20 20 20 22 6c
6f 67 22 3a 20 7b 0a 20  20 20 20 20 20 20 20 20
20 20 20 22 6c 6f 67 6c  65 76 65 6c 22 3a 20 22
77 61 72 6e 69 6e 67 22  0a 20 20 20 20 20 20 20
20 7d 2c 0a 20 20 20 20  20 20 20 20 22 64 6e 73
22 3a 20 7b 0a 20 20 20  20 20 20 20 20 20 20 20
20 22 73 65 72 76 65 72  73 22 3a 20 5b 0a 20 20
20 20 20 20 20 20 20 20  20 20 20 20 20 20 7b 0a
20 20 20 20 20 20 20 20  20 20 20 20 20 20 20 20
20 20 20 20 22 61 64 64  72 65 73 73 22 3a 20 22
68 74 74 70 73 3a 2f 2f  38 2e 38 2e 38 2e 38 2f
64 6e 73 2d 71 75 65 72  79 22 2c 0a 20 20 20 20
20 20 20 20 20 20 20 20  20 20 20 20 20 20 20 20
22 74 61 67 22 3a 20 22  72 65 6d 6f 74 65 2d 64
6e 73 22 0a 20 20 20 20  20 20 20 20 20 20 20 20
20 20 20 20 7d 0a 20 20  20 20 20 20 20 20 20 20
20 20 5d 2c 0a 20 20 20  20 20 20 20 20 20 20 20
20 22 71 75 65 72 79 53  74 72 61 74 65 67 79 22
3a 20 22 55 73 65 49 50  22 2c 0a 20 20 20 20 20
20 20 20 20 20 20 20 22  74 61 67 22 3a 20 22 64
6e 73 22 0a 20 20 20 20  20 20 20 20 7d 2c 0a 20
20 20 20 20 20 20 20 22  69 6e 62 6f 75 6e 64 73
22 3a 20 5b 0a 20 20 20  20 20 20 20 20 20 20 20
20 7b 0a 20 20 20 20 20  20 20 20 20 20 20 20 20
20 20 20 22 6c 69 73 74  65 6e 22 3a 20 22 31 32
37 2e 30 2e 30 2e 31 22  2c 0a 20 20 20 20 20 20
20 20 20 20 20 20 20 20  20 20 22 70 6f 72 74 22
3a 20 31 30 38 30 38 2c  0a 20 20 20 20 20 20 20
20 20 20 20 20 20 20 20  20 22 70 72 6f 74 6f 63
6f 6c 22 3a 20 22 73 6f  63 6b 73 22 2c 0a 20 20
20 20 20 20 20 20 20 20  20 20 20 20 20 20 22 73
65 74 74 69 6e 67 73 22  3a 20 7b 0a 20 20 20 20
20 20 20 20 20 20 20 20  20 20 20 20 20 20 20 20
22 61 75 74 68 22 3a 20  22 6e 6f 61 75 74 68 22
2c 0a 20 20 20 20 20 20  20 20 20 20 20 20 20 20
20 20 20 20 20 20 22 75  64 70 22 3a 20 74 72 75
65 0a 20 20 20 20 20 20  20 20 20 20 20 20 20 20
20 20 7d 2c 0a 20 20 20  20 20 20 20 20 20 20 20
20 20 20 20 20 22 73 6e  69 66 66 69 6e 67 22 3a
20 7b 0a 20 20 20 20 20  20 20 20 20 20 20 20 20
20 20 20 20 20 20 20 22  64 65 73 74 4f 76 65 72
72 69 64 65 22 3a 20 5b  0a 20 20 20 20 20 20 20
20 20 20 20 20 20 20 20  20 20 20 20 20 20 20 20
20 22 68 74 74 70 22 2c  0a 20 20 20 20 20 20 20
20 20 20 20 20 20 20 20  20 20 20 20 20 20 20 20
20 22 74 6c 73 22 0a 20  20 20 20 20 20 20 20 20
20 20 20 20 20 20 20 20  20 20 20 5d 2c 0a 20 20
20 20 20 20 20 20 20 20  20 20 20 20 20 20 20 20
20 20 22 65 6e 61 62 6c  65 64 22 3a 20 74 72 75
65 2c 0a 20 20 20 20 20  20 20 20 20 20 20 20 20
20 20 20 20 20 20 20 22  72 6f 75 74 65 4f 6e 6c
79 22 3a 20 74 72 75 65  0a 20 20 20 20 20 20 20
20 20 20 20 20 20 20 20  20 7d 2c 0a 20 20 20 20
20 20 20 20 20 20 20 20  20 20 20 20 22 74 61 67
22 3a 20 22 6d 69 78 65  64 2d 69 6e 22 0a 20 20
20 20 20 20 20 20 20 20  20 20 7d 2c 0a 20 20 20
20 20 20 20 20 20 20 20  20 7b 0a 20 20 20 20 20
20 20 20 20 20 20 20 20  20 20 20 22 6c 69 73 74
65 6e 22 3a 20 22 31 32  37 2e 30 2e 30 2e 31 22
2c 0a 20 20 20 20 20 20  20 20 20 20 20 20 20 20
20 20 22 70 6f 72 74 22  3a 20 31 30 38 35 33 2c
0a 20 20 20 20 20 20 20  20 20 20 20 20 20 20 20
20 22 70 72 6f 74 6f 63  6f 6c 22 3a 20 22 64 6f
6b 6f 64 65 6d 6f 2d 64  6f 6f 72 22 2c 0a 20 20
20 20 20 20 20 20 20 20  20 20 20 20 20 20 22 73
65 74 74 69 6e 67 73 22  3a 20 7b 0a 20 20 20 20
20 20 20 20 20 20 20 20  20 20 20 20 20 20 20 20
22 61 64 64 72 65 73 73  22 3a 20 22 31 2e 31 2e
31 2e 31 22 2c 0a 20 20  20 20 20 20 20 20 20 20
20 20 20 20 20 20 20 20  20 20 22 6e 65 74 77 6f
72 6b 22 3a 20 22 74 63  70 2c 75 64 70 22 2c 0a
20 20 20 20 20 20 20 20  20 20 20 20 20 20 20 20
20 20 20 20 22 70 6f 72  74 22 3a 20 35 33 0a 20
20 20 20 20 20 20 20 20  20 20 20 20 20 20 20 7d
2c 0a 20 20 20 20 20 20  20 20 20 20 20 20 20 20
20 20 22 74 61 67 22 3a  20 22 64 6e 73 2d 69 6e
22 0a 20 20 20 20 20 20  20 20 20 20 20 20 7d 0a
20 20 20 20 20 20 20 20  5d 2c 0a 20 20 20 20 20
20 20 20 22 6f 75 74 62  6f 75 6e 64 73 22 3a 20
5b 0a 20 20 20 20 20 20  20 20 20 20 20 20 7b 0a
20 20 20 20 20 20 20 20  20 20 20 20 20 20 20 20
22 70 72 6f 74 6f 63 6f  6c 22 3a 20 22 76 6c 65
73 73 22 2c 0a 20 20 20  20 20 20 20 20 20 20 20
20 20 20 20 20 22 73 65  74 74 69 6e 67 73 22 3a
20 7b 0a 20 20 20 20 20  20 20 20 20 20 20 20 20
20 20 20 20 20 20 20 22  76 6e 65 78 74 22 3a 20
5b 0a 20 20 20 20 20 20  20 20 20 20 20 20 20 20
20 20 20 20 20 20 20 20  20 20 7b 0a 20 20 20 20
20 20 20 20 20 20 20 20  20 20 20 20 20 20 20 20
20 20 20 20 20 20 20 20  22 61 64 64 72 65 73 73
22 3a 20 22 31 38 38 2e  31 31 34 2e 39 36 2e 30
22 2c 0a 20 20 20 20 20  20 20 20 20 20 20 20 20
20 20 20 20 20 20 20 20  20 20 20 20 20 20 20 22
70 6f 72 74 22 3a 20 34  34 33 2c 0a 20 20 20 20
20 20 20 20 20 20 20 20  20 20 20 20 20 20 20 20
20 20 20 20 20 20 20 20  22 75 73 65 72 73 22 3a
20 5b 0a 20 20 20 20 20  20 20 20 20 20 20 20 20
20 20 20 20 20 20 20 20  20 20 20 20 20 20 20 20
20 20 20 7b 0a 20 20 20  20 20 20 20 20 20 20 20
20 20 20 20 20 20 20 20  20 20 20 20 20 20 20 20
20 20 20 20 20 20 20 20  20 22 69 64 22 3a 20 22
38 38 38 36 39 38 39 30  2d 37 36 63 32 2d 34 36
62 61 2d 62 36 34 36 2d  34 66 65 62 66 33 35 37
35 35 61 37 22 2c 0a 20  20 20 20 20 20 20 20 20
20 20 20 20 20 20 20 20  20 20 20 20 20 20 20 20
20 20 20 20 20 20 20 20  20 20 20 22 65 6e 63 72
79 70 74 69 6f 6e 22 3a  20 22 6e 6f 6e 65 22 0a
20 20 20 20 20 20 20 20  20 20 20 20 20 20 20 20
20 20 20 20 20 20 20 20  20 20 20 20 20 20 20 20
7d 0a 20 20 20 20 20 20  20 20 20 20 20 20 20 20
20 20 20 20 20 20 20 20  20 20 20 20 20 20 5d 0a
20 20 20 20 20 20 20 20  20 20 20 20 20 20 20 20
20 20 20 20 20 20 20 20  7d 0a 20 20 20 20 20 20
20 20 20 20 20 20 20 20  20 20 20 20 20 20 5d 0a
20 20 20 20 20 20 20 20  20 20 20 20 20 20 20 20
7d 2c 0a 20 20 20 20 20  20 20 20 20 20 20 20 20
20 20 20 22 73 74 72 65  61 6d 53 65 74 74 69 6e
67 73 22 3a 20 7b 0a 20  20 20 20 20 20 20 20 20
20 20 20 20 20 20 20 20  20 20 20 22 6e 65 74 77
6f 72 6b 22 3a 20 22 77  73 22 2c 0a 20 20 20 20
20 20 20 20 20 20 20 20  20 20 20 20 20 20 20 20
22 77 73 53 65 74 74 69  6e 67 73 22 3a 20 7b 0a
20 20 20 20 20 20 20 20  20 20 20 20 20 20 20 20
20 20 20 20 20 20 20 20  22 68 6f 73 74 22 3a 20
22 77 68 75 61 2d 62 70  2e 38 64 79 2e 78 78 2e
6b 67 22 2c 0a 20 20 20  20 20 20 20 20 20 20 20
20 20 20 20 20 20 20 20  20 20 20 20 20 22 70 61
74 68 22 3a 20 22 2f 65  79 4a 71 64 57 35 72 49
6a 6f 69 61 46 4a 43 59  6e 70 59 59 6b 56 45 55
46 68 4b 49 69 77 69 63  48 4a 76 64 47 39 6a 62
32 77 69 4f 69 4a 32 62  43 49 73 49 6d 31 76 5a
47 55 69 4f 69 4a 77 63  6d 56 6d 61 58 67 69 4c
43 4a 77 59 57 35 6c 62  45 6c 51 63 79 49 36 57
79 4a 62 4d 6a 59 77 4d  6a 70 6d 59 7a 55 35 4f
6d 49 77 4f 6a 59 30 4f  6a 70 64 49 69 77 69 57
7a 49 32 4d 44 49 36 5a  6d 4d 31 4f 54 6f 78 4d
54 6f 32 4e 44 6f 36 58  53 49 73 49 6c 73 79 59
54 41 79 4f 6a 67 35 4f  44 6f 78 4e 44 59 36 4e
6a 51 36 4f 6c 30 69 58  58 30 3d 3f 65 64 3d 32
35 36 30 22 0a 20 20 20  20 20 20 20 20 20 20 20
20 20 20 20 20 20 20 20  20 7d 2c 0a 20 20 20 20
20 20 20 20 20 20 20 20  20 20 20 20 20 20 20 20
22 73 65 63 75 72 69 74  79 22 3a 20 22 74 6c 73
22 2c 0a 20 20 20 20 20  20 20 20 20 20 20 20 20
20 20 20 20 20 20 20 22  74 6c 73 53 65 74 74 69
6e 67 73 22 3a 20 7b 0a  20 20 20 20 20 20 20 20
20 20 20 20 20 20 20 20  20 20 20 20 20 20 20 20
22 73 65 72 76 65 72 4e  61 6d 65 22 3a 20 22 57
68 75 61 2d 62 70 2e 38  44 79 2e 78 78 2e 4b 67
22 2c 0a 20 20 20 20 20  20 20 20 20 20 20 20 20
20 20 20 20 20 20 20 20  20 20 20 22 66 69 6e 67
65 72 70 72 69 6e 74 22  3a 20 22 63 68 72 6f 6d
65 22 2c 0a 20 20 20 20  20 20 20 20 20 20 20 20
20 20 20 20 20 20 20 20  20 20 20 20 22 61 6c 70
6e 22 3a 20 5b 0a 20 20  20 20 20 20 20 20 20 20
20 20 20 20 20 20 20 20  20 20 20 20 20 20 20 20
20 20 22 68 74 74 70 2f  31 2e 31 22 0a 20 20 20
20 20 20 20 20 20 20 20  20 20 20 20 20 20 20 20
20 20 20 20 20 5d 2c 0a  20 20 20 20 20 20 20 20
20 20 20 20 20 20 20 20  20 20 20 20 20 20 20 20
22 61 6c 6c 6f 77 49 6e  73 65 63 75 72 65 22 3a
20 66 61 6c 73 65 0a 20  20 20 20 20 20 20 20 20
20 20 20 20 20 20 20 20  20 20 20 7d 2c 0a 20 20
20 20 20 20 20 20 20 20  20 20 20 20 20 20 20 20
20 20 22 73 6f 63 6b 6f  70 74 22 3a 20 7b 0a 20
20 20 20 20 20 20 20 20  20 20 20 20 20 20 20 20
20 20 20 20 20 20 20 22  64 6f 6d 61 69 6e 53 74
72 61 74 65 67 79 22 3a  20 22 55 73 65 49 50 22
2c 0a 20 20 20 20 20 20  20 20 20 20 20 20 20 20
20 20 20 20 20 20 20 20  20 20 22 68 61 70 70 79
45 79 65 62 61 6c 6c 73  22 3a 20 7b 0a 20 20 20
20 20 20 20 20 20 20 20  20 20 20 20 20 20 20 20
20 20 20 20 20 20 20 20  20 22 74 72 79 44 65 6c
61 79 4d 73 22 3a 20 32  35 30 2c 0a 20 20 20 20
20 20 20 20 20 20 20 20  20 20 20 20 20 20 20 20
20 20 20 20 20 20 20 20  22 70 72 69 6f 72 69 74
69 7a 65 49 50 76 36 22  3a 20 66 61 6c 73 65 2c
0a 20 20 20 20 20 20 20  20 20 20 20 20 20 20 20
20 20 20 20 20 20 20 20  20 20 20 20 20 22 69 6e
74 65 72 6c 65 61 76 65  22 3a 20 32 2c 0a 20 20
20 20 20 20 20 20 20 20  20 20 20 20 20 20 20 20
20 20 20 20 20 20 20 20  20 20 22 6d 61 78 43 6f
6e 63 75 72 72 65 6e 74  54 72 79 22 3a 20 34 0a
20 20 20 20 20 20 20 20  20 20 20 20 20 20 20 20
20 20 20 20 20 20 20 20  7d 0a 20 20 20 20 20 20
20 20 20 20 20 20 20 20  20 20 20 20 20 20 7d 0a
20 20 20 20 20 20 20 20  20 20 20 20 20 20 20 20
7d 2c 0a 20 20 20 20 20  20 20 20 20 20 20 20 20
20 20 20 22 74 61 67 22  3a 20 22 70 72 6f 78 79
22 0a 20 20 20 20 20 20  20 20 20 20 20 20 7d 2c
0a 20 20 20 20 20 20 20  20 20 20 20 20 7b 0a 20
20 20 20 20 20 20 20 20  20 20 20 20 20 20 20 22
70 72 6f 74 6f 63 6f 6c  22 3a 20 22 64 6e 73 22
2c 0a 20 20 20 20 20 20  20 20 20 20 20 20 20 20
20 20 22 73 65 74 74 69  6e 67 73 22 3a 20 7b 0a
20 20 20 20 20 20 20 20  20 20 20 20 20 20 20 20
20 20 20 20 22 6e 6f 6e  49 50 51 75 65 72 79 22
3a 20 22 72 65 6a 65 63  74 22 0a 20 20 20 20 20
20 20 20 20 20 20 20 20  20 20 20 7d 2c 0a 20 20
20 20 20 20 20 20 20 20  20 20 20 20 20 20 22 74
61 67 22 3a 20 22 64 6e  73 2d 6f 75 74 22 0a 20
20 20 20 20 20 20 20 20  20 20 20 7d 2c 0a 20 20
20 20 20 20 20 20 20 20  20 20 7b 0a 20 20 20 20
20 20 20 20 20 20 20 20  20 20 20 20 22 70 72 6f
74 6f 63 6f 6c 22 3a 20  22 66 72 65 65 64 6f 6d
22 2c 0a 20 20 20 20 20  20 20 20 20 20 20 20 20
20 20 20 22 73 65 74 74  69 6e 67 73 22 3a 20 7b
0a 20 20 20 20 20 20 20  20 20 20 20 20 20 20 20
20 20 20 20 20 22 64 6f  6d 61 69 6e 53 74 72 61
74 65 67 79 22 3a 20 22  55 73 65 49 50 22 0a 20
20 20 20 20 20 20 20 20  20 20 20 20 20 20 20 7d
2c 0a 20 20 20 20 20 20  20 20 20 20 20 20 20 20
20 20 22 74 61 67 22 3a  20 22 64 69 72 65 63 74
22 0a 20 20 20 20 20 20  20 20 20 20 20 20 7d 2c
0a 20 20 20 20 20 20 20  20 20 20 20 20 7b 0a 20
20 20 20 20 20 20 20 20  20 20 20 20 20 20 20 22
70 72 6f 74 6f 63 6f 6c  22 3a 20 22 62 6c 61 63
6b 68 6f 6c 65 22 2c 0a  20 20 20 20 20 20 20 20
20 20 20 20 20 20 20 20  22 73 65 74 74 69 6e 67
73 22 3a 20 7b 0a 20 20  20 20 20 20 20 20 20 20
20 20 20 20 20 20 20 20  20 20 22 72 65 73 70 6f
6e 73 65 22 3a 20 7b 0a  20 20 20 20 20 20 20 20
20 20 20 20 20 20 20 20  20 20 20 20 20 20 20 20
22 74 79 70 65 22 3a 20  22 68 74 74 70 22 0a 20
20 20 20 20 20 20 20 20  20 20 20 20 20 20 20 20
20 20 20 7d 0a 20 20 20  20 20 20 20 20 20 20 20
20 20 20 20 20 7d 2c 0a  20 20 20 20 20 20 20 20
20 20 20 20 20 20 20 20  22 74 61 67 22 3a 20 22
62 6c 6f 63 6b 22 0a 20  20 20 20 20 20 20 20 20
20 20 20 7d 0a 20 20 20  20 20 20 20 20 5d 2c 0a
20 20 20 20 20 20 20 20  22 72 6f 75 74 69 6e 67
22 3a 20 7b 0a 20 20 20  20 20 20 20 20 20 20 20
20 22 64 6f 6d 61 69 6e  53 74 72 61 74 65 67 79
22 3a 20 22 49 50 49 66  4e 6f 6e 4d 61 74 63 68
22 2c 0a 20 20 20 20 20  20 20 20 20 20 20 20 22
72 75 6c 65 73 22 3a 20  5b 0a 20 20 20 20 20 20
20 20 20 20 20 20 20 20  20 20 7b 0a 20 20 20 20
20 20 20 20 20 20 20 20  20 20 20 20 20 20 20 20
22 69 6e 62 6f 75 6e 64  54 61 67 22 3a 20 5b 0a
20 20 20 20 20 20 20 20  20 20 20 20 20 20 20 20
20 20 20 20 20 20 20 20  22 6d 69 78 65 64 2d 69
6e 22 0a 20 20 20 20 20  20 20 20 20 20 20 20 20
20 20 20 20 20 20 20 5d  2c 0a 20 20 20 20 20 20
20 20 20 20 20 20 20 20  20 20 20 20 20 20 22 70
6f 72 74 22 3a 20 35 33  2c 0a 20 20 20 20 20 20
20 20 20 20 20 20 20 20  20 20 20 20 20 20 22 6f
75 74 62 6f 75 6e 64 54  61 67 22 3a 20 22 64 6e
73 2d 6f 75 74 22 2c 0a  20 20 20 20 20 20 20 20
20 20 20 20 20 20 20 20  20 20 20 20 22 74 79 70
65 22 3a 20 22 66 69 65  6c 64 22 0a 20 20 20 20
20 20 20 20 20 20 20 20  20 20 20 20 7d 2c 0a 20
20 20 20 20 20 20 20 20  20 20 20 20 20 20 20 7b
0a 20 20 20 20 20 20 20  20 20 20 20 20 20 20 20
20 20 20 20 20 22 69 6e  62 6f 75 6e 64 54 61 67
22 3a 20 5b 0a 20 20 20  20 20 20 20 20 20 20 20
20 20 20 20 20 20 20 20  20 20 20 20 20 22 64 6e
73 2d 69 6e 22 0a 20 20  20 20 20 20 20 20 20 20
20 20 20 20 20 20 20 20  20 20 5d 2c 0a 20 20 20
20 20 20 20 20 20 20 20  20 20 20 20 20 20 20 20
20 22 6f 75 74 62 6f 75  6e 64 54 61 67 22 3a 20
22 64 6e 73 2d 6f 75 74  22 2c 0a 20 20 20 20 20
20 20 20 20 20 20 20 20  20 20 20 20 20 20 20 22
74 79 70 65 22 3a 20 22  66 69 65 6c 64 22 0a 20
20 20 20 20 20 20 20 20  20 20 20 20 20 20 20 7d
2c 0a 20 20 20 20 20 20  20 20 20 20 20 20 20 20
20 20 7b 0a 20 20 20 20  20 20 20 20 20 20 20 20
20 20 20 20 20 20 20 20  22 69 6e 62 6f 75 6e 64
54 61 67 22 3a 20 5b 0a  20 20 20 20 20 20 20 20
20 20 20 20 20 20 20 20  20 20 20 20 20 20 20 20
22 72 65 6d 6f 74 65 2d  64 6e 73 22 0a 20 20 20
20 20 20 20 20 20 20 20  20 20 20 20 20 20 20 20
20 5d 2c 0a 20 20 20 20  20 20 20 20 20 20 20 20
20 20 20 20 20 20 20 20  22 6f 75 74 62 6f 75 6e
64 54 61 67 22 3a 20 22  70 72 6f 78 79 22 2c 0a
20 20 20 20 20 20 20 20  20 20 20 20 20 20 20 20
20 20 20 20 22 74 79 70  65 22 3a 20 22 66 69 65
6c 64 22 0a 20 20 20 20  20 20 20 20 20 20 20 20
20 20 20 20 7d 2c 0a 20  20 20 20 20 20 20 20 20
20 20 20 20 20 20 20 7b  0a 20 20 20 20 20 20 20
20 20 20 20 20 20 20 20  20 20 20 20 20 22 69 6e
62 6f 75 6e 64 54 61 67  22 3a 20 5b 0a 20 20 20
20 20 20 20 20 20 20 20  20 20 20 20 20 20 20 20
20 20 20 20 20 22 64 6e  73 22 0a 20 20 20 20 20
20 20 20 20 20 20 20 20  20 20 20 20 20 20 20 5d
2c 0a 20 20 20 20 20 20  20 20 20 20 20 20 20 20
20 20 20 20 20 20 22 6f  75 74 62 6f 75 6e 64 54
61 67 22 3a 20 22 64 69  72 65 63 74 22 2c 0a 20
20 20 20 20 20 20 20 20  20 20 20 20 20 20 20 20
20 20 20 22 74 79 70 65  22 3a 20 22 66 69 65 6c
64 22 0a 20 20 20 20 20  20 20 20 20 20 20 20 20
20 20 20 7d 2c 0a 20 20  20 20 20 20 20 20 20 20
20 20 20 20 20 20 7b 0a  20 20 20 20 20 20 20 20
20 20 20 20 20 20 20 20  20 20 20 20 22 64 6f 6d
61 69 6e 22 3a 20 5b 0a  20 20 20 20 20 20 20 20
20 20 20 20 20 20 20 20  20 20 20 20 20 20 20 20
22 67 65 6f 73 69 74 65  3a 70 72 69 76 61 74 65
22 0a 20 20 20 20 20 20  20 20 20 20 20 20 20 20
20 20 20 20 20 20 5d 2c  0a 20 20 20 20 20 20 20
20 20 20 20 20 20 20 20  20 20 20 20 20 22 6f 75
74 62 6f 75 6e 64 54 61  67 22 3a 20 22 64 69 72
65 63 74 22 2c 0a 20 20  20 20 20 20 20 20 20 20
20 20 20 20 20 20 20 20  20 20 22 74 79 70 65 22
3a 20 22 66 69 65 6c 64  22 0a 20 20 20 20 20 20
20 20 20 20 20 20 20 20  20 20 7d 2c 0a 20 20 20
20 20 20 20 20 20 20 20  20 20 20 20 20 7b 0a 20
20 20 20 20 20 20 20 20  20 20 20 20 20 20 20 20
20 20 20 22 69 70 22 3a  20 5b 0a 20 20 20 20 20
20 20 20 20 20 20 20 20  20 20 20 20 20 20 20 20
20 20 20 22 67 65 6f 69  70 3a 70 72 69 76 61 74
65 22 0a 20 20 20 20 20  20 20 20 20 20 20 20 20
20 20 20 20 20 20 20 5d  2c 0a 20 20 20 20 20 20
20 20 20 20 20 20 20 20  20 20 20 20 20 20 22 6f
75 74 62 6f 75 6e 64 54  61 67 22 3a 20 22 64 69
72 65 63 74 22 2c 0a 20  20 20 20 20 20 20 20 20
20 20 20 20 20 20 20 20  20 20 20 22 74 79 70 65
22 3a 20 22 66 69 65 6c  64 22 0a 20 20 20 20 20
20 20 20 20 20 20 20 20  20 20 20 7d 2c 0a 20 20
20 20 20 20 20 20 20 20  20 20 20 20 20 20 7b 0a
20 20 20 20 20 20 20 20  20 20 20 20 20 20 20 20
20 20 20 20 22 6e 65 74  77 6f 72 6b 22 3a 20 22
75 64 70 22 2c 0a 20 20  20 20 20 20 20 20 20 20
20 20 20 20 20 20 20 20  20 20 22 6f 75 74 62 6f
75 6e 64 54 61 67 22 3a  20 22 62 6c 6f 63 6b 22
2c 0a 20 20 20 20 20 20  20 20 20 20 20 20 20 20
20 20 20 20 20 20 22 74  79 70 65 22 3a 20 22 66
69 65 6c 64 22 0a 20 20  20 20 20 20 20 20 20 20
20 20 20 20 20 20 7d 2c  0a 20 20 20 20 20 20 20
20 20 20 20 20 20 20 20  20 7b 0a 20 20 20 20 20
20 20 20 20 20 20 20 20  20 20 20 20 20 20 20 22
6e 65 74 77 6f 72 6b 22  3a 20 22 74 63 70 22 2c
0a 20 20 20 20 20 20 20  20 20 20 20 20 20 20 20
20 20 20 20 20 22 6f 75  74 62 6f 75 6e 64 54 61
67 22 3a 20 22 70 72 6f  78 79 22 2c 0a 20 20 20
20 20 20 20 20 20 20 20  20 20 20 20 20 20 20 20
20 22 74 79 70 65 22 3a  20 22 66 69 65 6c 64 22
0a 20 20 20 20 20 20 20  20 20 20 20 20 20 20 20
20 7d 0a 20 20 20 20 20  20 20 20 20 20 20 20 5d
0a 20 20 20 20 20 20 20  20 7d 2c 0a 20 20 20 20
20 20 20 20 22 70 6f 6c  69 63 79 22 3a 20 7b 0a
20 20 20 20 20 20 20 20  20 20 20 20 22 6c 65 76
65 6c 73 22 3a 20 7b 0a  20 20 20 20 20 20 20 20
20 20 20 20 20 20 20 20  22 30 22 3a 20 7b 0a 20
20 20 20 20 20 20 20 20  20 20 20 20 20 20 20 20
20 20 20 22 63 6f 6e 6e  49 64 6c 65 22 3a 20 33
30 30 2c 0a 20 20 20 20  20 20 20 20 20 20 20 20
20 20 20 20 20 20 20 20  22 68 61 6e 64 73 68 61
6b 65 22 3a 20 34 2c 0a  20 20 20 20 20 20 20 20
20 20 20 20 20 20 20 20  20 20 20 20 22 75 70 6c
69 6e 6b 4f 6e 6c 79 22  3a 20 31 2c 0a 20 20 20
20 20 20 20 20 20 20 20  20 20 20 20 20 20 20 20
20 22 64 6f 77 6e 6c 69  6e 6b 4f 6e 6c 79 22 3a
20 31 0a 20 20 20 20 20  20 20 20 20 20 20 20 20
20 20 20 7d 0a 20 20 20  20 20 20 20 20 20 20 20
20 7d 2c 0a 20 20 20 20  20 20 20 20 20 20 20 20
22 73 79 73 74 65 6d 22  3a 20 7b 0a 20 20 20 20
20 20 20 20 20 20 20 20  20 20 20 20 22 73 74 61
74 73 4f 75 74 62 6f 75  6e 64 55 70 6c 69 6e 6b
22 3a 20 74 72 75 65 2c  0a 20 20 20 20 20 20 20
20 20 20 20 20 20 20 20  20 22 73 74 61 74 73 4f
75 74 62 6f 75 6e 64 44  6f 77 6e 6c 69 6e 6b 22
3a 20 74 72 75 65 0a 20  20 20 20 20 20 20 20 20
20 20 20 7d 0a 20 20 20  20 20 20 20 20 7d 2c 0a
20 20 20 20 20 20 20 20  22 73 74 61 74 73 22 3a
20 7b 7d 0a 20 20 20 20  7d 2c 0a 20 20 20 20 7b
0a 20 20 20 20 20 20 20  20 22 72 65 6d 61 72 6b
73 22 3a 20 22 f0 9f 92  a6 20 34 20 2d 20 56 4c
45 53 53 20 2d 20 49 50  76 34 20 3a 20 34 34 33
22 2c 0a 20 20 20 20 20  20 20 20 22 76 65 72 73
69 6f 6e 22 3a 20 7b 0a  20 20 20 20 20 20 20 20
20 20 20 20 22 6d 69 6e  22 3a 20 22 32 35 2e 31
30 2e 31 35 22 0a 20 20  20 20 20 20 20 20 7d 2c
0a 20 20 20 20 20 20 20  20 22 6c 6f 67 22 3a 20
7b 0a 20 20 20 20 20 20  20 20 20 20 20 20 22 6c
6f 67 6c 65 76 65 6c 22  3a 20 22 77 61 72 6e 69
6e 67 22 0a 20 20 20 20  20 20 20 20 7d 2c 0a 20
20 20 20 20 20 20 20 22  64 6e 73 22 3a 20 7b 0a
20 20 20 20 20 20 20 20  20 20 20 20 22 73 65 72
76 65 72 73 22 3a 20 5b  0a 20 20 20 20 20 20 20
20 20 20 20 20 20 20 20  20 7b 0a 20 20 20 20 20
20 20 20 20 20 20 20 20  20 20 20 20 20 20 20 22
61 64 64 72 65 73 73 22  3a 20 22 68 74 74 70 73
3a 2f 2f 38 2e 38 2e 38  2e 38 2f 64 6e 73 2d 71
75 65 72 79 22 2c 0a 20  20 20 20 20 20 20 20 20
20 20 20 20 20 20 20 20  20 20 20 22 74 61 67 22
3a 20 22 72 65 6d 6f 74  65 2d 64 6e 73 22 0a 20
20 20 20 20 20 20 20 20  20 20 20 20 20 20 20 7d
0a 20 20 20 20 20 20 20  20 20 20 20 20 5d 2c 0a
20 20 20 20 20 20 20 20  20 20 20 20 22 71 75 65
72 79 53 74 72 61 74 65  67 79 22 3a 20 22 55 73
65 49 50 22 2c 0a 20 20  20 20 20 20 20 20 20 20
20 20 22 74 61 67 22 3a  20 22 64 6e 73 22 0a 20
20 20 20 20 20 20 20 7d  2c 0a 20 20 20 20 20 20
20 20 22 69 6e 62 6f 75  6e 64 73 22 3a 20 5b 0a
20 20 20 20 20 20 20 20  20 20 20 20 7b 0a 20 20
20 20 20 20 20 20 20 20  20 20 20 20 20 20 22 6c
69 73 74 65 6e 22 3a 20  22 31 32 37 2e 30 2e 30
2e 31 22 2c 0a 20 20 20  20 20 20 20 20 20 20 20
20 20 20 20 20 22 70 6f  72 74 22 3a 20 31 30 38
30 38 2c 0a 20 20 20 20  20 20 20 20 20 20 20 20
20 20 20 20 22 70 72 6f  74 6f 63 6f 6c 22 3a 20
22 73 6f 63 6b 73 22 2c  0a 20 20 20 20 20 20 20
20 20 20 20 20 20 20 20  20 22 73 65 74 74 69 6e
67 73 22 3a 20 7b 0a 20  20 20 20 20 20 20 20 20
20 20 20 20 20 20 20 20  20 20 20 22 61 75 74 68
22 3a 20 22 6e 6f 61 75  74 68 22 2c 0a 20 20 20
20 20 20 20 20 20 20 20  20 20 20 20 20 20 20 20
20 22 75 64 70 22 3a 20  74 72 75 65 0a 20 20 20
20 20 20 20 20 20 20 20  20 20 20 20 20 7d 2c 0a
20 20 20 20 20 20 20 20  20 20 20 20 20 20 20 20
22 73 6e 69 66 66 69 6e  67 22 3a 20 7b 0a 20 20
20 20 20 20 20 20 20 20  20 20 20 20 20 20 20 20
20 20 22 64 65 73 74 4f  76 65 72 72 69 64 65 22
3a 20 5b 0a 20 20 20 20  20 20 20 20 20 20 20 20
20 20 20 20 20 20 20 20  20 20 20 20 22 68 74 74
70 22 2c 0a 20 20 20 20  20 20 20 20 20 20 20 20
20 20 20 20 20 20 20 20  20 20 20 20 22 74 6c 73
22 0a 20 20 20 20 20 20  20 20 20 20 20 20 20 20
20 20 20 20 20 20 5d 2c  0a 20 20 20 20 20 20 20
20 20 20 20 20 20 20 20  20 20 20 20 20 22 65 6e
61 62 6c 65 64 22 3a 20  74 72 75 65 2c 0a 20 20
20 20 20 20 20 20 20 20  20 20 20 20 20 20 20 20
20 20 22 72 6f 75 74 65  4f 6e 6c 79 22 3a 20 74
72 75 65 0a 20 20 20 20  20 20 20 20 20 20 20 20
20 20 20 20 7d 2c 0a 20  20 20 20 20 20 20 20 20
20 20 20 20 20 20 20 22  74 61 67 22 3a 20 22 6d
69 78 65 64 2d 69 6e 22  0a 20 20 20 20 20 20 20
20 20 20 20 20 7d 2c 0a  20 20 20 20 20 20 20 20
20 20 20 20 7b 0a 20 20  20 20 20 20 20 20 20 20
20 20 20 20 20 20 22 6c  69 73 74 65 6e 22 3a 20
22 31 32 37 2e 30 2e 30  2e 31 22 2c 0a 20 20 20
20 20 20 20 20 20 20 20  20 20 20 20 20 22 70 6f
72 74 22 3a 20 31 30 38  35 33 2c 0a 20 20 20 20
20 20 20 20 20 20 20 20  20 20 20 20 22 70 72 6f
74 6f 63 6f 6c 22 3a 20  22 64 6f 6b 6f 64 65 6d
6f 2d 64 6f 6f 72 22 2c  0a 20 20 20 20 20 20 20
20 20 20 20 20 20 20 20  20 22 73 65 74 74 69 6e
67 73 22 3a 20 7b 0a 20  20 20 20 20 20 20 20 20
20 20 20 20 20 20 20 20  20 20 20 22 61 64 64 72
65 73 73 22 3a 20 22 31  2e 31 2e 31 2e 31 22 2c
0a 20 20 20 20 20 20 20  20 20 20 20 20 20 20 20
20 20 20 20 20 22 6e 65  74 77 6f 72 6b 22 3a 20
22 74 63 70 2c 75 64 70  22 2c 0a 20 20 20 20 20
20 20 20 20 20 20 20 20  20 20 20 20 20 20 20 22
70 6f 72 74 22 3a 20 35  33 0a 20 20 20 20 20 20
20 20 20 20 20 20 20 20  20 20 7d 2c 0a 20 20 20
20 20 20 20 20 20 20 20  20 20 20 20 20 22 74 61
67 22 3a 20 22 64 6e 73  2d 69 6e 22 0a 20 20 20
20 20 20 20 20 20 20 20  20 7d 0a 20 20 20 20 20
20 20 20 5d 2c 0a 20 20  20 20 20 20 20 20 22 6f
75 74 62 6f 75 6e 64 73  22 3a 20 5b 0a 20 20 20
20 20 20 20 20 20 20 20  20 7b 0a 20 20 20 20 20
20 20 20 20 20 20 20 20  20 20 20 22 70 72 6f 74
6f 63 6f 6c 22 3a 20 22  76 6c 65 73 73 22 2c 0a
20 20 20 20 20 20 20 20  20 20 20 20 20 20 20 20
22 73 65 74 74 69 6e 67  73 22 3a 20 7b 0a 20 20
20 20 20 20 20 20 20 20  20 20 20 20 20 20 20 20
20 20 22 76 6e 65 78 74  22 3a 20 5b 0a 20 20 20
20 20 20 20 20 20 20 20  20 20 20 20 20 20 20 20
20 20 20 20 20 7b 0a 20  20 20 20 20 20 20 20 20
20 20 20 20 20 20 20 20  20 20 20 20 20 20 20 20
20 20 20 22 61 64 64 72  65 73 73 22 3a 20 22 31
38 38 2e 31 31 34 2e 39  37 2e 30 22 2c 0a 20 20
20 20 20 20 20 20 20 20  20 20 20 20 20 20 20 20
20 20 20 20 20 20 20 20  20 20 22 70 6f 72 74 22
3a 20 34 34 33 2c 0a 20  20 20 20 20 20 20 20 20
20 20 20 20 20 20 20 20  20 20 20 20 20 20 20 20
20 20 20 22 75 73 65 72  73 22 3a 20 5b 0a 20 20
20 20 20 20 20 20 20 20  20 20 20 20 20 20 20 20
20 20 20 20 20 20 20 20  20 20 20 20 20 20 7b 0a
20 20 20 20 20 20 20 20  20 20 20 20 20 20 20 20
20 20 20 20 20 20 20 20  20 20 20 20 20 20 20 20
20 20 20 20 22 69 64 22  3a 20 22 38 38 38 36 39
38 39 30 2d 37 36 63 32  2d 34 36 62 61 2d 62 36
34 36 2d 34 66 65 62 66  33 35 37 35 35 61 37 22
2c 0a 20 20 20 20 20 20  20 20 20 20 20 20 20 20
20 20 20 20 20 20 20 20  20 20 20 20 20 20 20 20
20 20 20 20 20 20 22 65  6e 63 72 79 70 74 69 6f
6e 22 3a 20 22 6e 6f 6e  65 22 0a 20 20 20 20 20
20 20 20 20 20 20 20 20  20 20 20 20 20 20 20 20
20 20 20 20 20 20 20 20  20 20 20 7d 0a 20 20 20
20 20 20 20 20 20 20 20  20 20 20 20 20 20 20 20
20 20 20 20 20 20 20 20  20 5d 0a 20 20 20 20 20
20 20 20 20 20 20 20 20  20 20 20 20 20 20 20 20
20 20 20 7d 0a 20 20 20  20 20 20 20 20 20 20 20
20 20 20 20 20 20 20 20  20 5d 0a 20 20 20 20 20
20 20 20 20 20 20 20 20  20 20 20 7d 2c 0a 20 20
20 20 20 20 20 20 20 20  20 20 20 20 20 20 22 73
74 72 65 61 6d 53 65 74  74 69 6e 67 73 22 3a 20
7b 0a 20 20 20 20 20 20  20 20 20 20 20 20 20 20
20 20 20 20 20 20 22 6e  65 74 77 6f 72 6b 22 3a
20 22 77 73 22 2c 0a 20  20 20 20 20 20 20 20 20
20 20 20 20 20 20 20 20  20 20 20 22 77 73 53 65
74 74 69 6e 67 73 22 3a  20 7b 0a 20 20 20 20 20
20 20 20 20 20 20 20 20  20 20 20 20 20 20 20 20
20 20 20 22 68 6f 73 74  22 3a 20 22 77 68 75 61
2d 62 70 2e 38 64 79 2e  78 78 2e 6b 67 22 2c 0a
20 20 20 20 20 20 20 20  20 20 20 20 20 20 20 20
20 20 20 20 20 20 20 20  22 70 61 74 68 22 3a 20
22 2f 65 79 4a 71 64 57  35 72 49 6a 6f 69 4d 55
68 35 4d 6c 41 31 61 55  6c 36 54 43 49 73 49 6e
42 79 62 33 52 76 59 32  39 73 49 6a 6f 69 64 6d
77 69 4c 43 4a 74 62 32  52 6c 49 6a 6f 69 63 48
4a 6c 5a 6d 6c 34 49 69  77 69 63 47 46 75 5a 57
78 4a 55 48 4d 69 4f 6c  73 69 57 7a 49 32 4d 44
49 36 5a 6d 4d 31 4f 54  70 69 4d 44 6f 32 4e 44
6f 36 58 53 49 73 49 6c  73 79 4e 6a 41 79 4f 6d
5a 6a 4e 54 6b 36 4d 54  45 36 4e 6a 51 36 4f 6c
30 69 4c 43 4a 62 4d 6d  45 77 4d 6a 6f 34 4f 54
67 36 4d 54 51 32 4f 6a  59 30 4f 6a 70 64 49 6c
31 39 3f 65 64 3d 32 35  36 30 22 0a 20 20 20 20
20 20 20 20 20 20 20 20  20 20 20 20 20 20 20 20
7d 2c 0a 20 20 20 20 20  20 20 20 20 20 20 20 20
20 20 20 20 20 20 20 22  73 65 63 75 72 69 74 79
22 3a 20 22 74 6c 73 22  2c 0a 20 20 20 20 20 20
20 20 20 20 20 20 20 20  20 20 20 20 20 20 22 74
6c 73 53 65 74 74 69 6e  67 73 22 3a 20 7b 0a 20
20 20 20 20 20 20 20 20  20 20 20 20 20 20 20 20
20 20 20 20 20 20 20 22  73 65 72 76 65 72 4e 61
6d 65 22 3a 20 22 77 68  75 61 2d 62 50 2e 38 64
59 2e 78 78 2e 6b 67 22  2c 0a 20 20 20 20 20 20
20 20 20 20 20 20 20 20  20 20 20 20 20 20 20 20
20 20 22 66 69 6e 67 65  72 70 72 69 6e 74 22 3a
20 22 63 68 72 6f 6d 65  22 2c 0a 20 20 20 20 20
20 20 20 20 20 20 20 20  20 20 20 20 20 20 20 20
20 20 20 22 61 6c 70 6e  22 3a 20 5b 0a 20 20 20
20 20 20 20 20 20 20 20  20 20 20 20 20 20 20 20
20 20 20 20 20 20 20 20  20 22 68 74 74 70 2f 31
2e 31 22 0a 20 20 20 20  20 20 20 20 20 20 20 20
20 20 20 20 20 20 20 20  20 20 20 20 5d 2c 0a 20
20 20 20 20 20 20 20 20  20 20 20 20 20 20 20 20
20 20 20 20 20 20 20 22  61 6c 6c 6f 77 49 6e 73
65 63 75 72 65 22 3a 20  66 61 6c 73 65 0a 20 20
20 20 20 20 20 20 20 20  20 20 20 20 20 20 20 20
20 20 7d 2c 0a 20 20 20  20 20 20 20 20 20 20 20
20 20 20 20 20 20 20 20  20 22 73 6f 63 6b 6f 70
74 22 3a 20 7b 0a 20 20  20 20 20 20 20 20 20 20
20 20 20 20 20 20 20 20  20 20 20 20 20 20 22 64
6f 6d 61 69 6e 53 74 72  61 74 65 67 79 22 3a 20
22 55 73 65 49 50 22 2c  0a 20 20 20 20 20 20 20
20 20 20 20 20 20 20 20  20 20 20 20 20 20 20 20
20 22 68 61 70 70 79 45  79 65 62 61 6c 6c 73 22
3a 20 7b 0a 20 20 20 20  20 20 20 20 20 20 20 20
20 20 20 20 20 20 20 20  20 20 20 20 20 20 20 20
22 74 72 79 44 65 6c 61  79 4d 73 22 3a 20 32 35
30 2c 0a 20 20 20 20 20  20 20 20 20 20 20 20 20
20 20 20 20 20 20 20 20  20 20 20 20 20 20 20 22
70 72 69 6f 72 69 74 69  7a 65 49 50 76 36 22 3a
20 66 61 6c 73 65 2c 0a  20 20 20 20 20 20 20 20
20 20 20 20 20 20 20 20  20 20 20 20 20 20 20 20
20 20 20 20 22 69 6e 74  65 72 6c 65 61 76 65 22
3a 20 32 2c 0a 20 20 20  20 20 20 20 20 20 20 20
20 20 20 20 20 20 20 20  20 20 20 20 20 20 20 20
20 22 6d 61 78 43 6f 6e  63 75 72 72 65 6e 74 54
72 79 22 3a 20 34 0a 20  20 20 20 20 20 20 20 20
20 20 20 20 20 20 20 20  20 20 20 20 20 20 20 7d
0a 20 20 20 20 20 20 20  20 20 20 20 20 20 20 20
20 20 20 20 20 7d 0a 20  20 20 20 20 20 20 20 20
20 20 20 20 20 20 20 7d  2c 0a 20 20 20 20 20 20
20 20 20 20 20 20 20 20  20 20 22 74 61 67 22 3a
20 22 70 72 6f 78 79 22  0a 20 20 20 20 20 20 20
20 20 20 20 20 7d 2c 0a  20 20 20 20 20 20 20 20
20 20 20 20 7b 0a 20 20  20 20 20 20 20 20 20 20
20 20 20 20 20 20 22 70  72 6f 74 6f 63 6f 6c 22
3a 20 22 64 6e 73 22 2c  0a 20 20 20 20 20 20 20
20 20 20 20 20 20 20 20  20 22 73 65 74 74 69 6e
67 73 22 3a 20 7b 0a 20  20 20 20 20 20 20 20 20
20 20 20 20 20 20 20 20  20 20 20 22 6e 6f 6e 49
50 51 75 65 72 79 22 3a  20 22 72 65 6a 65 63 74
22 0a 20 20 20 20 20 20  20 20 20 20 20 20 20 20
20 20 7d 2c 0a 20 20 20  20 20 20 20 20 20 20 20
20 20 20 20 20 22 74 61  67 22 3a 20 22 64 6e 73
2d 6f 75 74 22 0a 20 20  20 20 20 20 20 20 20 20
20 20 7d 2c 0a 20 20 20  20 20 20 20 20 20 20 20
20 7b 0a 20 20 20 20 20  20 20 20 20 20 20 20 20
20 20 20 22 70 72 6f 74  6f 63 6f 6c 22 3a 20 22
66 72 65 65 64 6f 6d 22  2c 0a 20 20 20 20 20 20
20 20 20 20 20 20 20 20  20 20 22 73 65 74 74 69
6e 67 73 22 3a 20 7b 0a  20 20 20 20 20 20 20 20
20 20 20 20 20 20 20 20  20 20 20 20 22 64 6f 6d
61 69 6e 53 74 72 61 74  65 67 79 22 3a 20 22 55
73 65 49 50 22 0a 20 20  20 20 20 20 20 20 20 20
20 20 20 20 20 20 7d 2c  0a 20 20 20 20 20 20 20
20 20 20 20 20 20 20 20  20 22 74 61 67 22 3a 20
22 64 69 72 65 63 74 22  0a 20 20 20 20 20 20 20
20 20 20 20 20 7d 2c 0a  20 20 20 20 20 20 20 20
20 20 20 20 7b 0a 20 20  20 20 20 20 20 20 20 20
20 20 20 20 20 20 22 70  72 6f 74 6f 63 6f 6c 22
3a 20 22 62 6c 61 63 6b  68 6f 6c 65 22 2c 0a 20
20 20 20 20 20 20 20 20  20 20 20 20 20 20 20 22
73 65 74 74 69 6e 67 73  22 3a 20 7b 0a 20 20 20
20 20 20 20 20 20 20 20  20 20 20 20 20 20 20 20
20 22 72 65 73 70 6f 6e  73 65 22 3a 20 7b 0a 20
20 20 20 20 20 20 20 20  20 20 20 20 20 20 20 20
20 20 20 20 20 20 20 22  74 79 70 65 22 3a 20 22
68 74 74 70 22 0a 20 20  20 20 20 20 20 20 20 20
20 20 20 20 20 20 20 20  20 20 7d 0a 20 20 20 20
20 20 20 20 20 20 20 20  20 20 20 20 7d 2c 0a 20
20 20 20 20 20 20 20 20  20 20 20 20 20 20 20 22
74 61 67 22 3a 20 22 62  6c 6f 63 6b 22 0a 20 20
20 20 20 20 20 20 20 20  20 20 7d 0a 20 20 20 20
20 20 20 20 5d 2c 0a 20  20 20 20 20 20 20 20 22
72 6f 75 74 69 6e 67 22  3a 20 7b 0a 20 20 20 20
20 20 20 20 20 20 20 20  22 64 6f 6d 61 69 6e 53
74 72 61 74 65 67 79 22  3a 20 22 49 50 49 66 4e
6f 6e 4d 61 74 63 68 22  2c 0a 20 20 20 20 20 20
20 20 20 20 20 20 22 72  75 6c 65 73 22 3a 20 5b
0a 20 20 20 20 20 20 20  20 20 20 20 20 20 20 20
20 7b 0a 20 20 20 20 20  20 20 20 20 20 20 20 20
20 20 20 20 20 20 20 22  69 6e 62 6f 75 6e 64 54
61 67 22 3a 20 5b 0a 20  20 20 20 20 20 20 20 20
20 20 20 20 20 20 20 20  20 20 20 20 20 20 20 22
6d 69 78 65 64 2d 69 6e  22 0a 20 20 20 20 20 20
20 20 20 20 20 20 20 20  20 20 20 20 20 20 5d 2c
0a 20 20 20 20 20 20 20  20 20 20 20 20 20 20 20
20 20 20 20 20 22 70 6f  72 74 22 3a 20 35 33 2c
0a 20 20 20 20 20 20 20  20 20 20 20 20 20 20 20
20 20 20 20 20 22 6f 75  74 62 6f 75 6e 64 54 61
67 22 3a 20 22 64 6e 73  2d 6f 75 74 22 2c 0a 20
20 20 20 20 20 20 20 20  20 20 20 20 20 20 20 20
20 20 20 22 74 79 70 65  22 3a 20 22 66 69 65 6c
64 22 0a 20 20 20 20 20  20 20 20 20 20 20 20 20
20 20 20 7d 2c 0a 20 20  20 20 20 20 20 20 20 20
20 20 20 20 20 20 7b 0a  20 20 20 20 20 20 20 20
20 20 20 20 20 20 20 20  20 20 20 20 22 69 6e 62
6f 75 6e 64 54 61 67 22  3a 20 5b 0a 20 20 20 20
20 20 20 20 20 20 20 20  20 20 20 20 20 20 20 20
20 20 20 20 22 64 6e 73  2d 69 6e 22 0a 20 20 20
20 20 20 20 20 20 20 20  20 20 20 20 20 20 20 20
20 5d 2c 0a 20 20 20 20  20 20 20 20 20 20 20 20
20 20 20 20 20 20 20 20  22 6f 75 74 62 6f 75 6e
64 54 61 67 22 3a 20 22  64 6e 73 2d 6f 75 74 22
2c 0a 20 20 20 20 20 20  20 20 20 20 20 20 20 20
20 20 20 20 20 20 22 74  79 70 65 22 3a 20 22 66
69 65 6c 64 22 0a 20 20  20 20 20 20 20 20 20 20
20 20 20 20 20 20 7d 2c  0a 20 20 20 20 20 20 20
20 20 20 20 20 20 20 20  20 7b 0a 20 20 20 20 20
20 20 20 20 20 20 20 20  20 20 20 20 20 20 20 22
69 6e 62 6f 75 6e 64 54  61 67 22 3a 20 5b 0a 20
20 20 20 20 20 20 20 20  20 20 20 20 20 20 20 20
20 20 20 20 20 20 20 22  72 65 6d 6f 74 65 2d 64
6e 73 22 0a 20 20 20 20  20 20 20 20 20 20 20 20
20 20 20 20 20 20 20 20  5d 2c 0a 20 20 20 20 20
20 20 20 20 20 20 20 20  20 20 20 20 20 20 20 22
6f 75 74 62 6f 75 6e 64  54 61 67 22 3a 20 22 70
72 6f 78 79 22 2c 0a 20  20 20 20 20 20 20 20 20
20 20 20 20 20 20 20 20  20 20 20 22 74 79 70 65
22 3a 20 22 66 69 65 6c  64 22 0a 20 20 20 20 20
20 20 20 20 20 20 20 20  20 20 20 7d 2c 0a 20 20
20 20 20 20 20 20 20 20  20 20 20 20 20 20 7b 0a
20 20 20 20 20 20 20 20  20 20 20 20 20 20 20 20
20 20 20 20 22 69 6e 62  6f 75 6e 64 54 61 67 22
3a 20 5b 0a 20 20 20 20  20 20 20 20 20 20 20 20
20 20 20 20 20 20 20 20  20 20 20 20 22 64 6e 73
22 0a 20 20 20 20 20 20  20 20 20 20 20 20 20 20
20 20 20 20 20 20 5d 2c  0a 20 20 20 20 20 20 20
20 20 20 20 20 20 20 20  20 20 20 20 20 22 6f 75
74 62 6f 75 6e 64 54 61  67 22 3a 20 22 64 69 72
65 63 74 22 2c 0a 20 20  20 20 20 20 20 20 20 20
20 20 20 20 20 20 20 20  20 20 22 74 79 70 65 22
3a 20 22 66 69 65 6c 64  22 0a 20 20 20 20 20 20
20 20 20 20 20 20 20 20  20 20 7d 2c 0a 20 20 20
20 20 20 20 20 20 20 20  20 20 20 20 20 7b 0a 20
20 20 20 20 20 20 20 20  20 20 20 20 20 20 20 20
20 20 20 22 64 6f 6d 61  69 6e 22 3a 20 5b 0a 20
20 20 20 20 20 20 20 20  20 20 20 20 20 20 20 20
20 20 20 20 20 20 20 22  67 65 6f 73 69 74 65 3a
70 72 69 76 61 74 65 22  0a 20 20 20 20 20 20 20
20 20 20 20 20 20 20 20  20 20 20 20 20 5d 2c 0a
20 20 20 20 20 20 20 20  20 20 20 20 20 20 20 20
20 20 20 20 22 6f 75 74  62 6f 75 6e 64 54 61 67
22 3a 20 22 64 69 72 65  63 74 22 2c 0a 20 20 20
20 20 20 20 20 20 20 20  20 20 20 20 20 20 20 20
20 22 74 79 70 65 22 3a  20 22 66 69 65 6c 64 22
0a 20 20 20 20 20 20 20  20 20 20 20 20 20 20 20
20 7d 2c 0a 20 20 20 20  20 20 20 20 20 20 20 20
20 20 20 20 7b 0a 20 20  20 20 20 20 20 20 20 20
20 20 20 20 20 20 20 20  20 20 22 69 70 22 3a 20
5b 0a 20 20 20 20 20 20  20 20 20 20 20 20 20 20
20 20 20 20 20 20 20 20  20 20 22 67 65 6f 69 70
3a 70 72 69 76 61 74 65  22 0a 20 20 20 20 20 20
20 20 20 20 20 20 20 20  20 20 20 20 20 20 5d 2c
0a 20 20 20 20 20 20 20  20 20 20 20 20 20 20 20
20 20 20 20 20 22 6f 75  74 62 6f 75 6e 64 54 61
67 22 3a 20 22 64 69 72  65 63 74 22 2c 0a 20 20
20 20 20 20 20 20 20 20  20 20 20 20 20 20 20 20
20 20 22 74 79 70 65 22  3a 20 22 66 69 65 6c 64
22 0a 20 20 20 20 20 20  20 20 20 20 20 20 20 20
20 20 7d 2c 0a 20 20 20  20 20 20 20 20 20 20 20
20 20 20 20 20 7b 0a 20  20 20 20 20 20 20 20 20
20 20 20 20 20 20 20 20  20 20 20 22 6e 65 74 77
6f 72 6b 22 3a 20 22 75  64 70 22 2c 0a 20 20 20
20 20 20 20 20 20 20 20  20 20 20 20 20 20 20 20
20 22 6f 75 74 62 6f 75  6e 64 54 61 67 22 3a 20
22 62 6c 6f 63 6b 22 2c  0a 20 20 20 20 20 20 20
20 20 20 20 20 20 20 20  20 20 20 20 20 22 74 79
70 65 22 3a 20 22 66 69  65 6c 64 22 0a 20 20 20
20 20 20 20 20 20 20 20  20 20 20 20 20 7d 2c 0a
20 20 20 20 20 20 20 20  20 20 20 20 20 20 20 20
7b 0a 20 20 20 20 20 20  20 20 20 20 20 20 20 20
20 20 20 20 20 20 22 6e  65 74 77 6f 72 6b 22 3a
20 22 74 63 70 22 2c 0a  20 20 20 20 20 20 20 20
20 20 20 20 20 20 20 20  20 20 20 20 22 6f 75 74
62 6f 75 6e 64 54 61 67  22 3a 20 22 70 72 6f 78
79 22 2c 0a 20 20 20 20  20 20 20 20 20 20 20 20
20 20 20 20 20 20 20 20  22 74 79 70 65 22 3a 20
22 66 69 65 6c 64 22 0a  20 20 20 20 20 20 20 20
20 20 20 20 20 20 20 20  7d 0a 20 20 20 20 20 20
20 20 20 20 20 20 5d 0a  20 20 20 20 20 20 20 20
7d 2c 0a 20 20 20 20 20  20 20 20 22 70 6f 6c 69
63 79 22 3a 20 7b 0a 20  20 20 20 20 20 20 20 20
20 20 20 22 6c 65 76 65  6c 73 22 3a 20 7b 0a 20
20 20 20 20 20 20 20 20  20 20 20 20 20 20 20 22
30 22 3a 20 7b 0a 20 20  20 20 20 20 20 20 20 20
20 20 20 20 20 20 20 20  20 20 22 63 6f 6e 6e 49
64 6c 65 22 3a 20 33 30  30 2c 0a 20 20 20 20 20
20 20 20 20 20 20 20 20  20 20 20 20 20 20 20 22
68 61 6e 64 73 68 61 6b  65 22 3a 20 34 2c 0a 20
20 20 20 20 20 20 20 20  20 20 20 20 20 20 20 20
20 20 20 22 75 70 6c 69  6e 6b 4f 6e 6c 79 22 3a
20 31 2c 0a 20 20 20 20  20 20 20 20 20 20 20 20
20 20 20 20 20 20 20 20  22 64 6f 77 6e 6c 69 6e
6b 4f 6e 6c 79 22 3a 20  31 0a 20 20 20 20 20 20
20 20 20 20 20 20 20 20  20 20 7d 0a 20 20 20 20
20 20 20 20 20 20 20 20  7d 2c 0a 20 20 20 20 20
20 20 20 20 20 20 20 22  73 79 73 74 65 6d 22 3a
20 7b 0a 20 20 20 20 20  20 20 20 20 20 20 20 20
20 20 20 22 73 74 61 74  73 4f 75 74 62 6f 75 6e
64 55 70 6c 69 6e 6b 22  3a 20 74 72 75 65 2c 0a
20 20 20 20 20 20 20 20  20 20 20 20 20 20 20 20
22 73 74 61 74 73 4f 75  74 62 6f 75 6e 64 44 6f
77 6e 6c 69 6e 6b 22 3a  20 74 72 75 65 0a 20 20
20 20 20 20 20 20 20 20  20 20 7d 0a 20 20 20 20
20 20 20 20 7d 2c 0a 20  20 20 20 20 20 20 20 22
73 74 61 74 73 22 3a 20  7b 7d 0a 20 20 20 20 7d
2c 0a 20 20 20 20 7b 0a  20 20 20 20 20 20 20 20
22 72 65 6d 61 72 6b 73  22 3a 20 22 f0 9f 92 a6
20 35 20 2d 20 56 4c 45  53 53 20 2d 20 49 50 76
36 20 3a 20 34 34 33 22  2c 0a 20 20 20 20 20 20
20 20 22 76 65 72 73 69  6f 6e 22 3a 20 7b 0a 20
20 20 20 20 20 20 20 20  20 20 20 22 6d 69 6e 22
3a 20 22 32 35 2e 31 30  2e 31 35 22 0a 20 20 20
20 20 20 20 20 7d 2c 0a  20 20 20 20 20 20 20 20
22 6c 6f 67 22 3a 20 7b  0a 20 20 20 20 20 20 20
20 20 20 20 20 22 6c 6f  67 6c 65 76 65 6c 22 3a
20 22 77 61 72 6e 69 6e  67 22 0a 20 20 20 20 20
20 20 20 7d 2c 0a 20 20  20 20 20 20 20 20 22 64
6e 73 22 3a 20 7b 0a 20  20 20 20 20 20 20 20 20
20 20 20 22 73 65 72 76  65 72 73 22 3a 20 5b 0a
20 20 20 20 20 20 20 20  20 20 20 20 20 20 20 20
7b 0a 20 20 20 20 20 20  20 20 20 20 20 20 20 20
20 20 20 20 20 20 22 61  64 64 72 65 73 73 22 3a
20 22 68 74 74 70 73 3a  2f 2f 38 2e 38 2e 38 2e
38 2f 64 6e 73 2d 71 75  65 72 79 22 2c 0a 20 20
20 20 20 20 20 20 20 20  20 20 20 20 20 20 20 20
20 20 22 74 61 67 22 3a  20 22 72 65 6d 6f 74 65
2d 64 6e 73 22 0a 20 20  20 20 20 20 20 20 20 20
20 20 20 20 20 20 7d 0a  20 20 20 20 20 20 20 20
20 20 20 20 5d 2c 0a 20  20 20 20 20 20 20 20 20
20 20 20 22 71 75 65 72  79 53 74 72 61 74 65 67
79 22 3a 20 22 55 73 65  49 50 22 2c 0a 20 20 20
20 20 20 20 20 20 20 20  20 22 74 61 67 22 3a 20
22 64 6e 73 22 0a 20 20  20 20 20 20 20 20 7d 2c
0a 20 20 20 20 20 20 20  20 22 69 6e 62 6f 75 6e
64 73 22 3a 20 5b 0a 20  20 20 20 20 20 20 20 20
20 20 20 7b 0a 20 20 20  20 20 20 20 20 20 20 20
20 20 20 20 20 22 6c 69  73 74 65 6e 22 3a 20 22
31 32 37 2e 30 2e 30 2e  31 22 2c 0a 20 20 20 20
20 20 20 20 20 20 20 20  20 20 20 20 22 70 6f 72
74 22 3a 20 31 30 38 30  38 2c 0a 20 20 20 20 20
20 20 20 20 20 20 20 20  20 20 20 22 70 72 6f 74
6f 63 6f 6c 22 3a 20 22  73 6f 63 6b 73 22 2c 0a
20 20 20 20 20 20 20 20  20 20 20 20 20 20 20 20
22 73 65 74 74 69 6e 67  73 22 3a 20 7b 0a 20 20
20 20 20 20 20 20 20 20  20 20 20 20 20 20 20 20
20 20 22 61 75 74 68 22  3a 20 22 6e 6f 61 75 74
68 22 2c 0a 20 20 20 20  20 20 20 20 20 20 20 20
20 20 20 20 20 20 20 20  22 75 64 70 22 3a 20 74
72 75 65 0a 20 20 20 20  20 20 20 20 20 20 20 20
20 20 20 20 7d 2c 0a 20  20 20 20 20 20 20 20 20
20 20 20 20 20 20 20 22  73 6e 69 66 66 69 6e 67
22 3a 20 7b 0a 20 20 20  20 20 20 20 20 20 20 20
20 20 20 20 20 20 20 20  20 22 64 65 73 74 4f 76
65 72 72 69 64 65 22 3a  20 5b 0a 20 20 20 20 20
20 20 20 20 20 20 20 20  20 20 20 20 20 20 20 20
20 20 20 22 68 74 74 70  22 2c 0a 20 20 20 20 20
20 20 20 20 20 20 20 20  20 20 20 20 20 20 20 20
20 20 20 22 74 6c 73 22  0a 20 20 20 20 20 20 20
20 20 20 20 20 20 20 20  20 20 20 20 20 5d 2c 0a
20 20 20 20 20 20 20 20  20 20 20 20 20 20 20 20
20 20 20 20 22 65 6e 61  62 6c 65 64 22 3a 20 74
72 75 65 2c 0a 20 20 20  20 20 20 20 20 20 20 20
20 20 20 20 20 20 20 20  20 22 72 6f 75 74 65 4f
6e 6c 79 22 3a 20 74 72  75 65 0a 20 20 20 20 20
20 20 20 20 20 20 20 20  20 20 20 7d 2c 0a 20 20
20 20 20 20 20 20 20 20  20 20 20 20 20 20 22 74
61 67 22 3a 20 22 6d 69  78 65 64 2d 69 6e 22 0a
20 20 20 20 20 20 20 20  20 20 20 20 7d 2c 0a 20
20 20 20 20 20 20 20 20  20 20 20 7b 0a 20 20 20
20 20 20 20 20 20 20 20  20 20 20 20 20 22 6c 69
73 74 65 6e 22 3a 20 22  31 32 37 2e 30 2e 30 2e
31 22 2c 0a 20 20 20 20  20 20 20 20 20 20 20 20
20 20 20 20 22 70 6f 72  74 22 3a 20 31 30 38 35
33 2c 0a 20 20 20 20 20  20 20 20 20 20 20 20 20
20 20 20 22 70 72 6f 74  6f 63 6f 6c 22 3a 20 22
64 6f 6b 6f 64 65 6d 6f  2d 64 6f 6f 72 22 2c 0a
20 20 20 20 20 20 20 20  20 20 20 20 20 20 20 20
22 73 65 74 74 69 6e 67  73 22 3a 20 7b 0a 20 20
20 20 20 20 20 20 20 20  20 20 20 20 20 20 20 20
20 20 22 61 64 64 72 65  73 73 22 3a 20 22 31 2e
31 2e 31 2e 31 22 2c 0a  20 20 20 20 20 20 20 20
20 20 20 20 20 20 20 20  20 20 20 20 22 6e 65 74
77 6f 72 6b 22 3a 20 22  74 63 70 2c 75 64 70 22
2c 0a 20 20 20 20 20 20  20 20 20 20 20 20 20 20
20 20 20 20 20 20 22 70  6f 72 74 22 3a 20 35 33
0a 20 20 20 20 20 20 20  20 20 20 20 20 20 20 20
20 7d 2c 0a 20 20 20 20  20 20 20 20 20 20 20 20
20 20 20 20 22 74 61 67  22 3a 20 22 64 6e 73 2d
69 6e 22 0a 20 20 20 20  20 20 20 20 20 20 20 20
7d 0a 20 20 20 20 20 20  20 20 5d 2c 0a 20 20 20
20 20 20 20 20 22 6f 75  74 62 6f 75 6e 64 73 22
3a 20 5b 0a 20 20 20 20  20 20 20 20 20 20 20 20
7b 0a 20 20 20 20 20 20  20 20 20 20 20 20 20 20
20 20 22 70 72 6f 74 6f  63 6f 6c 22 3a 20 22 76
6c 65 73 73 22 2c 0a 20  20 20 20 20 20 20 20 20
20 20 20 20 20 20 20 22  73 65 74 74 69 6e 67 73
22 3a 20 7b 0a 20 20 20  20 20 20 20 20 20 20 20
20 20 20 20 20 20 20 20  20 22 76 6e 65 78 74 22
3a 20 5b 0a 20 20 20 20  20 20 20 20 20 20 20 20
20 20 20 20 20 20 20 20  20 20 20 20 7b 0a 20 20
20 20 20 20 20 20 20 20  20 20 20 20 20 20 20 20
20 20 20 20 20 20 20 20  20 20 22 61 64 64 72 65
73 73 22 3a 20 22 5b 32  61 30 36 3a 39 38 63 31
3a 33 31 32 30 3a 3a 5d  22 2c 0a 20 20 20 20 20
20 20 20 20 20 20 20 20  20 20 20 20 20 20 20 20
20 20 20 20 20 20 20 22  70 6f 72 74 22 3a 20 34
34 33 2c 0a 20 20 20 20  20 20 20 20 20 20 20 20
20 20 20 20 20 20 20 20  20 20 20 20 20 20 20 20
22 75 73 65 72 73 22 3a  20 5b 0a 20 20 20 20 20
20 20 20 20 20 20 20 20  20 20 20 20 20 20 20 20
20 20 20 20 20 20 20 20  20 20 20 7b 0a 20 20 20
20 20 20 20 20 20 20 20  20 20 20 20 20 20 20 20
20 20 20 20 20 20 20 20  20 20 20 20 20 20 20 20
20 22 69 64 22 3a 20 22  38 38 38 36 39 38 39 30
2d 37 36 63 32 2d 34 36  62 61 2d 62 36 34 36 2d
34 66 65 62 66 33 35 37  35 35 61 37 22 2c 0a 20
20 20 20 20 20 20 20 20  20 20 20 20 20 20 20 20
20 20 20 20 20 20 20 20  20 20 20 20 20 20 20 20
20 20 20 22 65 6e 63 72  79 70 74 69 6f 6e 22 3a
20 22 6e 6f 6e 65 22 0a  20 20 20 20 20 20 20 20
20 20 20 20 20 20 20 20  20 20 20 20 20 20 20 20
20 20 20 20 20 20 20 20  7d 0a 20 20 20 20 20 20
20 20 20 20 20 20 20 20  20 20 20 20 20 20 20 20
20 20 20 20 20 20 5d 0a  20 20 20 20 20 20 20 20
20 20 20 20 20 20 20 20  20 20 20 20 20 20 20 20
7d 0a 20 20 20 20 20 20  20 20 20 20 20 20 20 20
20 20 20 20 20 20 5d 0a  20 20 20 20 20 20 20 20
20 20 20 20 20 20 20 20  7d 2c 0a 20 20 20 20 20
20 20 20 20 20 20 20 20  20 20 20 22 73 74 72 65
61 6d 53 65 74 74 69 6e  67 73 22 3a 20 7b 0a 20
20 20 20 20 20 20 20 20  20 20 20 20 20 20 20 20
20 20 20 22 6e 65 74 77  6f 72 6b 22 3a 20 22 77
73 22 2c 0a 20 20 20 20  20 20 20 20 20 20 20 20
20 20 20 20 20 20 20 20  22 77 73 53 65 74 74 69
6e 67 73 22 3a 20 7b 0a  20 20 20 20 20 20 20 20
20 20 20 20 20 20 20 20  20 20 20 20 20 20 20 20
22 68 6f 73 74 22 3a 20  22 77 68 75 61 2d 62 70
2e 38 64 79 2e 78 78 2e  6b 67 22 2c 0a 20 20 20
20 20 20 20 20 20 20 20  20 20 20 20 20 20 20 20
20 20 20 20 20 22 70 61  74 68 22 3a 20 22 2f 65
79 4a 71 64 57 35 72 49  6a 6f 69 56 6e 49 32 5a
32 4a 53 57 46 64 47 4d  48 4e 59 4f 43 49 73 49
6e 42 79 62 33 52 76 59  32 39 73 49 6a 6f 69 64
6d 77 69 4c 43 4a 74 62  32 52 6c 49 6a 6f 69 63
48 4a 6c 5a 6d 6c 34 49  69 77 69 63 47 46 75 5a
57 78 4a 55 48 4d 69 4f  6c 73 69 57 7a 49 32 4d
44 49 36 5a 6d 4d 31 4f  54 70 69 4d 44 6f 32 4e
44 6f 36 58 53 49 73 49  6c 73 79 4e 6a 41 79 4f
6d 5a 6a 4e 54 6b 36 4d  54 45 36 4e 6a 51 36 4f
6c 30 69 4c 43 4a 62 4d  6d 45 77 4d 6a 6f 34 4f
54 67 36 4d 54 51 32 4f  6a 59 30 4f 6a 70 64 49
6c 31 39 3f 65 64 3d 32  35 36 30 22 0a 20 20 20
20 20 20 20 20 20 20 20  20 20 20 20 20 20 20 20
20 7d 2c 0a 20 20 20 20  20 20 20 20 20 20 20 20
20 20 20 20 20 20 20 20  22 73 65 63 75 72 69 74
79 22 3a 20 22 74 6c 73  22 2c 0a 20 20 20 20 20
20 20 20 20 20 20 20 20  20 20 20 20 20 20 20 22
74 6c 73 53 65 74 74 69  6e 67 73 22 3a 20 7b 0a
20 20 20 20 20 20 20 20  20 20 20 20 20 20 20 20
20 20 20 20 20 20 20 20  22 73 65 72 76 65 72 4e
61 6d 65 22 3a 20 22 57  48 75 41 2d 42 50 2e 38
64 79 2e 58 78 2e 4b 47  22 2c 0a 20 20 20 20 20
20 20 20 20 20 20 20 20  20 20 20 20 20 20 20 20
20 20 20 22 66 69 6e 67  65 72 70 72 69 6e 74 22
3a 20 22 63 68 72 6f 6d  65 22 2c 0a 20 20 20 20
20 20 20 20 20 20 20 20  20 20 20 20 20 20 20 20
20 20 20 20 22 61 6c 70  6e 22 3a 20 5b 0a 20 20
20 20 20 20 20 20 20 20  20 20 20 20 20 20 20 20
20 20 20 20 20 20 20 20  20 20 22 68 74 74 70 2f
31 2e 31 22 0a 20 20 20  20 20 20 20 20 20 20 20
20 20 20 20 20 20 20 20  20 20 20 20 20 5d 2c 0a
20 20 20 20 20 20 20 20  20 20 20 20 20 20 20 20
20 20 20 20 20 20 20 20  22 61 6c 6c 6f 77 49 6e
73 65 63 75 72 65 22 3a  20 66 61 6c 73 65 0a 20
20 20 20 20 20 20 20 20  20 20 20 20 20 20 20 20
20 20 20 7d 2c 0a 20 20  20 20 20 20 20 20 20 20
20 20 20 20 20 20 20 20  20 20 22 73 6f 63 6b 6f
70 74 22 3a 20 7b 0a 20  20 20 20 20 20 20 20 20
20 20 20 20 20 20 20 20  20 20 20 20 20 20 20 22
64 6f 6d 61 69 6e 53 74  72 61 74 65 67 79 22 3a
20 22 55 73 65 49 50 22  2c 0a 20 20 20 20 20 20
20 20 20 20 20 20 20 20  20 20 20 20 20 20 20 20
20 20 22 68 61 70 70 79  45 79 65 62 61 6c 6c 73
22 3a 20 7b 0a 20 20 20  20 20 20 20 20 20 20 20
20 20 20 20 20 20 20 20  20 20 20 20 20 20 20 20
20 22 74 72 79 44 65 6c  61 79 4d 73 22 3a 20 32
35 30 2c 0a 20 20 20 20  20 20 20 20 20 20 20 20
20 20 20 20 20 20 20 20  20 20 20 20 20 20 20 20
22 70 72 69 6f 72 69 74  69 7a 65 49 50 76 36 22
3a 20 66 61 6c 73 65 2c  0a 20 20 20 20 20 20 20
20 20 20 20 20 20 20 20  20 20 20 20 20 20 20 20
20 20 20 20 20 22 69 6e  74 65 72 6c 65 61 76 65
22 3a 20 32 2c 0a 20 20  20 20 20 20 20 20 20 20
20 20 20 20 20 20 20 20  20 20 20 20 20 20 20 20
20 20 22 6d 61 78 43 6f  6e 63 75 72 72 65 6e 74
54 72 79 22 3a 20 34 0a  20 20 20 20 20 20 20 20
20 20 20 20 20 20 20 20  20 20 20 20 20 20 20 20
7d 0a 20 20 20 20 20 20  20 20 20 20 20 20 20 20
20 20 20 20 20 20 7d 0a  20 20 20 20 20 20 20 20
20 20 20 20 20 20 20 20  7d 2c 0a 20 20 20 20 20
20 20 20 20 20 20 20 20  20 20 20 22 74 61 67 22
3a 20 22 70 72 6f 78 79  22 0a 20 20 20 20 20 20
20 20 20 20 20 20 7d 2c  0a 20 20 20 20 20 20 20
20 20 20 20 20 7b 0a 20  20 20 20 20 20 20 20 20
20 20 20 20 20 20 20 22  70 72 6f 74 6f 63 6f 6c
22 3a 20 22 64 6e 73 22  2c 0a 20 20 20 20 20 20
20 20 20 20 20 20 20 20  20 20 22 73 65 74 74 69
6e 67 73 22 3a 20 7b 0a  20 20 20 20 20 20 20 20
20 20 20 20 20 20 20 20  20 20 20 20 22 6e 6f 6e
49 50 51 75 65 72 79 22  3a 20 22 72 65 6a 65 63
74 22 0a 20 20 20 20 20  20 20 20 20 20 20 20 20
20 20 20 7d 2c 0a 20 20  20 20 20 20 20 20 20 20
20 20 20 20 20 20 22 74  61 67 22 3a 20 22 64 6e
73 2d 6f 75 74 22 0a 20  20 20 20 20 20 20 20 20
20 20 20 7d 2c 0a 20 20  20 20 20 20 20 20 20 20
20 20 7b 0a 20 20 20 20  20 20 20 20 20 20 20 20
20 20 20 20 22 70 72 6f  74 6f 63 6f 6c 22 3a 20
22 66 72 65 65 64 6f 6d  22 2c 0a 20 20 20 20 20
20 20 20 20 20 20 20 20  20 20 20 22 73 65 74 74
69 6e 67 73 22 3a 20 7b  0a 20 20 20 20 20 20 20
20 20 20 20 20 20 20 20  20 20 20 20 20 22 64 6f
6d 61 69 6e 53 74 72 61  74 65 67 79 22 3a 20 22
55 73 65 49 50 22 0a 20  20 20 20 20 20 20 20 20
20 20 20 20 20 20 20 7d  2c 0a 20 20 20 20 20 20
20 20 20 20 20 20 20 20  20 20 22 74 61 67 22 3a
20 22 64 69 72 65 63 74  22 0a 20 20 20 20 20 20
20 20 20 20 20 20 7d 2c  0a 20 20 20 20 20 20 20
20 20 20 20 20 7b 0a 20  20 20 20 20 20 20 20 20
20 20 20 20 20 20 20 22  70 72 6f 74 6f 63 6f 6c
22 3a 20 22 62 6c 61 63  6b 68 6f 6c 65 22 2c 0a
20 20 20 20 20 20 20 20  20 20 20 20 20 20 20 20
22 73 65 74 74 69 6e 67  73 22 3a 20 7b 0a 20 20
20 20 20 20 20 20 20 20  20 20 20 20 20 20 20 20
20 20 22 72 65 73 70 6f  6e 73 65 22 3a 20 7b 0a
20 20 20 20 20 20 20 20  20 20 20 20 20 20 20 20
20 20 20 20 20 20 20 20  22 74 79 70 65 22 3a 20
22 68 74 74 70 22 0a 20  20 20 20 20 20 20 20 20
20 20 20 20 20 20 20 20  20 20 20 7d 0a 20 20 20
20 20 20 20 20 20 20 20  20 20 20 20 20 7d 2c 0a
20 20 20 20 20 20 20 20  20 20 20 20 20 20 20 20
22 74 61 67 22 3a 20 22  62 6c 6f 63 6b 22 0a 20
20 20 20 20 20 20 20 20  20 20 20 7d 0a 20 20 20
20 20 20 20 20 5d 2c 0a  20 20 20 20 20 20 20 20
22 72 6f 75 74 69 6e 67  22 3a 20 7b 0a 20 20 20
20 20 20 20 20 20 20 20  20 22 64 6f 6d 61 69 6e
53 74 72 61 74 65 67 79  22 3a 20 22 49 50 49 66
4e 6f 6e 4d 61 74 63 68  22 2c 0a 20 20 20 20 20
20 20 20 20 20 20 20 22  72 75 6c 65 73 22 3a 20
5b 0a 20 20 20 20 20 20  20 20 20 20 20 20 20 20
20 20 7b 0a 20 20 20 20  20 20 20 20 20 20 20 20
20 20 20 20 20 20 20 20  22 69 6e 62 6f 75 6e 64
54 61 67 22 3a 20 5b 0a  20 20 20 20 20 20 20 20
20 20 20 20 20 20 20 20  20 20 20 20 20 20 20 20
22 6d 69 78 65 64 2d 69  6e 22 0a 20 20 20 20 20
20 20 20 20 20 20 20 20  20 20 20 20 20 20 20 5d
2c 0a 20 20 20 20 20 20  20 20 20 20 20 20 20 20
20 20 20 20 20 20 22 70  6f 72 74 22 3a 20 35 33
2c 0a 20 20 20 20 20 20  20 20 20 20 20 20 20 20
20 20 20 20 20 20 22 6f  75 74 62 6f 75 6e 64 54
61 67 22 3a 20 22 64 6e  73 2d 6f 75 74 22 2c 0a
20 20 20 20 20 20 20 20  20 20 20 20 20 20 20 20
20 20 20 20 22 74 79 70  65 22 3a 20 22 66 69 65
6c 64 22 0a 20 20 20 20  20 20 20 20 20 20 20 20
20 20 20 20 7d 2c 0a 20  20 20 20 20 20 20 20 20
20 20 20 20 20 20 20 7b  0a 20 20 20 20 20 20 20
20 20 20 20 20 20 20 20  20 20 20 20 20 22 69 6e
62 6f 75 6e 64 54 61 67  22 3a 20 5b 0a 20 20 20
20 20 20 20 20 20 20 20  20 20 20 20 20 20 20 20
20 20 20 20 20 22 64 6e  73 2d 69 6e 22 0a 20 20
20 20 20 20 20 20 20 20  20 20 20 20 20 20 20 20
20 20 5d 2c 0a 20 20 20  20 20 20 20 20 20 20 20
20 20 20 20 20 20 20 20  20 22 6f 75 74 62 6f 75
6e 64 54 61 67 22 3a 20  22 64 6e 73 2d 6f 75 74
22 2c 0a 20 20 20 20 20  20 20 20 20 20 20 20 20
20 20 20 20 20 20 20 22  74 79 70 65 22 3a 20 22
66 69 65 6c 64 22 0a 20  20 20 20 20 20 20 20 20
20 20 20 20 20 20 20 7d  2c 0a 20 20 20 20 20 20
20 20 20 20 20 20 20 20  20 20 7b 0a 20 20 20 20
20 20 20 20 20 20 20 20  20 20 20 20 20 20 20 20
22 69 6e 62 6f 75 6e 64  54 61 67 22 3a 20 5b 0a
20 20 20 20 20 20 20 20  20 20 20 20 20 20 20 20
20 20 20 20 20 20 20 20  22 72 65 6d 6f 74 65 2d
64 6e 73 22 0a 20 20 20  20 20 20 20 20 20 20 20
20 20 20 20 20 20 20 20  20 5d 2c 0a 20 20 20 20
20 20 20 20 20 20 20 20  20 20 20 20 20 20 20 20
22 6f 75 74 62 6f 75 6e  64 54 61 67 22 3a 20 22
70 72 6f 78 79 22 2c 0a  20 20 20 20 20 20 20 20
20 20 20 20 20 20 20 20  20 20 20 20 22 74 79 70
65 22 3a 20 22 66 69 65  6c 64 22 0a 20 20 20 20
20 20 20 20 20 20 20 20  20 20 20 20 7d 2c 0a 20
20 20 20 20 20 20 20 20  20 20 20 20 20 20 20 7b
0a 20 20 20 20 20 20 20  20 20 20 20 20 20 20 20
20 20 20 20 20 22 69 6e  62 6f 75 6e 64 54 61 67
22 3a 20 5b 0a 20 20 20  20 20 20 20 20 20 20 20
20 20 20 20 20 20 20 20  20 20 20 20 20 22 64 6e
73 22 0a 20 20 20 20 20  20 20 20 20 20 20 20 20
20 20 20 20 20 20 20 5d  2c 0a 20 20 20 20 20 20
20 20 20 20 20 20 20 20  20 20 20 20 20 20 22 6f
75 74 62 6f 75 6e 64 54  61 67 22 3a 20 22 64 69
72 65 63 74 22 2c 0a 20  20 20 20 20 20 20 20 20
20 20 20 20 20 20 20 20  20 20 20 22 74 79 70 65
22 3a 20 22 66 69 65 6c  64 22 0a 20 20 20 20 20
20 20 20 20 20 20 20 20  20 20 20 7d 2c 0a 20 20
20 20 20 20 20 20 20 20  20 20 20 20 20 20 7b 0a
20 20 20 20 20 20 20 20  20 20 20 20 20 20 20 20
20 20 20 20 22 64 6f 6d  61 69 6e 22 3a 20 5b 0a
20 20 20 20 20 20 20 20  20 20 20 20 20 20 20 20
20 20 20 20 20 20 20 20  22 67 65 6f 73 69 74 65
3a 70 72 69 76 61 74 65  22 0a 20 20 20 20 20 20
20 20 20 20 20 20 20 20  20 20 20 20 20 20 5d 2c
0a 20 20 20 20 20 20 20  20 20 20 20 20 20 20 20
20 20 20 20 20 22 6f 75  74 62 6f 75 6e 64 54 61
67 22 3a 20 22 64 69 72  65 63 74 22 2c 0a 20 20
20 20 20 20 20 20 20 20  20 20 20 20 20 20 20 20
20 20 22 74 79 70 65 22  3a 20 22 66 69 65 6c 64
22 0a 20 20 20 20 20 20  20 20 20 20 20 20 20 20
20 20 7d 2c 0a 20 20 20  20 20 20 20 20 20 20 20
20 20 20 20 20 7b 0a 20  20 20 20 20 20 20 20 20
20 20 20 20 20 20 20 20  20 20 20 22 69 70 22 3a
20 5b 0a 20 20 20 20 20  20 20 20 20 20 20 20 20
20 20 20 20 20 20 20 20  20 20 20 22 67 65 6f 69
70 3a 70 72 69 76 61 74  65 22 0a 20 20 20 20 20
20 20 20 20 20 20 20 20  20 20 20 20 20 20 20 5d
2c 0a 20 20 20 20 20 20  20 20 20 20 20 20 20 20
20 20 20 20 20 20 22 6f  75 74 62 6f 75 6e 64 54
61 67 22 3a 20 22 64 69  72 65 63 74 22 2c 0a 20
20 20 20 20 20 20 20 20  20 20 20 20 20 20 20 20
20 20 20 22 74 79 70 65  22 3a 20 22 66 69 65 6c
64 22 0a 20 20 20 20 20  20 20 20 20 20 20 20 20
20 20 20 7d 2c 0a 20 20  20 20 20 20 20 20 20 20
20 20 20 20 20 20 7b 0a  20 20 20 20 20 20 20 20
20 20 20 20 20 20 20 20  20 20 20 20 22 6e 65 74
77 6f 72 6b 22 3a 20 22  75 64 70 22 2c 0a 20 20
20 20 20 20 20 20 20 20  20 20 20 20 20 20 20 20
20 20 22 6f 75 74 62 6f  75 6e 64 54 61 67 22 3a
20 22 62 6c 6f 63 6b 22  2c 0a 20 20 20 20 20 20
20 20 20 20 20 20 20 20  20 20 20 20 20 20 22 74
79 70 65 22 3a 20 22 66  69 65 6c 64 22 0a 20 20
20 20 20 20 20 20 20 20  20 20 20 20 20 20 7d 2c
0a 20 20 20 20 20 20 20  20 20 20 20 20 20 20 20
20 7b 0a 20 20 20 20 20  20 20 20 20 20 20 20 20
20 20 20 20 20 20 20 22  6e 65 74 77 6f 72 6b 22
3a 20 22 74 63 70 22 2c  0a 20 20 20 20 20 20 20
20 20 20 20 20 20 20 20  20 20 20 20 20 22 6f 75
74 62 6f 75 6e 64 54 61  67 22 3a 20 22 70 72 6f
78 79 22 2c 0a 20 20 20  20 20 20 20 20 20 20 20
20 20 20 20 20 20 20 20  20 22 74 79 70 65 22 3a
20 22 66 69 65 6c 64 22  0a 20 20 20 20 20 20 20
20 20 20 20 20 20 20 20  20 7d 0a 20 20 20 20 20
20 20 20 20 20 20 20 5d  0a 20 20 20 20 20 20 20
20 7d 2c 0a 20 20 20 20  20 20 20 20 22 70 6f 6c
69 63 79 22 3a 20 7b 0a  20 20 20 20 20 20 20 20
20 20 20 20 22 6c 65 76  65 6c 73 22 3a 20 7b 0a
20 20 20 20 20 20 20 20  20 20 20 20 20 20 20 20
22 30 22 3a 20 7b 0a 20  20 20 20 20 20 20 20 20
20 20 20 20 20 20 20 20  20 20 20 22 63 6f 6e 6e
49 64 6c 65 22 3a 20 33  30 30 2c 0a 20 20 20 20
20 20 20 20 20 20 20 20  20 20 20 20 20 20 20 20
22 68 61 6e 64 73 68 61  6b 65 22 3a 20 34 2c 0a
20 20 20 20 20 20 20 20  20 20 20 20 20 20 20 20
20 20 20 20 22 75 70 6c  69 6e 6b 4f 6e 6c 79 22
3a 20 31 2c 0a 20 20 20  20 20 20 20 20 20 20 20
20 20 20 20 20 20 20 20  20 22 64 6f 77 6e 6c 69
6e 6b 4f 6e 6c 79 22 3a  20 31 0a 20 20 20 20 20
20 20 20 20 20 20 20 20  20 20 20 7d 0a 20 20 20
20 20 20 20 20 20 20 20  20 7d 2c 0a 20 20 20 20
20 20 20 20 20 20 20 20  22 73 79 73 74 65 6d 22
3a 20 7b 0a 20 20 20 20  20 20 20 20 20 20 20 20
20 20 20 20 22 73 74 61  74 73 4f 75 74 62 6f 75
6e 64 55 70 6c 69 6e 6b  22 3a 20 74 72 75 65 2c
0a 20 20 20 20 20 20 20  20 20 20 20 20 20 20 20
20 22 73 74 61 74 73 4f  75 74 62 6f 75 6e 64 44
6f 77 6e 6c 69 6e 6b 22  3a 20 74 72 75 65 0a 20
20 20 20 20 20 20 20 20  20 20 20 7d 0a 20 20 20
20 20 20 20 20 7d 2c 0a  20 20 20 20 20 20 20 20
22 73 74 61 74 73 22 3a  20 7b 7d 0a 20 20 20 20
7d 2c 0a 20 20 20 20 7b  0a 20 20 20 20 20 20 20
20 22 72 65 6d 61 72 6b  73 22 3a 20 22 f0 9f 92
a6 20 36 20 2d 20 56 4c  45 53 53 20 2d 20 49 50
76 36 20 3a 20 34 34 33  22 2c 0a 20 20 20 20 20
20 20 20 22 76 65 72 73  69 6f 6e 22 3a 20 7b 0a
20 20 20 20 20 20 20 20  20 20 20 20 22 6d 69 6e
22 3a 20 22 32 35 2e 31  30 2e 31 35 22 0a 20 20
20 20 20 20 20 20 7d 2c  0a 20 20 20 20 20 20 20
20 22 6c 6f 67 22 3a 20  7b 0a 20 20 20 20 20 20
20 20 20 20 20 20 22 6c  6f 67 6c 65 76 65 6c 22
3a 20 22 77 61 72 6e 69  6e 67 22 0a 20 20 20 20
20 20 20 20 7d 2c 0a 20  20 20 20 20 20 20 20 22
64 6e 73 22 3a 20 7b 0a  20 20 20 20 20 20 20 20
20 20 20 20 22 73 65 72  76 65 72 73 22 3a 20 5b
0a 20 20 20 20 20 20 20  20 20 20 20 20 20 20 20
20 7b 0a 20 20 20 20 20  20 20 20 20 20 20 20 20
20 20 20 20 20 20 20 22  61 64 64 72 65 73 73 22
3a 20 22 68 74 74 70 73  3a 2f 2f 38 2e 38 2e 38
2e 38 2f 64 6e 73 2d 71  75 65 72 79 22 2c 0a 20
20 20 20 20 20 20 20 20  20 20 20 20 20 20 20 20
20 20 20 22 74 61 67 22  3a 20 22 72 65 6d 6f 74
65 2d 64 6e 73 22 0a 20  20 20 20 20 20 20 20 20
20 20 20 20 20 20 20 7d  0a 20 20 20 20 20 20 20
20 20 20 20 20 5d 2c 0a  20 20 20 20 20 20 20 20
20 20 20 20 22 71 75 65  72 79 53 74 72 61 74 65
67 79 22 3a 20 22 55 73  65 49 50 22 2c 0a 20 20
20 20 20 20 20 20 20 20  20 20 22 74 61 67 22 3a
20 22 64 6e 73 22 0a 20  20 20 20 20 20 20 20 7d
2c 0a 20 20 20 20 20 20  20 20 22 69 6e 62 6f 75
6e 64 73 22 3a 20 5b 0a  20 20 20 20 20 20 20 20
20 20 20 20 7b 0a 20 20  20 20 20 20 20 20 20 20
20 20 20 20 20 20 22 6c  69 73 74 65 6e 22 3a 20
22 31 32 37 2e 30 2e 30  2e 31 22 2c 0a 20 20 20
20 20 20 20 20 20 20 20  20 20 20 20 20 22 70 6f
72 74 22 3a 20 31 30 38  30 38 2c 0a 20 20 20 20
20 20 20 20 20 20 20 20  20 20 20 20 22 70 72 6f
74 6f 63 6f 6c 22 3a 20  22 73 6f 63 6b 73 22 2c
0a 20 20 20 20 20 20 20  20 20 20 20 20 20 20 20
20 22 73 65 74 74 69 6e  67 73 22 3a 20 7b 0a 20
20 20 20 20 20 20 20 20  20 20 20 20 20 20 20 20
20 20 20 22 61 75 74 68  22 3a 20 22 6e 6f 61 75
74 68 22 2c 0a 20 20 20  20 20 20 20 20 20 20 20
20 20 20 20 20 20 20 20  20 22 75 64 70 22 3a 20
74 72 75 65 0a 20 20 20  20 20 20 20 20 20 20 20
20 20 20 20 20 7d 2c 0a  20 20 20 20 20 20 20 20
20 20 20 20 20 20 20 20  22 73 6e 69 66 66 69 6e
67 22 3a 20 7b 0a 20 20  20 20 20 20 20 20 20 20
20 20 20 20 20 20 20 20  20 20 22 64 65 73 74 4f
76 65 72 72 69 64 65 22  3a 20 5b 0a 20 20 20 20
20 20 20 20 20 20 20 20  20 20 20 20 20 20 20 20
20 20 20 20 22 68 74 74  70 22 2c 0a 20 20 20 20
20 20 20 20 20 20 20 20  20 20 20 20 20 20 20 20
20 20 20 20 22 74 6c 73  22 0a 20 20 20 20 20 20
20 20 20 20 20 20 20 20  20 20 20 20 20 20 5d 2c
0a 20 20 20 20 20 20 20  20 20 20 20 20 20 20 20
20 20 20 20 20 22 65 6e  61 62 6c 65 64 22 3a 20
74 72 75 65 2c 0a 20 20  20 20 20 20 20 20 20 20
20 20 20 20 20 20 20 20  20 20 22 72 6f 75 74 65
4f 6e 6c 79 22 3a 20 74  72 75 65 0a 20 20 20 20
20 20 20 20 20 20 20 20  20 20 20 20 7d 2c 0a 20
20 20 20 20 20 20 20 20  20 20 20 20 20 20 20 22
74 61 67 22 3a 20 22 6d  69 78 65 64 2d 69 6e 22
0a 20 20 20 20 20 20 20  20 20 20 20 20 7d 2c 0a
20 20 20 20 20 20 20 20  20 20 20 20 7b 0a 20 20
20 20 20 20 20 20 20 20  20 20 20 20 20 20 22 6c
69 73 74 65 6e 22 3a 20  22 31 32 37 2e 30 2e 30
2e 31 22 2c 0a 20 20 20  20 20 20 20 20 20 20 20
20 20 20 20 20 22 70 6f  72 74 22 3a 20 31 30 38
35 33 2c 0a 20 20 20 20  20 20 20 20 20 20 20 20
20 20 20 20 22 70 72 6f  74 6f 63 6f 6c 22 3a 20
22 64 6f 6b 6f 64 65 6d  6f 2d 64 6f 6f 72 22 2c
0a 20 20 20 20 20 20 20  20 20 20 20 20 20 20 20
20 22 73 65 74 74 69 6e  67 73 22 3a 20 7b 0a 20
20 20 20 20 20 20 20 20  20 20 20 20 20 20 20 20
20 20 20 22 61 64 64 72  65 73 73 22 3a 20 22 31
2e 31 2e 31 2e 31 22 2c  0a 20 20 20 20 20 20 20
20 20 20 20 20 20 20 20  20 20 20 20 20 22 6e 65
74 77 6f 72 6b 22 3a 20  22 74 63 70 2c 75 64 70
22 2c 0a 20 20 20 20 20  20 20 20 20 20 20 20 20
20 20 20 20 20 20 20 22  70 6f 72 74 22 3a 20 35
33 0a 20 20 20 20 20 20  20 20 20 20 20 20 20 20
20 20 7d 2c 0a 20 20 20  20 20 20 20 20 20 20 20
20 20 20 20 20 22 74 61  67 22 3a 20 22 64 6e 73
2d 69 6e 22 0a 20 20 20  20 20 20 20 20 20 20 20
20 7d 0a 20 20 20 20 20  20 20 20 5d 2c 0a 20 20
20 20 20 20 20 20 22 6f  75 74 62 6f 75 6e 64 73
22 3a 20 5b 0a 20 20 20  20 20 20 20 20 20 20 20
20 7b 0a 20 20 20 20 20  20 20 20 20 20 20 20 20
20 20 20 22 70 72 6f 74  6f 63 6f 6c 22 3a 20 22
76 6c 65 73 73 22 2c 0a  20 20 20 20 20 20 20 20
20 20 20 20 20 20 20 20  22 73 65 74 74 69 6e 67
73 22 3a 20 7b 0a 20 20  20 20 20 20 20 20 20 20
20 20 20 20 20 20 20 20  20 20 22 76 6e 65 78 74
22 3a 20 5b 0a 20 20 20  20 20 20 20 20 20 20 20
20 20 20 20 20 20 20 20  20 20 20 20 20 7b 0a 20
20 20 20 20 20 20 20 20  20 20 20 20 20 20 20 20
20 20 20 20 20 20 20 20  20 20 20 22 61 64 64 72
65 73 73 22 3a 20 22 5b  32 61 30 36 3a 39 38 63
31 3a 33 31 32 31 3a 3a  5d 22 2c 0a 20 20 20 20
20 20 20 20 20 20 20 20  20 20 20 20 20 20 20 20
20 20 20 20 20 20 20 20  22 70 6f 72 74 22 3a 20
34 34 33 2c 0a 20 20 20  20 20 20 20 20 20 20 20
20 20 20 20 20 20 20 20  20 20 20 20 20 20 20 20
20 22 75 73 65 72 73 22  3a 20 5b 0a 20 20 20 20
20 20 20 20 20 20 20 20  20 20 20 20 20 20 20 20
20 20 20 20 20 20 20 20  20 20 20 20 7b 0a 20 20
20 20 20 20 20 20 20 20  20 20 20 20 20 20 20 20
20 20 20 20 20 20 20 20  20 20 20 20 20 20 20 20
20 20 22 69 64 22 3a 20  22 38 38 38 36 39 38 39
30 2d 37 36 63 32 2d 34  36 62 61 2d 62 36 34 36
2d 34 66 65 62 66 33 35  37 35 35 61 37 22 2c 0a
20 20 20 20 20 20 20 20  20 20 20 20 20 20 20 20
20 20 20 20 20 20 20 20  20 20 20 20 20 20 20 20
20 20 20 20 22 65 6e 63  72 79 70 74 69 6f 6e 22
3a 20 22 6e 6f 6e 65 22  0a 20 20 20 20 20 20 20
20 20 20 20 20 20 20 20  20 20 20 20 20 20 20 20
20 20 20 20 20 20 20 20  20 7d 0a 20 20 20 20 20
20 20 20 20 20 20 20 20  20 20 20 20 20 20 20 20
20 20 20 20 20 20 20 5d  0a 20 20 20 20 20 20 20
20 20 20 20 20 20 20 20  20 20 20 20 20 20 20 20
20 7d 0a 20 20 20 20 20  20 20 20 20 20 20 20 20
20 20 20 20 20 20 20 5d  0a 20 20 20 20 20 20 20
20 20 20 20 20 20 20 20  20 7d 2c 0a 20 20 20 20
20 20 20 20 20 20 20 20  20 20 20 20 22 73 74 72
65 61 6d 53 65 74 74 69  6e 67 73 22 3a 20 7b 0a
20 20 20 20 20 20 20 20  20 20 20 20 20 20 20 20
20 20 20 20 22 6e 65 74  77 6f 72 6b 22 3a 20 22
77 73 22 2c 0a 20 20 20  20 20 20 20 20 20 20 20
20 20 20 20 20 20 20 20  20 22 77 73 53 65 74 74
69 6e 67 73 22 3a 20 7b  0a 20 20 20 20 20 20 20
20 20 20 20 20 20 20 20  20 20 20 20 20 20 20 20
20 22 68 6f 73 74 22 3a  20 22 77 68 75 61 2d 62
70 2e 38 64 79 2e 78 78  2e 6b 67 22 2c 0a 20 20
20 20 20 20 20 20 20 20  20 20 20 20 20 20 20 20
20 20 20 20 20 20 22 70  61 74 68 22 3a 20 22 2f
65 79 4a 71 64 57 35 72  49 6a 6f 69 64 32 4d 32
4d 55 39 53 63 6b 70 49  52 48 42 44 4d 30 64 73
49 69 77 69 63 48 4a 76  64 47 39 6a 62 32 77 69
4f 69 4a 32 62 43 49 73  49 6d 31 76 5a 47 55 69
4f 69 4a 77 63 6d 56 6d  61 58 67 69 4c 43 4a 77
59 57 35 6c 62 45 6c 51  63 79 49 36 57 79 4a 62
4d 6a 59 77 4d 6a 70 6d  59 7a 55 35 4f 6d 49 77
4f 6a 59 30 4f 6a 70 64  49 69 77 69 57 7a 49 32
4d 44 49 36 5a 6d 4d 31  4f 54 6f 78 4d 54 6f 32
4e 44 6f 36 58 53 49 73  49 6c 73 79 59 54 41 79
4f 6a 67 35 4f 44 6f 78  4e 44 59 36 4e 6a 51 36
4f 6c 30 69 58 58 30 3d  3f 65 64 3d 32 35 36 30
22 0a 20 20 20 20 20 20  20 20 20 20 20 20 20 20
20 20 20 20 20 20 7d 2c  0a 20 20 20 20 20 20 20
20 20 20 20 20 20 20 20  20 20 20 20 20 22 73 65
63 75 72 69 74 79 22 3a  20 22 74 6c 73 22 2c 0a
20 20 20 20 20 20 20 20  20 20 20 20 20 20 20 20
20 20 20 20 22 74 6c 73  53 65 74 74 69 6e 67 73
22 3a 20 7b 0a 20 20 20  20 20 20 20 20 20 20 20
20 20 20 20 20 20 20 20  20 20 20 20 20 22 73 65
72 76 65 72 4e 61 6d 65  22 3a 20 22 77 68 75 41
2d 62 70 2e 38 44 59 2e  78 58 2e 4b 47 22 2c 0a
20 20 20 20 20 20 20 20  20 20 20 20 20 20 20 20
20 20 20 20 20 20 20 20  22 66 69 6e 67 65 72 70
72 69 6e 74 22 3a 20 22  63 68 72 6f 6d 65 22 2c
0a 20 20 20 20 20 20 20  20 20 20 20 20 20 20 20
20 20 20 20 20 20 20 20  20 22 61 6c 70 6e 22 3a
20 5b 0a 20 20 20 20 20  20 20 20 20 20 20 20 20
20 20 20 20 20 20 20 20  20 20 20 20 20 20 20 22
68 74 74 70 2f 31 2e 31  22 0a 20 20 20 20 20 20
20 20 20 20 20 20 20 20  20 20 20 20 20 20 20 20
20 20 5d 2c 0a 20 20 20  20 20 20 20 20 20 20 20
20 20 20 20 20 20 20 20  20 20 20 20 20 22 61 6c
6c 6f 77 49 6e 73 65 63  75 72 65 22 3a 20 66 61
6c 73 65 0a 20 20 20 20  20 20 20 20 20 20 20 20
20 20 20 20 20 20 20 20  7d 2c 0a 20 20 20 20 20
20 20 20 20 20 20 20 20  20 20 20 20 20 20 20 22
73 6f 63 6b 6f 70 74 22  3a 20 7b 0a 20 20 20 20
20 20 20 20 20 20 20 20  20 20 20 20 20 20 20 20
20 20 20 20 22 64 6f 6d  61 69 6e 53 74 72 61 74
65 67 79 22 3a 20 22 55  73 65 49 50 22 2c 0a 20
20 20 20 20 20 20 20 20  20 20 20 20 20 20 20 20
20 20 20 20 20 20 20 22  68 61 70 70 79 45 79 65
62 61 6c 6c 73 22 3a 20  7b 0a 20 20 20 20 20 20
20 20 20 20 20 20 20 20  20 20 20 20 20 20 20 20
20 20 20 20 20 20 22 74  72 79 44 65 6c 61 79 4d
73 22 3a 20 32 35 30 2c  0a 20 20 20 20 20 20 20
20 20 20 20 20 20 20 20  20 20 20 20 20 20 20 20
20 20 20 20 20 22 70 72  69 6f 72 69 74 69 7a 65
49 50 76 36 22 3a 20 66  61 6c 73 65 2c 0a 20 20
20 20 20 20 20 20 20 20  20 20 20 20 20 20 20 20
20 20 20 20 20 20 20 20  20 20 22 69 6e 74 65 72
6c 65 61 76 65 22 3a 20  32 2c 0a 20 20 20 20 20
20 20 20 20 20 20 20 20  20 20 20 20 20 20 20 20
20 20 20 20 20 20 20 22  6d 61 78 43 6f 6e 63 75
72 72 65 6e 74 54 72 79  22 3a 20 34 0a 20 20 20
20 20 20 20 20 20 20 20  20 20 20 20 20 20 20 20
20 20 20 20 20 7d 0a 20  20 20 20 20 20 20 20 20
20 20 20 20 20 20 20 20  20 20 20 7d 0a 20 20 20
20 20 20 20 20 20 20 20  20 20 20 20 20 7d 2c 0a
20 20 20 20 20 20 20 20  20 20 20 20 20 20 20 20
22 74 61 67 22 3a 20 22  70 72 6f 78 79 22 0a 20
20 20 20 20 20 20 20 20  20 20 20 7d 2c 0a 20 20
20 20 20 20 20 20 20 20  20 20 7b 0a 20 20 20 20
20 20 20 20 20 20 20 20  20 20 20 20 22 70 72 6f
74 6f 63 6f 6c 22 3a 20  22 64 6e 73 22 2c 0a 20
20 20 20 20 20 20 20 20  20 20 20 20 20 20 20 22
73 65 74 74 69 6e 67 73  22 3a 20 7b 0a 20 20 20
20 20 20 20 20 20 20 20  20 20 20 20 20 20 20 20
20 22 6e 6f 6e 49 50 51  75 65 72 79 22 3a 20 22
72 65 6a 65 63 74 22 0a  20 20 20 20 20 20 20 20
20 20 20 20 20 20 20 20  7d 2c 0a 20 20 20 20 20
20 20 20 20 20 20 20 20  20 20 20 22 74 61 67 22
3a 20 22 64 6e 73 2d 6f  75 74 22 0a 20 20 20 20
20 20 20 20 20 20 20 20  7d 2c 0a 20 20 20 20 20
20 20 20 20 20 20 20 7b  0a 20 20 20 20 20 20 20
20 20 20 20 20 20 20 20  20 22 70 72 6f 74 6f 63
6f 6c 22 3a 20 22 66 72  65 65 64 6f 6d 22 2c 0a
20 20 20 20 20 20 20 20  20 20 20 20 20 20 20 20
22 73 65 74 74 69 6e 67  73 22 3a 20 7b 0a 20 20
20 20 20 20 20 20 20 20  20 20 20 20 20 20 20 20
20 20 22 64 6f 6d 61 69  6e 53 74 72 61 74 65 67
79 22 3a 20 22 55 73 65  49 50 22 0a 20 20 20 20
20 20 20 20 20 20 20 20  20 20 20 20 7d 2c 0a 20
20 20 20 20 20 20 20 20  20 20 20 20 20 20 20 22
74 61 67 22 3a 20 22 64  69 72 65 63 74 22 0a 20
20 20 20 20 20 20 20 20  20 20 20 7d 2c 0a 20 20
20 20 20 20 20 20 20 20  20 20 7b 0a 20 20 20 20
20 20 20 20 20 20 20 20  20 20 20 20 22 70 72 6f
74 6f 63 6f 6c 22 3a 20  22 62 6c 61 63 6b 68 6f
6c 65 22 2c 0a 20 20 20  20 20 20 20 20 20 20 20
20 20 20 20 20 22 73 65  74 74 69 6e 67 73 22 3a
20 7b 0a 20 20 20 20 20  20 20 20 20 20 20 20 20
20 20 20 20 20 20 20 22  72 65 73 70 6f 6e 73 65
22 3a 20 7b 0a 20 20 20  20 20 20 20 20 20 20 20
20 20 20 20 20 20 20 20  20 20 20 20 20 22 74 79
70 65 22 3a 20 22 68 74  74 70 22 0a 20 20 20 20
20 20 20 20 20 20 20 20  20 20 20 20 20 20 20 20
7d 0a 20 20 20 20 20 20  20 20 20 20 20 20 20 20
20 20 7d 2c 0a 20 20 20  20 20 20 20 20 20 20 20
20 20 20 20 20 22 74 61  67 22 3a 20 22 62 6c 6f
63 6b 22 0a 20 20 20 20  20 20 20 20 20 20 20 20
7d 0a 20 20 20 20 20 20  20 20 5d 2c 0a 20 20 20
20 20 20 20 20 22 72 6f  75 74 69 6e 67 22 3a 20
7b 0a 20 20 20 20 20 20  20 20 20 20 20 20 22 64
6f 6d 61 69 6e 53 74 72  61 74 65 67 79 22 3a 20
22 49 50 49 66 4e 6f 6e  4d 61 74 63 68 22 2c 0a
20 20 20 20 20 20 20 20  20 20 20 20 22 72 75 6c
65 73 22 3a 20 5b 0a 20  20 20 20 20 20 20 20 20
20 20 20 20 20 20 20 7b  0a 20 20 20 20 20 20 20
20 20 20 20 20 20 20 20  20 20 20 20 20 22 69 6e
62 6f 75 6e 64 54 61 67  22 3a 20 5b 0a 20 20 20
20 20 20 20 20 20 20 20  20 20 20 20 20 20 20 20
20 20 20 20 20 22 6d 69  78 65 64 2d 69 6e 22 0a
20 20 20 20 20 20 20 20  20 20 20 20 20 20 20 20
20 20 20 20 5d 2c 0a 20  20 20 20 20 20 20 20 20
20 20 20 20 20 20 20 20  20 20 20 22 70 6f 72 74
22 3a 20 35 33 2c 0a 20  20 20 20 20 20 20 20 20
20 20 20 20 20 20 20 20  20 20 20 22 6f 75 74 62
6f 75 6e 64 54 61 67 22  3a 20 22 64 6e 73 2d 6f
75 74 22 2c 0a 20 20 20  20 20 20 20 20 20 20 20
20 20 20 20 20 20 20 20  20 22 74 79 70 65 22 3a
20 22 66 69 65 6c 64 22  0a 20 20 20 20 20 20 20
20 20 20 20 20 20 20 20  20 7d 2c 0a 20 20 20 20
20 20 20 20 20 20 20 20  20 20 20 20 7b 0a 20 20
20 20 20 20 20 20 20 20  20 20 20 20 20 20 20 20
20 20 22 69 6e 62 6f 75  6e 64 54 61 67 22 3a 20
5b 0a 20 20 20 20 20 20  20 20 20 20 20 20 20 20
20 20 20 20 20 20 20 20  20 20 22 64 6e 73 2d 69
6e 22 0a 20 20 20 20 20  20 20 20 20 20 20 20 20
20 20 20 20 20 20 20 5d  2c 0a 20 20 20 20 20 20
20 20 20 20 20 20 20 20  20 20 20 20 20 20 22 6f
75 74 62 6f 75 6e 64 54  61 67 22 3a 20 22 64 6e
73 2d 6f 75 74 22 2c 0a  20 20 20 20 20 20 20 20
20 20 20 20 20 20 20 20  20 20 20 20 22 74 79 70
65 22 3a 20 22 66 69 65  6c 64 22 0a 20 20 20 20
20 20 20 20 20 20 20 20  20 20 20 20 7d 2c 0a 20
20 20 20 20 20 20 20 20  20 20 20 20 20 20 20 7b
0a 20 20 20 20 20 20 20  20 20 20 20 20 20 20 20
20 20 20 20 20 22 69 6e  62 6f 75 6e 64 54 61 67
22 3a 20 5b 0a 20 20 20  20 20 20 20 20 20 20 20
20 20 20 20 20 20 20 20  20 20 20 20 20 22 72 65
6d 6f 74 65 2d 64 6e 73  22 0a 20 20 20 20 20 20
20 20 20 20 20 20 20 20  20 20 20 20 20 20 5d 2c
0a 20 20 20 20 20 20 20  20 20 20 20 20 20 20 20
20 20 20 20 20 22 6f 75  74 62 6f 75 6e 64 54 61
67 22 3a 20 22 70 72 6f  78 79 22 2c 0a 20 20 20
20 20 20 20 20 20 20 20  20 20 20 20 20 20 20 20
20 22 74 79 70 65 22 3a  20 22 66 69 65 6c 64 22
0a 20 20 20 20 20 20 20  20 20 20 20 20 20 20 20
20 7d 2c 0a 20 20 20 20  20 20 20 20 20 20 20 20
20 20 20 20 7b 0a 20 20  20 20 20 20 20 20 20 20
20 20 20 20 20 20 20 20  20 20 22 69 6e 62 6f 75
6e 64 54 61 67 22 3a 20  5b 0a 20 20 20 20 20 20
20 20 20 20 20 20 20 20  20 20 20 20 20 20 20 20
20 20 22 64 6e 73 22 0a  20 20 20 20 20 20 20 20
20 20 20 20 20 20 20 20  20 20 20 20 5d 2c 0a 20
20 20 20 20 20 20 20 20  20 20 20 20 20 20 20 20
20 20 20 22 6f 75 74 62  6f 75 6e 64 54 61 67 22
3a 20 22 64 69 72 65 63  74 22 2c 0a 20 20 20 20
20 20 20 20 20 20 20 20  20 20 20 20 20 20 20 20
22 74 79 70 65 22 3a 20  22 66 69 65 6c 64 22 0a
20 20 20 20 20 20 20 20  20 20 20 20 20 20 20 20
7d 2c 0a 20 20 20 20 20  20 20 20 20 20 20 20 20
20 20 20 7b 0a 20 20 20  20 20 20 20 20 20 20 20
20 20 20 20 20 20 20 20  20 22 64 6f 6d 61 69 6e
22 3a 20 5b 0a 20 20 20  20 20 20 20 20 20 20 20
20 20 20 20 20 20 20 20  20 20 20 20 20 22 67 65
6f 73 69 74 65 3a 70 72  69 76 61 74 65 22 0a 20
20 20 20 20 20 20 20 20  20 20 20 20 20 20 20 20
20 20 20 5d 2c 0a 20 20  20 20 20 20 20 20 20 20
20 20 20 20 20 20 20 20  20 20 22 6f 75 74 62 6f
75 6e 64 54 61 67 22 3a  20 22 64 69 72 65 63 74
22 2c 0a 20 20 20 20 20  20 20 20 20 20 20 20 20
20 20 20 20 20 20 20 22  74 79 70 65 22 3a 20 22
66 69 65 6c 64 22 0a 20  20 20 20 20 20 20 20 20
20 20 20 20 20 20 20 7d  2c 0a 20 20 20 20 20 20
20 20 20 20 20 20 20 20  20 20 7b 0a 20 20 20 20
20 20 20 20 20 20 20 20  20 20 20 20 20 20 20 20
22 69 70 22 3a 20 5b 0a  20 20 20 20 20 20 20 20
20 20 20 20 20 20 20 20  20 20 20 20 20 20 20 20
22 67 65 6f 69 70 3a 70  72 69 76 61 74 65 22 0a
20 20 20 20 20 20 20 20  20 20 20 20 20 20 20 20
20 20 20 20 5d 2c 0a 20  20 20 20 20 20 20 20 20
20 20 20 20 20 20 20 20  20 20 20 22 6f 75 74 62
6f 75 6e 64 54 61 67 22  3a 20 22 64 69 72 65 63
74 22 2c 0a 20 20 20 20  20 20 20 20 20 20 20 20
20 20 20 20 20 20 20 20  22 74 79 70 65 22 3a 20
22 66 69 65 6c 64 22 0a  20 20 20 20 20 20 20 20
20 20 20 20 20 20 20 20  7d 2c 0a 20 20 20 20 20
20 20 20 20 20 20 20 20  20 20 20 7b 0a 20 20 20
20 20 20 20 20 20 20 20  20 20 20 20 20 20 20 20
20 22 6e 65 74 77 6f 72  6b 22 3a 20 22 75 64 70
22 2c 0a 20 20 20 20 20  20 20 20 20 20 20 20 20
20 20 20 20 20 20 20 22  6f 75 74 62 6f 75 6e 64
54 61 67 22 3a 20 22 62  6c 6f 63 6b 22 2c 0a 20
20 20 20 20 20 20 20 20  20 20 20 20 20 20 20 20
20 20 20 22 74 79 70 65  22 3a 20 22 66 69 65 6c
64 22 0a 20 20 20 20 20  20 20 20 20 20 20 20 20
20 20 20 7d 2c 0a 20 20  20 20 20 20 20 20 20 20
20 20 20 20 20 20 7b 0a  20 20 20 20 20 20 20 20
20 20 20 20 20 20 20 20  20 20 20 20 22 6e 65 74
77 6f 72 6b 22 3a 20 22  74 63 70 22 2c 0a 20 20
20 20 20 20 20 20 20 20  20 20 20 20 20 20 20 20
20 20 22 6f 75 74 62 6f  75 6e 64 54 61 67 22 3a
20 22 70 72 6f 78 79 22  2c 0a 20 20 20 20 20 20
20 20 20 20 20 20 20 20  20 20 20 20 20 20 22 74
79 70 65 22 3a 20 22 66  69 65 6c 64 22 0a 20 20
20 20 20 20 20 20 20 20  20 20 20 20 20 20 7d 0a
20 20 20 20 20 20 20 20  20 20 20 20 5d 0a 20 20
20 20 20 20 20 20 7d 2c  0a 20 20 20 20 20 20 20
20 22 70 6f 6c 69 63 79  22 3a 20 7b 0a 20 20 20
20 20 20 20 20 20 20 20  20 22 6c 65 76 65 6c 73
22 3a 20 7b 0a 20 20 20  20 20 20 20 20 20 20 20
20 20 20 20 20 22 30 22  3a 20 7b 0a 20 20 20 20
20 20 20 20 20 20 20 20  20 20 20 20 20 20 20 20
22 63 6f 6e 6e 49 64 6c  65 22 3a 20 33 30 30 2c
0a 20 20 20 20 20 20 20  20 20 20 20 20 20 20 20
20 20 20 20 20 22 68 61  6e 64 73 68 61 6b 65 22
3a 20 34 2c 0a 20 20 20  20 20 20 20 20 20 20 20
20 20 20 20 20 20 20 20  20 22 75 70 6c 69 6e 6b
4f 6e 6c 79 22 3a 20 31  2c 0a 20 20 20 20 20 20
20 20 20 20 20 20 20 20  20 20 20 20 20 20 22 64
6f 77 6e 6c 69 6e 6b 4f  6e 6c 79 22 3a 20 31 0a
20 20 20 20 20 20 20 20  20 20 20 20 20 20 20 20
7d 0a 20 20 20 20 20 20  20 20 20 20 20 20 7d 2c
0a 20 20 20 20 20 20 20  20 20 20 20 20 22 73 79
73 74 65 6d 22 3a 20 7b  0a 20 20 20 20 20 20 20
20 20 20 20 20 20 20 20  20 22 73 74 61 74 73 4f
75 74 62 6f 75 6e 64 55  70 6c 69 6e 6b 22 3a 20
74 72 75 65 2c 0a 20 20  20 20 20 20 20 20 20 20
20 20 20 20 20 20 22 73  74 61 74 73 4f 75 74 62
6f 75 6e 64 44 6f 77 6e  6c 69 6e 6b 22 3a 20 74
72 75 65 0a 20 20 20 20  20 20 20 20 20 20 20 20
7d 0a 20 20 20 20 20 20  20 20 7d 2c 0a 20 20 20
20 20 20 20 20 22 73 74  61 74 73 22 3a 20 7b 7d
0a 20 20 20 20 7d 2c 0a  20 20 20 20 7b 0a 20 20
20 20 20 20 20 20 22 72  65 6d 61 72 6b 73 22 3a
20 22 f0 9f 92 a6 20 31  20 2d 20 54 72 6f 6a 61
6e 20 2d 20 44 6f 6d 61  69 6e 20 3a 20 34 34 33
22 2c 0a 20 20 20 20 20  20 20 20 22 76 65 72 73
69 6f 6e 22 3a 20 7b 0a  20 20 20 20 20 20 20 20
20 20 20 20 22 6d 69 6e  22 3a 20 22 32 35 2e 31
30 2e 31 35 22 0a 20 20  20 20 20 20 20 20 7d 2c
0a 20 20 20 20 20 20 20  20 22 6c 6f 67 22 3a 20
7b 0a 20 20 20 20 20 20  20 20 20 20 20 20 22 6c
6f 67 6c 65 76 65 6c 22  3a 20 22 77 61 72 6e 69
6e 67 22 0a 20 20 20 20  20 20 20 20 7d 2c 0a 20
20 20 20 20 20 20 20 22  64 6e 73 22 3a 20 7b 0a
20 20 20 20 20 20 20 20  20 20 20 20 22 73 65 72
76 65 72 73 22 3a 20 5b  0a 20 20 20 20 20 20 20
20 20 20 20 20 20 20 20  20 7b 0a 20 20 20 20 20
20 20 20 20 20 20 20 20  20 20 20 20 20 20 20 22
61 64 64 72 65 73 73 22  3a 20 22 68 74 74 70 73
3a 2f 2f 38 2e 38 2e 38  2e 38 2f 64 6e 73 2d 71
75 65 72 79 22 2c 0a 20  20 20 20 20 20 20 20 20
20 20 20 20 20 20 20 20  20 20 20 22 74 61 67 22
3a 20 22 72 65 6d 6f 74  65 2d 64 6e 73 22 0a 20
20 20 20 20 20 20 20 20  20 20 20 20 20 20 20 7d
2c 0a 20 20 20 20 20 20  20 20 20 20 20 20 20 20
20 20 7b 0a 20 20 20 20  20 20 20 20 20 20 20 20
20 20 20 20 20 20 20 20  22 61 64 64 72 65 73 73
22 3a 20 22 38 2e 38 2e  38 2e 38 22 2c 0a 20 20
20 20 20 20 20 20 20 20  20 20 20 20 20 20 20 20
20 20 22 64 6f 6d 61 69  6e 73 22 3a 20 5b 0a 20
20 20 20 20 20 20 20 20  20 20 20 20 20 20 20 20
20 20 20 20 20 20 20 22  66 75 6c 6c 3a 77 68 75
61 2d 62 70 2e 38 64 79  2e 78 78 2e 6b 67 22 0a
20 20 20 20 20 20 20 20  20 20 20 20 20 20 20 20
20 20 20 20 5d 2c 0a 20  20 20 20 20 20 20 20 20
20 20 20 20 20 20 20 20  20 20 20 22 73 6b 69 70
46 61 6c 6c 62 61 63 6b  22 3a 20 74 72 75 65 0a
20 20 20 20 20 20 20 20  20 20 20 20 20 20 20 20
7d 0a 20 20 20 20 20 20  20 20 20 20 20 20 5d 2c
0a 20 20 20 20 20 20 20  20 20 20 20 20 22 71 75
65 72 79 53 74 72 61 74  65 67 79 22 3a 20 22 55
73 65 49 50 22 2c 0a 20  20 20 20 20 20 20 20 20
20 20 20 22 74 61 67 22  3a 20 22 64 6e 73 22 0a
20 20 20 20 20 20 20 20  7d 2c 0a 20 20 20 20 20
20 20 20 22 69 6e 62 6f  75 6e 64 73 22 3a 20 5b
0a 20 20 20 20 20 20 20  20 20 20 20 20 7b 0a 20
20 20 20 20 20 20 20 20  20 20 20 20 20 20 20 22
6c 69 73 74 65 6e 22 3a  20 22 31 32 37 2e 30 2e
30 2e 31 22 2c 0a 20 20  20 20 20 20 20 20 20 20
20 20 20 20 20 20 22 70  6f 72 74 22 3a 20 31 30
38 30 38 2c 0a 20 20 20  20 20 20 20 20 20 20 20
20 20 20 20 20 22 70 72  6f 74 6f 63 6f 6c 22 3a
20 22 73 6f 63 6b 73 22  2c 0a 20 20 20 20 20 20
20 20 20 20 20 20 20 20  20 20 22 73 65 74 74 69
6e 67 73 22 3a 20 7b 0a  20 20 20 20 20 20 20 20
20 20 20 20 20 20 20 20  20 20 20 20 22 61 75 74
68 22 3a 20 22 6e 6f 61  75 74 68 22 2c 0a 20 20
20 20 20 20 20 20 20 20  20 20 20 20 20 20 20 20
20 20 22 75 64 70 22 3a  20 74 72 75 65 0a 20 20
20 20 20 20 20 20 20 20  20 20 20 20 20 20 7d 2c
0a 20 20 20 20 20 20 20  20 20 20 20 20 20 20 20
20 22 73 6e 69 66 66 69  6e 67 22 3a 20 7b 0a 20
20 20 20 20 20 20 20 20  20 20 20 20 20 20 20 20
20 20 20 22 64 65 73 74  4f 76 65 72 72 69 64 65
22 3a 20 5b 0a 20 20 20  20 20 20 20 20 20 20 20
20 20 20 20 20 20 20 20  20 20 20 20 20 22 68 74
74 70 22 2c 0a 20 20 20  20 20 20 20 20 20 20 20
20 20 20 20 20 20 20 20  20 20 20 20 20 22 74 6c
73 22 0a 20 20 20 20 20  20 20 20 20 20 20 20 20
20 20 20 20 20 20 20 5d  2c 0a 20 20 20 20 20 20
20 20 20 20 20 20 20 20  20 20 20 20 20 20 22 65
6e 61 62 6c 65 64 22 3a  20 74 72 75 65 2c 0a 20
20 20 20 20 20 20 20 20  20 20 20 20 20 20 20 20
20 20 20 22 72 6f 75 74  65 4f 6e 6c 79 22 3a 20
74 72 75 65 0a 20 20 20  20 20 20 20 20 20 20 20
20 20 20 20 20 7d 2c 0a  20 20 20 20 20 20 20 20
20 20 20 20 20 20 20 20  22 74 61 67 22 3a 20 22
6d 69 78 65 64 2d 69 6e  22 0a 20 20 20 20 20 20
20 20 20 20 20 20 7d 2c  0a 20 20 20 20 20 20 20
20 20 20 20 20 7b 0a 20  20 20 20 20 20 20 20 20
20 20 20 20 20 20 20 22  6c 69 73 74 65 6e 22 3a
20 22 31 32 37 2e 30 2e  30 2e 31 22 2c 0a 20 20
20 20 20 20 20 20 20 20  20 20 20 20 20 20 22 70
6f 72 74 22 3a 20 31 30  38 35 33 2c 0a 20 20 20
20 20 20 20 20 20 20 20  20 20 20 20 20 22 70 72
6f 74 6f 63 6f 6c 22 3a  20 22 64 6f 6b 6f 64 65
6d 6f 2d 64 6f 6f 72 22  2c 0a 20 20 20 20 20 20
20 20 20 20 20 20 20 20  20 20 22 73 65 74 74 69
6e 67 73 22 3a 20 7b 0a  20 20 20 20 20 20 20 20
20 20 20 20 20 20 20 20  20 20 20 20 22 61 64 64
72 65 73 73 22 3a 20 22  31 2e 31 2e 31 2e 31 22
2c 0a 20 20 20 20 20 20  20 20 20 20 20 20 20 20
20 20 20 20 20 20 22 6e  65 74 77 6f 72 6b 22 3a
20 22 74 63 70 2c 75 64  70 22 2c 0a 20 20 20 20
20 20 20 20 20 20 20 20  20 20 20 20 20 20 20 20
22 70 6f 72 74 22 3a 20  35 33 0a 20 20 20 20 20
20 20 20 20 20 20 20 20  20 20 20 7d 2c 0a 20 20
20 20 20 20 20 20 20 20  20 20 20 20 20 20 22 74
61 67 22 3a 20 22 64 6e  73 2d 69 6e 22 0a 20 20
20 20 20 20 20 20 20 20  20 20 7d 0a 20 20 20 20
20 20 20 20 5d 2c 0a 20  20 20 20 20 20 20 20 22
6f 75 74 62 6f 75 6e 64  73 22 3a 20 5b 0a 20 20
20 20 20 20 20 20 20 20  20 20 7b 0a 20 20 20 20
20 20 20 20 20 20 20 20  20 20 20 20 22 70 72 6f
74 6f 63 6f 6c 22 3a 20  22 74 72 6f 6a 61 6e 22
2c 0a 20 20 20 20 20 20  20 20 20 20 20 20 20 20
20 20 22 73 65 74 74 69  6e 67 73 22 3a 20 7b 0a
20 20 20 20 20 20 20 20  20 20 20 20 20 20 20 20
20 20 20 20 22 73 65 72  76 65 72 73 22 3a 20 5b
0a 20 20 20 20 20 20 20  20 20 20 20 20 20 20 20
20 20 20 20 20 20 20 20  20 7b 0a 20 20 20 20 20
20 20 20 20 20 20 20 20  20 20 20 20 20 20 20 20
20 20 20 20 20 20 20 22  61 64 64 72 65 73 73 22
3a 20 22 77 68 75 61 2d  62 70 2e 38 64 79 2e 78
78 2e 6b 67 22 2c 0a 20  20 20 20 20 20 20 20 20
20 20 20 20 20 20 20 20  20 20 20 20 20 20 20 20
20 20 20 22 70 6f 72 74  22 3a 20 34 34 33 2c 0a
20 20 20 20 20 20 20 20  20 20 20 20 20 20 20 20
20 20 20 20 20 20 20 20  20 20 20 20 22 70 61 73
73 77 6f 72 64 22 3a 20  22 35 4b 39 75 39 2e 54
6e 72 31 24 5e 22 0a 20  20 20 20 20 20 20 20 20
20 20 20 20 20 20 20 20  20 20 20 20 20 20 20 7d
0a 20 20 20 20 20 20 20  20 20 20 20 20 20 20 20
20 20 20 20 20 5d 0a 20  20 20 20 20 20 20 20 20
20 20 20 20 20 20 20 7d  2c 0a 20 20 20 20 20 20
20 20 20 20 20 20 20 20  20 20 22 73 74 72 65 61
6d 53 65 74 74 69 6e 67  73 22 3a 20 7b 0a 20 20
20 20 20 20 20 20 20 20  20 20 20 20 20 20 20 20
20 20 22 6e 65 74 77 6f  72 6b 22 3a 20 22 77 73
22 2c 0a 20 20 20 20 20  20 20 20 20 20 20 20 20
20 20 20 20 20 20 20 22  77 73 53 65 74 74 69 6e
67 73 22 3a 20 7b 0a 20  20 20 20 20 20 20 20 20
20 20 20 20 20 20 20 20  20 20 20 20 20 20 20 22
68 6f 73 74 22 3a 20 22  77 68 75 61 2d 62 70 2e
38 64 79 2e 78 78 2e 6b  67 22 2c 0a 20 20 20 20
20 20 20 20 20 20 20 20  20 20 20 20 20 20 20 20
20 20 20 20 22 70 61 74  68 22 3a 20 22 2f 65 79
4a 71 64 57 35 72 49 6a  6f 69 54 31 4e 74 57 55
63 77 55 55 59 69 4c 43  4a 77 63 6d 39 30 62 32
4e 76 62 43 49 36 49 6e  52 79 49 69 77 69 62 57
39 6b 5a 53 49 36 49 6e  42 79 5a 57 5a 70 65 43
49 73 49 6e 42 68 62 6d  56 73 53 56 42 7a 49 6a
70 62 49 6c 73 79 4e 6a  41 79 4f 6d 5a 6a 4e 54
6b 36 59 6a 41 36 4e 6a  51 36 4f 6c 30 69 4c 43
4a 62 4d 6a 59 77 4d 6a  70 6d 59 7a 55 35 4f 6a
45 78 4f 6a 59 30 4f 6a  70 64 49 69 77 69 57 7a
4a 68 4d 44 49 36 4f 44  6b 34 4f 6a 45 30 4e 6a
6f 32 4e 44 6f 36 58 53  4a 64 66 51 3d 3d 3f 65
64 3d 32 35 36 30 22 0a  20 20 20 20 20 20 20 20
20 20 20 20 20 20 20 20  20 20 20 20 7d 2c 0a 20
20 20 20 20 20 20 20 20  20 20 20 20 20 20 20 20
20 20 20 22 73 65 63 75  72 69 74 79 22 3a 20 22
74 6c 73 22 2c 0a 20 20  20 20 20 20 20 20 20 20
20 20 20 20 20 20 20 20  20 20 22 74 6c 73 53 65
74 74 69 6e 67 73 22 3a  20 7b 0a 20 20 20 20 20
20 20 20 20 20 20 20 20  20 20 20 20 20 20 20 20
20 20 20 22 73 65 72 76  65 72 4e 61 6d 65 22 3a
20 22 57 48 55 61 2d 62  70 2e 38 44 59 2e 78 58
2e 4b 67 22 2c 0a 20 20  20 20 20 20 20 20 20 20
20 20 20 20 20 20 20 20  20 20 20 20 20 20 22 66
69 6e 67 65 72 70 72 69  6e 74 22 3a 20 22 63 68
72 6f 6d 65 22 2c 0a 20  20 20 20 20 20 20 20 20
20 20 20 20 20 20 20 20  20 20 20 20 20 20 20 22
61 6c 70 6e 22 3a 20 5b  0a 20 20 20 20 20 20 20
20 20 20 20 20 20 20 20  20 20 20 20 20 20 20 20
20 20 20 20 20 22 68 74  74 70 2f 31 2e 31 22 0a
20 20 20 20 20 20 20 20  20 20 20 20 20 20 20 20
20 20 20 20 20 20 20 20  5d 2c 0a 20 20 20 20 20
20 20 20 20 20 20 20 20  20 20 20 20 20 20 20 20
20 20 20 22 61 6c 6c 6f  77 49 6e 73 65 63 75 72
65 22 3a 20 66 61 6c 73  65 0a 20 20 20 20 20 20
20 20 20 20 20 20 20 20  20 20 20 20 20 20 7d 2c
0a 20 20 20 20 20 20 20  20 20 20 20 20 20 20 20
20 20 20 20 20 22 73 6f  63 6b 6f 70 74 22 3a 20
7b 0a 20 20 20 20 20 20  20 20 20 20 20 20 20 20
20 20 20 20 20 20 20 20  20 20 22 64 6f 6d 61 69
6e 53 74 72 61 74 65 67  79 22 3a 20 22 55 73 65
49 50 22 2c 0a 20 20 20  20 20 20 20 20 20 20 20
20 20 20 20 20 20 20 20  20 20 20 20 20 22 68 61
70 70 79 45 79 65 62 61  6c 6c 73 22 3a 20 7b 0a
20 20 20 20 20 20 20 20  20 20 20 20 20 20 20 20
20 20 20 20 20 20 20 20  20 20 20 20 22 74 72 79
44 65 6c 61 79 4d 73 22  3a 20 32 35 30 2c 0a 20
20 20 20 20 20 20 20 20  20 20 20 20 20 20 20 20
20 20 20 20 20 20 20 20  20 20 20 22 70 72 69 6f
72 69 74 69 7a 65 49 50  76 36 22 3a 20 66 61 6c
73 65 2c 0a 20 20 20 20  20 20 20 20 20 20 20 20
20 20 20 20 20 20 20 20  20 20 20 20 20 20 20 20
22 69 6e 74 65 72 6c 65  61 76 65 22 3a 20 32 2c
0a 20 20 20 20 20 20 20  20 20 20 20 20 20 20 20
20 20 20 20 20 20 20 20  20 20 20 20 20 22 6d 61
78 43 6f 6e 63 75 72 72  65 6e 74 54 72 79 22 3a
20 34 0a 20 20 20 20 20  20 20 20 20 20 20 20 20
20 20 20 20 20 20 20 20  20 20 20 7d 0a 20 20 20
20 20 20 20 20 20 20 20  20 20 20 20 20 20 20 20
20 7d 0a 20 20 20 20 20  20 20 20 20 20 20 20 20
20 20 20 7d 2c 0a 20 20  20 20 20 20 20 20 20 20
20 20 20 20 20 20 22 74  61 67 22 3a 20 22 70 72
6f 78 79 22 0a 20 20 20  20 20 20 20 20 20 20 20
20 7d 2c 0a 20 20 20 20  20 20 20 20 20 20 20 20
7b 0a 20 20 20 20 20 20  20 20 20 20 20 20 20 20
20 20 22 70 72 6f 74 6f  63 6f 6c 22 3a 20 22 64
6e 73 22 2c 0a 20 20 20  20 20 20 20 20 20 20 20
20 20 20 20 20 22 73 65  74 74 69 6e 67 73 22 3a
20 7b 0a 20 20 20 20 20  20 20 20 20 20 20 20 20
20 20 20 20 20 20 20 22  6e 6f 6e 49 50 51 75 65
72 79 22 3a 20 22 72 65  6a 65 63 74 22 0a 20 20
20 20 20 20 20 20 20 20  20 20 20 20 20 20 7d 2c
0a 20 20 20 20 20 20 20  20 20 20 20 20 20 20 20
20 22 74 61 67 22 3a 20  22 64 6e 73 2d 6f 75 74
22 0a 20 20 20 20 20 20  20 20 20 20 20 20 7d 2c
0a 20 20 20 20 20 20 20  20 20 20 20 20 7b 0a 20
20 20 20 20 20 20 20 20  20 20 20 20 20 20 20 22
70 72 6f 74 6f 63 6f 6c  22 3a 20 22 66 72 65 65
64 6f 6d 22 2c 0a 20 20  20 20 20 20 20 20 20 20
20 20 20 20 20 20 22 73  65 74 74 69 6e 67 73 22
3a 20 7b 0a 20 20 20 20  20 20 20 20 20 20 20 20
20 20 20 20 20 20 20 20  22 64 6f 6d 61 69 6e 53
74 72 61 74 65 67 79 22  3a 20 22 55 73 65 49 50
22 0a 20 20 20 20 20 20  20 20 20 20 20 20 20 20
20 20 7d 2c 0a 20 20 20  20 20 20 20 20 20 20 20
20 20 20 20 20 22 74 61  67 22 3a 20 22 64 69 72
65 63 74 22 0a 20 20 20  20 20 20 20 20 20 20 20
20 7d 2c 0a 20 20 20 20  20 20 20 20 20 20 20 20
7b 0a 20 20 20 20 20 20  20 20 20 20 20 20 20 20
20 20 22 70 72 6f 74 6f  63 6f 6c 22 3a 20 22 62
6c 61 63 6b 68 6f 6c 65  22 2c 0a 20 20 20 20 20
20 20 20 20 20 20 20 20  20 20 20 22 73 65 74 74
69 6e 67 73 22 3a 20 7b  0a 20 20 20 20 20 20 20
20 20 20 20 20 20 20 20  20 20 20 20 20 22 72 65
73 70 6f 6e 73 65 22 3a  20 7b 0a 20 20 20 20 20
20 20 20 20 20 20 20 20  20 20 20 20 20 20 20 20
20 20 20 22 74 79 70 65  22 3a 20 22 68 74 74 70
22 0a 20 20 20 20 20 20  20 20 20 20 20 20 20 20
20 20 20 20 20 20 7d 0a  20 20 20 20 20 20 20 20
20 20 20 20 20 20 20 20  7d 2c 0a 20 20 20 20 20
20 20 20 20 20 20 20 20  20 20 20 22 74 61 67 22
3a 20 22 62 6c 6f 63 6b  22 0a 20 20 20 20 20 20
20 20 20 20 20 20 7d 0a  20 20 20 20 20 20 20 20
5d 2c 0a 20 20 20 20 20  20 20 20 22 72 6f 75 74
69 6e 67 22 3a 20 7b 0a  20 20 20 20 20 20 20 20
20 20 20 20 22 64 6f 6d  61 69 6e 53 74 72 61 74
65 67 79 22 3a 20 22 49  50 49 66 4e 6f 6e 4d 61
74 63 68 22 2c 0a 20 20  20 20 20 20 20 20 20 20
20 20 22 72 75 6c 65 73  22 3a 20 5b 0a 20 20 20
20 20 20 20 20 20 20 20  20 20 20 20 20 7b 0a 20
20 20 20 20 20 20 20 20  20 20 20 20 20 20 20 20
20 20 20 22 69 6e 62 6f  75 6e 64 54 61 67 22 3a
20 5b 0a 20 20 20 20 20  20 20 20 20 20 20 20 20
20 20 20 20 20 20 20 20  20 20 20 22 6d 69 78 65
64 2d 69 6e 22 0a 20 20  20 20 20 20 20 20 20 20
20 20 20 20 20 20 20 20  20 20 5d 2c 0a 20 20 20
20 20 20 20 20 20 20 20  20 20 20 20 20 20 20 20
20 22 70 6f 72 74 22 3a  20 35 33 2c 0a 20 20 20
20 20 20 20 20 20 20 20  20 20 20 20 20 20 20 20
20 22 6f 75 74 62 6f 75  6e 64 54 61 67 22 3a 20
22 64 6e 73 2d 6f 75 74  22 2c 0a 20 20 20 20 20
20 20 20 20 20 20 20 20  20 20 20 20 20 20 20 22
74 79 70 65 22 3a 20 22  66 69 65 6c 64 22 0a 20
20 20 20 20 20 20 20 20  20 20 20 20 20 20 20 7d
2c 0a 20 20 20 20 20 20  20 20 20 20 20 20 20 20
20 20 7b 0a 20 20 20 20  20 20 20 20 20 20 20 20
20 20 20 20 20 20 20 20  22 69 6e 62 6f 75 6e 64
54 61 67 22 3a 20 5b 0a  20 20 20 20 20 20 20 20
20 20 20 20 20 20 20 20  20 20 20 20 20 20 20 20
22 64 6e 73 2d 69 6e 22  0a 20 20 20 20 20 20 20
20 20 20 20 20 20 20 20  20 20 20 20 20 5d 2c 0a
20 20 20 20 20 20 20 20  20 20 20 20 20 20 20 20
20 20 20 20 22 6f 75 74  62 6f 75 6e 64 54 61 67
22 3a 20 22 64 6e 73 2d  6f 75 74 22 2c 0a 20 20
20 20 20 20 20 20 20 20  20 20 20 20 20 20 20 20
20 20 22 74 79 70 65 22  3a 20 22 66 69 65 6c 64
22 0a 20 20 20 20 20 20  20 20 20 20 20 20 20 20
20 20 7d 2c 0a 20 20 20  20 20 20 20 20 20 20 20
20 20 20 20 20 7b 0a 20  20 20 20 20 20 20 20 20
20 20 20 20 20 20 20 20  20 20 20 22 69 6e 62 6f
75 6e 64 54 61 67 22 3a  20 5b 0a 20 20 20 20 20
20 20 20 20 20 20 20 20  20 20 20 20 20 20 20 20
20 20 20 22 72 65 6d 6f  74 65 2d 64 6e 73 22 0a
20 20 20 20 20 20 20 20  20 20 20 20 20 20 20 20
20 20 20 20 5d 2c 0a 20  20 20 20 20 20 20 20 20
20 20 20 20 20 20 20 20  20 20 20 22 6f 75 74 62
6f 75 6e 64 54 61 67 22  3a 20 22 70 72 6f 78 79
22 2c 0a 20 20 20 20 20  20 20 20 20 20 20 20 20
20 20 20 20 20 20 20 22  74 79 70 65 22 3a 20 22
66 69 65 6c 64 22 0a 20  20 20 20 20 20 20 20 20
20 20 20 20 20 20 20 7d  2c 0a 20 20 20 20 20 20
20 20 20 20 20 20 20 20  20 20 7b 0a 20 20 20 20
20 20 20 20 20 20 20 20  20 20 20 20 20 20 20 20
22 69 6e 62 6f 75 6e 64  54 61 67 22 3a 20 5b 0a
20 20 20 20 20 20 20 20  20 20 20 20 20 20 20 20
20 20 20 20 20 20 20 20  22 64 6e 73 22 0a 20 20
20 20 20 20 20 20 20 20  20 20 20 20 20 20 20 20
20 20 5d 2c 0a 20 20 20  20 20 20 20 20 20 20 20
20 20 20 20 20 20 20 20  20 22 6f 75 74 62 6f 75
6e 64 54 61 67 22 3a 20  22 64 69 72 65 63 74 22
2c 0a 20 20 20 20 20 20  20 20 20 20 20 20 20 20
20 20 20 20 20 20 22 74  79 70 65 22 3a 20 22 66
69 65 6c 64 22 0a 20 20  20 20 20 20 20 20 20 20
20 20 20 20 20 20 7d 2c  0a 20 20 20 20 20 20 20
20 20 20 20 20 20 20 20  20 7b 0a 20 20 20 20 20
20 20 20 20 20 20 20 20  20 20 20 20 20 20 20 22
64 6f 6d 61 69 6e 22 3a  20 5b 0a 20 20 20 20 20
20 20 20 20 20 20 20 20  20 20 20 20 20 20 20 20
20 20 20 22 67 65 6f 73  69 74 65 3a 70 72 69 76
61 74 65 22 0a 20 20 20  20 20 20 20 20 20 20 20
20 20 20 20 20 20 20 20  20 5d 2c 0a 20 20 20 20
20 20 20 20 20 20 20 20  20 20 20 20 20 20 20 20
22 6f 75 74 62 6f 75 6e  64 54 61 67 22 3a 20 22
64 69 72 65 63 74 22 2c  0a 20 20 20 20 20 20 20
20 20 20 20 20 20 20 20  20 20 20 20 20 22 74 79
70 65 22 3a 20 22 66 69  65 6c 64 22 0a 20 20 20
20 20 20 20 20 20 20 20  20 20 20 20 20 7d 2c 0a
20 20 20 20 20 20 20 20  20 20 20 20 20 20 20 20
7b 0a 20 20 20 20 20 20  20 20 20 20 20 20 20 20
20 20 20 20 20 20 22 69  70 22 3a 20 5b 0a 20 20
20 20 20 20 20 20 20 20  20 20 20 20 20 20 20 20
20 20 20 20 20 20 22 67  65 6f 69 70 3a 70 72 69
76 61 74 65 22 0a 20 20  20 20 20 20 20 20 20 20
20 20 20 20 20 20 20 20  20 20 5d 2c 0a 20 20 20
20 20 20 20 20 20 20 20  20 20 20 20 20 20 20 20
20 22 6f 75 74 62 6f 75  6e 64 54 61 67 22 3a 20
22 64 69 72 65 63 74 22  2c 0a 20 20 20 20 20 20
20 20 20 20 20 20 20 20  20 20 20 20 20 20 22 74
79 70 65 22 3a 20 22 66  69 65 6c 64 22 0a 20 20
20 20 20 20 20 20 20 20  20 20 20 20 20 20 7d 2c
0a 20 20 20 20 20 20 20  20 20 20 20 20 20 20 20
20 7b 0a 20 20 20 20 20  20 20 20 20 20 20 20 20
20 20 20 20 20 20 20 22  6e 65 74 77 6f 72 6b 22
3a 20 22 75 64 70 22 2c  0a 20 20 20 20 20 20 20
20 20 20 20 20 20 20 20  20 20 20 20 20 22 6f 75
74 62 6f 75 6e 64 54 61  67 22 3a 20 22 62 6c 6f
63 6b 22 2c 0a 20 20 20  20 20 20 20 20 20 20 20
20 20 20 20 20 20 20 20  20 22 74 79 70 65 22 3a
20 22 66 69 65 6c 64 22  0a 20 20 20 20 20 20 20
20 20 20 20 20 20 20 20  20 7d 2c 0a 20 20 20 20
20 20 20 20 20 20 20 20  20 20 20 20 7b 0a 20 20
20 20 20 20 20 20 20 20  20 20 20 20 20 20 20 20
20 20 22 6e 65 74 77 6f  72 6b 22 3a 20 22 74 63
70 22 2c 0a 20 20 20 20  20 20 20 20 20 20 20 20
20 20 20 20 20 20 20 20  22 6f 75 74 62 6f 75 6e
64 54 61 67 22 3a 20 22  70 72 6f 78 79 22 2c 0a
20 20 20 20 20 20 20 20  20 20 20 20 20 20 20 20
20 20 20 20 22 74 79 70  65 22 3a 20 22 66 69 65
6c 64 22 0a 20 20 20 20  20 20 20 20 20 20 20 20
20 20 20 20 7d 0a 20 20  20 20 20 20 20 20 20 20
20 20 5d 0a 20 20 20 20  20 20 20 20 7d 2c 0a 20
20 20 20 20 20 20 20 22  70 6f 6c 69 63 79 22 3a
20 7b 0a 20 20 20 20 20  20 20 20 20 20 20 20 22
6c 65 76 65 6c 73 22 3a  20 7b 0a 20 20 20 20 20
20 20 20 20 20 20 20 20  20 20 20 22 30 22 3a 20
7b 0a 20 20 20 20 20 20  20 20 20 20 20 20 20 20
20 20 20 20 20 20 22 63  6f 6e 6e 49 64 6c 65 22
3a 20 33 30 30 2c 0a 20  20 20 20 20 20 20 20 20
20 20 20 20 20 20 20 20  20 20 20 22 68 61 6e 64
73 68 61 6b 65 22 3a 20  34 2c 0a 20 20 20 20 20
20 20 20 20 20 20 20 20  20 20 20 20 20 20 20 22
75 70 6c 69 6e 6b 4f 6e  6c 79 22 3a 20 31 2c 0a
20 20 20 20 20 20 20 20  20 20 20 20 20 20 20 20
20 20 20 20 22 64 6f 77  6e 6c 69 6e 6b 4f 6e 6c
79 22 3a 20 31 0a 20 20  20 20 20 20 20 20 20 20
20 20 20 20 20 20 7d 0a  20 20 20 20 20 20 20 20
20 20 20 20 7d 2c 0a 20  20 20 20 20 20 20 20 20
20 20 20 22 73 79 73 74  65 6d 22 3a 20 7b 0a 20
20 20 20 20 20 20 20 20  20 20 20 20 20 20 20 22
73 74 61 74 73 4f 75 74  62 6f 75 6e 64 55 70 6c
69 6e 6b 22 3a 20 74 72  75 65 2c 0a 20 20 20 20
20 20 20 20 20 20 20 20  20 20 20 20 22 73 74 61
74 73 4f 75 74 62 6f 75  6e 64 44 6f 77 6e 6c 69
6e 6b 22 3a 20 74 72 75  65 0a 20 20 20 20 20 20
20 20 20 20 20 20 7d 0a  20 20 20 20 20 20 20 20
7d 2c 0a 20 20 20 20 20  20 20 20 22 73 74 61 74
73 22 3a 20 7b 7d 0a 20  20 20 20 7d 2c 0a 20 20
20 20 7b 0a 20 20 20 20  20 20 20 20 22 72 65 6d
61 72 6b 73 22 3a 20 22  f0 9f 92 a6 20 32 20 2d
20 54 72 6f 6a 61 6e 20  2d 20 44 6f 6d 61 69 6e
20 3a 20 34 34 33 22 2c  0a 20 20 20 20 20 20 20
20 22 76 65 72 73 69 6f  6e 22 3a 20 7b 0a 20 20
20 20 20 20 20 20 20 20  20 20 22 6d 69 6e 22 3a
20 22 32 35 2e 31 30 2e  31 35 22 0a 20 20 20 20
20 20 20 20 7d 2c 0a 20  20 20 20 20 20 20 20 22
6c 6f 67 22 3a 20 7b 0a  20 20 20 20 20 20 20 20
20 20 20 20 22 6c 6f 67  6c 65 76 65 6c 22 3a 20
22 77 61 72 6e 69 6e 67  22 0a 20 20 20 20 20 20
20 20 7d 2c 0a 20 20 20  20 20 20 20 20 22 64 6e
73 22 3a 20 7b 0a 20 20  20 20 20 20 20 20 20 20
20 20 22 73 65 72 76 65  72 73 22 3a 20 5b 0a 20
20 20 20 20 20 20 20 20  20 20 20 20 20 20 20 7b
0a 20 20 20 20 20 20 20  20 20 20 20 20 20 20 20
20 20 20 20 20 22 61 64  64 72 65 73 73 22 3a 20
22 68 74 74 70 73 3a 2f  2f 38 2e 38 2e 38 2e 38
2f 64 6e 73 2d 71 75 65  72 79 22 2c 0a 20 20 20
20 20 20 20 20 20 20 20  20 20 20 20 20 20 20 20
20 22 74 61 67 22 3a 20  22 72 65 6d 6f 74 65 2d
64 6e 73 22 0a 20 20 20  20 20 20 20 20 20 20 20
20 20 20 20 20 7d 2c 0a  20 20 20 20 20 20 20 20
20 20 20 20 20 20 20 20  7b 0a 20 20 20 20 20 20
20 20 20 20 20 20 20 20  20 20 20 20 20 20 22 61
64 64 72 65 73 73 22 3a  20 22 38 2e 38 2e 38 2e
38 22 2c 0a 20 20 20 20  20 20 20 20 20 20 20 20
20 20 20 20 20 20 20 20  22 64 6f 6d 61 69 6e 73
22 3a 20 5b 0a 20 20 20  20 20 20 20 20 20 20 20
20 20 20 20 20 20 20 20  20 20 20 20 20 22 66 75
6c 6c 3a 77 77 77 2e 73  70 65 65 64 74 65 73 74
2e 6e 65 74 22 0a 20 20  20 20 20 20 20 20 20 20
20 20 20 20 20 20 20 20  20 20 5d 2c 0a 20 20 20
20 20 20 20 20 20 20 20  20 20 20 20 20 20 20 20
20 22 73 6b 69 70 46 61  6c 6c 62 61 63 6b 22 3a
20 74 72 75 65 0a 20 20  20 20 20 20 20 20 20 20
20 20 20 20 20 20 7d 0a  20 20 20 20 20 20 20 20
20 20 20 20 5d 2c 0a 20  20 20 20 20 20 20 20 20
20 20 20 22 71 75 65 72  79 53 74 72 61 74 65 67
79 22 3a 20 22 55 73 65  49 50 22 2c 0a 20 20 20
20 20 20 20 20 20 20 20  20 22 74 61 67 22 3a 20
22 64 6e 73 22 0a 20 20  20 20 20 20 20 20 7d 2c
0a 20 20 20 20 20 20 20  20 22 69 6e 62 6f 75 6e
64 73 22 3a 20 5b 0a 20  20 20 20 20 20 20 20 20
20 20 20 7b 0a 20 20 20  20 20 20 20 20 20 20 20
20 20 20 20 20 22 6c 69  73 74 65 6e 22 3a 20 22
31 32 37 2e 30 2e 30 2e  31 22 2c 0a 20 20 20 20
20 20 20 20 20 20 20 20  20 20 20 20 22 70 6f 72
74 22 3a 20 31 30 38 30  38 2c 0a 20 20 20 20 20
20 20 20 20 20 20 20 20  20 20 20 22 70 72 6f 74
6f 63 6f 6c 22 3a 20 22  73 6f 63 6b 73 22 2c 0a
20 20 20 20 20 20 20 20  20 20 20 20 20 20 20 20
22 73 65 74 74 69 6e 67  73 22 3a 20 7b 0a 20 20
20 20 20 20 20 20 20 20  20 20 20 20 20 20 20 20
20 20 22 61 75 74 68 22  3a 20 22 6e 6f 61 75 74
68 22 2c 0a 20 20 20 20  20 20 20 20 20 20 20 20
20 20 20 20 20 20 20 20  22 75 64 70 22 3a 20 74
72 75 65 0a 20 20 20 20  20 20 20 20 20 20 20 20
20 20 20 20 7d 2c 0a 20  20 20 20 20 20 20 20 20
20 20 20 20 20 20 20 22  73 6e 69 66 66 69 6e 67
22 3a 20 7b 0a 20 20 20  20 20 20 20 20 20 20 20
20 20 20 20 20 20 20 20  20 22 64 65 73 74 4f 76
65 72 72 69 64 65 22 3a  20 5b 0a 20 20 20 20 20
20 20 20 20 20 20 20 20  20 20 20 20 20 20 20 20
20 20 20 22 68 74 74 70  22 2c 0a 20 20 20 20 20
20 20 20 20 20 20 20 20  20 20 20 20 20 20 20 20
20 20 20 22 74 6c 73 22  0a 20 20 20 20 20 20 20
20 20 20 20 20 20 20 20  20 20 20 20 20 5d 2c 0a
20 20 20 20 20 20 20 20  20 20 20 20 20 20 20 20
20 20 20 20 22 65 6e 61  62 6c 65 64 22 3a 20 74
72 75 65 2c 0a 20 20 20  20 20 20 20 20 20 20 20
20 20 20 20 20 20 20 20  20 22 72 6f 75 74 65 4f
6e 6c 79 22 3a 20 74 72  75 65 0a 20 20 20 20 20
20 20 20 20 20 20 20 20  20 20 20 7d 2c 0a 20 20
20 20 20 20 20 20 20 20  20 20 20 20 20 20 22 74
61 67 22 3a 20 22 6d 69  78 65 64 2d 69 6e 22 0a
20 20 20 20 20 20 20 20  20 20 20 20 7d 2c 0a 20
20 20 20 20 20 20 20 20  20 20 20 7b 0a 20 20 20
20 20 20 20 20 20 20 20  20 20 20 20 20 22 6c 69
73 74 65 6e 22 3a 20 22  31 32 37 2e 30 2e 30 2e
31 22 2c 0a 20 20 20 20  20 20 20 20 20 20 20 20
20 20 20 20 22 70 6f 72  74 22 3a 20 31 30 38 35
33 2c 0a 20 20 20 20 20  20 20 20 20 20 20 20 20
20 20 20 22 70 72 6f 74  6f 63 6f 6c 22 3a 20 22
64 6f 6b 6f 64 65 6d 6f  2d 64 6f 6f 72 22 2c 0a
20 20 20 20 20 20 20 20  20 20 20 20 20 20 20 20
22 73 65 74 74 69 6e 67  73 22 3a 20 7b 0a 20 20
20 20 20 20 20 20 20 20  20 20 20 20 20 20 20 20
20 20 22 61 64 64 72 65  73 73 22 3a 20 22 31 2e
31 2e 31 2e 31 22 2c 0a  20 20 20 20 20 20 20 20
20 20 20 20 20 20 20 20  20 20 20 20 22 6e 65 74
77 6f 72 6b 22 3a 20 22  74 63 70 2c 75 64 70 22
2c 0a 20 20 20 20 20 20  20 20 20 20 20 20 20 20
20 20 20 20 20 20 22 70  6f 72 74 22 3a 20 35 33
0a 20 20 20 20 20 20 20  20 20 20 20 20 20 20 20
20 7d 2c 0a 20 20 20 20  20 20 20 20 20 20 20 20
20 20 20 20 22 74 61 67  22 3a 20 22 64 6e 73 2d
69 6e 22 0a 20 20 20 20  20 20 20 20 20 20 20 20
7d 0a 20 20 20 20 20 20  20 20 5d 2c 0a 20 20 20
20 20 20 20 20 22 6f 75  74 62 6f 75 6e 64 73 22
3a 20 5b 0a 20 20 20 20  20 20 20 20 20 20 20 20
7b 0a 20 20 20 20 20 20  20 20 20 20 20 20 20 20
20 20 22 70 72 6f 74 6f  63 6f 6c 22 3a 20 22 74
72 6f 6a 61 6e 22 2c 0a  20 20 20 20 20 20 20 20
20 20 20 20 20 20 20 20  22 73 65 74 74 69 6e 67
73 22 3a 20 7b 0a 20 20  20 20 20 20 20 20 20 20
20 20 20 20 20 20 20 20  20 20 22 73 65 72 76 65
72 73 22 3a 20 5b 0a 20  20 20 20 20 20 20 20 20
20 20 20 20 20 20 20 20  20 20 20 20 20 20 20 7b
0a 20 20 20 20 20 20 20  20 20 20 20 20 20 20 20
20 20 20 20 20 20 20 20  20 20 20 20 20 22 61 64
64 72 65 73 73 22 3a 20  22 77 77 77 2e 73 70 65
65 64 74 65 73 74 2e 6e  65 74 22 2c 0a 20 20 20
20 20 20 20 20 20 20 20  20 20 20 20 20 20 20 20
20 20 20 20 20 20 20 20  20 22 70 6f 72 74 22 3a
20 34 34 33 2c 0a 20 20  20 20 20 20 20 20 20 20
20 20 20 20 20 20 20 20  20 20 20 20 20 20 20 20
20 20 22 70 61 73 73 77  6f 72 64 22 3a 20 22 35
4b 39 75 39 2e 54 6e 72  31 24 5e 22 0a 20 20 20
20 20 20 20 20 20 20 20  20 20 20 20 20 20 20 20
20 20 20 20 20 7d 0a 20  20 20 20 20 20 20 20 20
20 20 20 20 20 20 20 20  20 20 20 5d 0a 20 20 20
20 20 20 20 20 20 20 20  20 20 20 20 20 7d 2c 0a
20 20 20 20 20 20 20 20  20 20 20 20 20 20 20 20
22 73 74 72 65 61 6d 53  65 74 74 69 6e 67 73 22
3a 20 7b 0a 20 20 20 20  20 20 20 20 20 20 20 20
20 20 20 20 20 20 20 20  22 6e 65 74 77 6f 72 6b
22 3a 20 22 77 73 22 2c  0a 20 20 20 20 20 20 20
20 20 20 20 20 20 20 20  20 20 20 20 20 22 77 73
53 65 74 74 69 6e 67 73  22 3a 20 7b 0a 20 20 20
20 20 20 20 20 20 20 20  20 20 20 20 20 20 20 20
20 20 20 20 20 22 68 6f  73 74 22 3a 20 22 77 68
75 61 2d 62 70 2e 38 64  79 2e 78 78 2e 6b 67 22
2c 0a 20 20 20 20 20 20  20 20 20 20 20 20 20 20
20 20 20 20 20 20 20 20  20 20 22 70 61 74 68 22
3a 20 22 2f 65 79 4a 71  64 57 35 72 49 6a 6f 69
63 32 67 78 57 6c 4e 31  61 6a 6c 53 4e 79 49 73
49 6e 42 79 62 33 52 76  59 32 39 73 49 6a 6f 69
64 48 49 69 4c 43 4a 74  62 32 52 6c 49 6a 6f 69
63 48 4a 6c 5a 6d 6c 34  49 69 77 69 63 47 46 75
5a 57 78 4a 55 48 4d 69  4f 6c 73 69 57 7a 49 32
4d 44 49 36 5a 6d 4d 31  4f 54 70 69 4d 44 6f 32
4e 44 6f 36 58 53 49 73  49 6c 73 79 4e 6a 41 79
4f 6d 5a 6a 4e 54 6b 36  4d 54 45 36 4e 6a 51 36
4f 6c 30 69 4c 43 4a 62  4d 6d 45 77 4d 6a 6f 34
4f 54 67 36 4d 54 51 32  4f 6a 59 30 4f 6a 70 64
49 6c 31 39 3f 65 64 3d  32 35 36 30 22 0a 20 20
20 20 20 20 20 20 20 20  20 20 20 20 20 20 20 20
20 20 7d 2c 0a 20 20 20  20 20 20 20 20 20 20 20
20 20 20 20 20 20 20 20  20 22 73 65 63 75 72 69
74 79 22 3a 20 22 74 6c  73 22 2c 0a 20 20 20 20
20 20 20 20 20 20 20 20  20 20 20 20 20 20 20 20
22 74 6c 73 53 65 74 74  69 6e 67 73 22 3a 20 7b
0a 20 20 20 20 20 20 20  20 20 20 20 20 20 20 20
20 20 20 20 20 20 20 20  20 22 73 65 72 76 65 72
4e 61 6d 65 22 3a 20 22  77 68 55 61 2d 62 50 2e
38 44 59 2e 58 58 2e 6b  47 22 2c 0a 20 20 20 20
20 20 20 20 20 20 20 20  20 20 20 20 20 20 20 20
20 20 20 20 22 66 69 6e  67 65 72 70 72 69 6e 74
22 3a 20 22 63 68 72 6f  6d 65 22 2c 0a 20 20 20
20 20 20 20 20 20 20 20  20 20 20 20 20 20 20 20
20 20 20 20 20 22 61 6c  70 6e 22 3a 20 5b 0a 20
20 20 20 20 20 20 20 20  20 20 20 20 20 20 20 20
20 20 20 20 20 20 20 20  20 20 20 22 68 74 74 70
2f 31 2e 31 22 0a 20 20  20 20 20 20 20 20 20 20
20 20 20 20 20 20 20 20  20 20 20 20 20 20 5d 2c
0a 20 20 20 20 20 20 20  20 20 20 20 20 20 20 20
20 20 20 20 20 20 20 20  20 22 61 6c 6c 6f 77 49
6e 73 65 63 75 72 65 22  3a 20 66 61 6c 73 65 0a
20 20 20 20 20 20 20 20  20 20 20 20 20 20 20 20
20 20 20 20 7d 2c 0a 20  20 20 20 20 20 20 20 20
20 20 20 20 20 20 20 20  20 20 20 22 73 6f 63 6b
6f 70 74 22 3a 20 7b 0a  20 20 20 20 20 20 20 20
20 20 20 20 20 20 20 20  20 20 20 20 20 20 20 20
22 64 6f 6d 61 69 6e 53  74 72 61 74 65 67 79 22
3a 20 22 55 73 65 49 50  22 2c 0a 20 20 20 20 20
20 20 20 20 20 20 20 20  20 20 20 20 20 20 20 20
20 20 20 22 68 61 70 70  79 45 79 65 62 61 6c 6c
73 22 3a 20 7b 0a 20 20  20 20 20 20 20 20 20 20
20 20 20 20 20 20 20 20  20 20 20 20 20 20 20 20
20 20 22 74 72 79 44 65  6c 61 79 4d 73 22 3a 20
32 35 30 2c 0a 20 20 20  20 20 20 20 20 20 20 20
20 20 20 20 20 20 20 20  20 20 20 20 20 20 20 20
20 22 70 72 69 6f 72 69  74 69 7a 65 49 50 76 36
22 3a 20 66 61 6c 73 65  2c 0a 20 20 20 20 20 20
20 20 20 20 20 20 20 20  20 20 20 20 20 20 20 20
20 20 20 20 20 20 22 69  6e 74 65 72 6c 65 61 76
65 22 3a 20 32 2c 0a 20  20 20 20 20 20 20 20 20
20 20 20 20 20 20 20 20  20 20 20 20 20 20 20 20
20 20 20 22 6d 61 78 43  6f 6e 63 75 72 72 65 6e
74 54 72 79 22 3a 20 34  0a 20 20 20 20 20 20 20
20 20 20 20 20 20 20 20  20 20 20 20 20 20 20 20
20 7d 0a 20 20 20 20 20  20 20 20 20 20 20 20 20
20 20 20 20 20 20 20 7d  0a 20 20 20 20 20 20 20
20 20 20 20 20 20 20 20  20 7d 2c 0a 20 20 20 20
20 20 20 20 20 20 20 20  20 20 20 20 22 74 61 67
22 3a 20 22 70 72 6f 78  79 22 0a 20 20 20 20 20
20 20 20 20 20 20 20 7d  2c 0a 20 20 20 20 20 20
20 20 20 20 20 20 7b 0a  20 20 20 20 20 20 20 20
20 20 20 20 20 20 20 20  22 70 72 6f 74 6f 63 6f
6c 22 3a 20 22 64 6e 73  22 2c 0a 20 20 20 20 20
20 20 20 20 20 20 20 20  20 20 20 22 73 65 74 74
69 6e 67 73 22 3a 20 7b  0a 20 20 20 20 20 20 20
20 20 20 20 20 20 20 20  20 20 20 20 20 22 6e 6f
6e 49 50 51 75 65 72 79  22 3a 20 22 72 65 6a 65
63 74 22 0a 20 20 20 20  20 20 20 20 20 20 20 20
20 20 20 20 7d 2c 0a 20  20 20 20 20 20 20 20 20
20 20 20 20 20 20 20 22  74 61 67 22 3a 20 22 64
6e 73 2d 6f 75 74 22 0a  20 20 20 20 20 20 20 20
20 20 20 20 7d 2c 0a 20  20 20 20 20 20 20 20 20
20 20 20 7b 0a 20 20 20  20 20 20 20 20 20 20 20
20 20 20 20 20 22 70 72  6f 74 6f 63 6f 6c 22 3a
20 22 66 72 65 65 64 6f  6d 22 2c 0a 20 20 20 20
20 20 20 20 20 20 20 20  20 20 20 20 22 73 65 74
74 69 6e 67 73 22 3a 20  7b 0a 20 20 20 20 20 20
20 20 20 20 20 20 20 20  20 20 20 20 20 20 22 64
6f 6d 61 69 6e 53 74 72  61 74 65 67 79 22 3a 20
22 55 73 65 49 50 22 0a  20 20 20 20 20 20 20 20
20 20 20 20 20 20 20 20  7d 2c 0a 20 20 20 20 20
20 20 20 20 20 20 20 20  20 20 20 22 74 61 67 22
3a 20 22 64 69 72 65 63  74 22 0a 20 20 20 20 20
20 20 20 20 20 20 20 7d  2c 0a 20 20 20 20 20 20
20 20 20 20 20 20 7b 0a  20 20 20 20 20 20 20 20
20 20 20 20 20 20 20 20  22 70 72 6f 74 6f 63 6f
6c 22 3a 20 22 62 6c 61  63 6b 68 6f 6c 65 22 2c
0a 20 20 20 20 20 20 20  20 20 20 20 20 20 20 20
20 22 73 65 74 74 69 6e  67 73 22 3a 20 7b 0a 20
20 20 20 20 20 20 20 20  20 20 20 20 20 20 20 20
20 20 20 22 72 65 73 70  6f 6e 73 65 22 3a 20 7b
0a 20 20 20 20 20 20 20  20 20 20 20 20 20 20 20
20 20 20 20 20 20 20 20  20 22 74 79 70 65 22 3a
20 22 68 74 74 70 22 0a  20 20 20 20 20 20 20 20
20 20 20 20 20 20 20 20  20 20 20 20 7d 0a 20 20
20 20 20 20 20 20 20 20  20 20 20 20 20 20 7d 2c
0a 20 20 20 20 20 20 20  20 20 20 20 20 20 20 20
20 22 74 61 67 22 3a 20  22 62 6c 6f 63 6b 22 0a
20 20 20 20 20 20 20 20  20 20 20 20 7d 0a 20 20
20 20 20 20 20 20 5d 2c  0a 20 20 20 20 20 20 20
20 22 72 6f 75 74 69 6e  67 22 3a 20 7b 0a 20 20
20 20 20 20 20 20 20 20  20 20 22 64 6f 6d 61 69
6e 53 74 72 61 74 65 67  79 22 3a 20 22 49 50 49
66 4e 6f 6e 4d 61 74 63  68 22 2c 0a 20 20 20 20
20 20 20 20 20 20 20 20  22 72 75 6c 65 73 22 3a
20 5b 0a 20 20 20 20 20  20 20 20 20 20 20 20 20
20 20 20 7b 0a 20 20 20  20 20 20 20 20 20 20 20
20 20 20 20 20 20 20 20  20 22 69 6e 62 6f 75 6e
64 54 61 67 22 3a 20 5b  0a 20 20 20 20 20 20 20
20 20 20 20 20 20 20 20  20 20 20 20 20 20 20 20
20 22 6d 69 78 65 64 2d  69 6e 22 0a 20 20 20 20
20 20 20 20 20 20 20 20  20 20 20 20 20 20 20 20
5d 2c 0a 20 20 20 20 20  20 20 20 20 20 20 20 20
20 20 20 20 20 20 20 22  70 6f 72 74 22 3a 20 35
33 2c 0a 20 20 20 20 20  20 20 20 20 20 20 20 20
20 20 20 20 20 20 20 22  6f 75 74 62 6f 75 6e 64
54 61 67 22 3a 20 22 64  6e 73 2d 6f 75 74 22 2c
0a 20 20 20 20 20 20 20  20 20 20 20 20 20 20 20
20 20 20 20 20 22 74 79  70 65 22 3a 20 22 66 69
65 6c 64 22 0a 20 20 20  20 20 20 20 20 20 20 20
20 20 20 20 20 7d 2c 0a  20 20 20 20 20 20 20 20
20 20 20 20 20 20 20 20  7b 0a 20 20 20 20 20 20
20 20 20 20 20 20 20 20  20 20 20 20 20 20 22 69
6e 62 6f 75 6e 64 54 61  67 22 3a 20 5b 0a 20 20
20 20 20 20 20 20 20 20  20 20 20 20 20 20 20 20
20 20 20 20 20 20 22 64  6e 73 2d 69 6e 22 0a 20
20 20 20 20 20 20 20 20  20 20 20 20 20 20 20 20
20 20 20 5d 2c 0a 20 20  20 20 20 20 20 20 20 20
20 20 20 20 20 20 20 20  20 20 22 6f 75 74 62 6f
75 6e 64 54 61 67 22 3a  20 22 64 6e 73 2d 6f 75
74 22 2c 0a 20 20 20 20  20 20 20 20 20 20 20 20
20 20 20 20 20 20 20 20  22 74 79 70 65 22 3a 20
22 66 69 65 6c 64 22 0a  20 20 20 20 20 20 20 20
20 20 20 20 20 20 20 20  7d 2c 0a 20 20 20 20 20
20 20 20 20 20 20 20 20  20 20 20 7b 0a 20 20 20
20 20 20 20 20 20 20 20  20 20 20 20 20 20 20 20
20 22 69 6e 62 6f 75 6e  64 54 61 67 22 3a 20 5b
0a 20 20 20 20 20 20 20  20 20 20 20 20 20 20 20
20 20 20 20 20 20 20 20  20 22 72 65 6d 6f 74 65
2d 64 6e 73 22 0a 20 20  20 20 20 20 20 20 20 20
20 20 20 20 20 20 20 20  20 20 5d 2c 0a 20 20 20
20 20 20 20 20 20 20 20  20 20 20 20 20 20 20 20
20 22 6f 75 74 62 6f 75  6e 64 54 61 67 22 3a 20
22 70 72 6f 78 79 22 2c  0a 20 20 20 20 20 20 20
20 20 20 20 20 20 20 20  20 20 20 20 20 22 74 79
70 65 22 3a 20 22 66 69  65 6c 64 22 0a 20 20 20
20 20 20 20 20 20 20 20  20 20 20 20 20 7d 2c 0a
20 20 20 20 20 20 20 20  20 20 20 20 20 20 20 20
7b 0a 20 20 20 20 20 20  20 20 20 20 20 20 20 20
20 20 20 20 20 20 22 69  6e 62 6f 75 6e 64 54 61
67 22 3a 20 5b 0a 20 20  20 20 20 20 20 20 20 20
20 20 20 20 20 20 20 20  20 20 20 20 20 20 22 64
6e 73 22 0a 20 20 20 20  20 20 20 20 20 20 20 20
20 20 20 20 20 20 20 20  5d 2c 0a 20 20 20 20 20
20 20 20 20 20 20 20 20  20 20 20 20 20 20 20 22
6f 75 74 62 6f 75 6e 64  54 61 67 22 3a 20 22 64
69 72 65 63 74 22 2c 0a  20 20 20 20 20 20 20 20
20 20 20 20 20 20 20 20  20 20 20 20 22 74 79 70
65 22 3a 20 22 66 69 65  6c 64 22 0a 20 20 20 20
20 20 20 20 20 20 20 20  20 20 20 20 7d 2c 0a 20
20 20 20 20 20 20 20 20  20 20 20 20 20 20 20 7b
0a 20 20 20 20 20 20 20  20 20 20 20 20 20 20 20
20 20 20 20 20 22 64 6f  6d 61 69 6e 22 3a 20 5b
0a 20 20 20 20 20 20 20  20 20 20 20 20 20 20 20
20 20 20 20 20 20 20 20  20 22 67 65 6f 73 69 74
65 3a 70 72 69 76 61 74  65 22 0a 20 20 20 20 20
20 20 20 20 20 20 20 20  20 20 20 20 20 20 20 5d
2c 0a 20 20 20 20 20 20  20 20 20 20 20 20 20 20
20 20 20 20 20 20 22 6f  75 74 62 6f 75 6e 64 54
61 67 22 3a 20 22 64 69  72 65 63 74 22 2c 0a 20
20 20 20 20 20 20 20 20  20 20 20 20 20 20 20 20
20 20 20 22 74 79 70 65  22 3a 20 22 66 69 65 6c
64 22 0a 20 20 20 20 20  20 20 20 20 20 20 20 20
20 20 20 7d 2c 0a 20 20  20 20 20 20 20 20 20 20
20 20 20 20 20 20 7b 0a  20 20 20 20 20 20 20 20
20 20 20 20 20 20 20 20  20 20 20 20 22 69 70 22
3a 20 5b 0a 20 20 20 20  20 20 20 20 20 20 20 20
20 20 20 20 20 20 20 20  20 20 20 20 22 67 65 6f
69 70 3a 70 72 69 76 61  74 65 22 0a 20 20 20 20
20 20 20 20 20 20 20 20  20 20 20 20 20 20 20 20
5d 2c 0a 20 20 20 20 20  20 20 20 20 20 20 20 20
20 20 20 20 20 20 20 22  6f 75 74 62 6f 75 6e 64
54 61 67 22 3a 20 22 64  69 72 65 63 74 22 2c 0a
20 20 20 20 20 20 20 20  20 20 20 20 20 20 20 20
20 20 20 20 22 74 79 70  65 22 3a 20 22 66 69 65
6c 64 22 0a 20 20 20 20  20 20 20 20 20 20 20 20
20 20 20 20 7d 2c 0a 20  20 20 20 20 20 20 20 20
20 20 20 20 20 20 20 7b  0a 20 20 20 20 20 20 20
20 20 20 20 20 20 20 20  20 20 20 20 20 22 6e 65
74 77 6f 72 6b 22 3a 20  22 75 64 70 22 2c 0a 20
20 20 20 20 20 20 20 20  20 20 20 20 20 20 20 20
20 20 20 22 6f 75 74 62  6f 75 6e 64 54 61 67 22
3a 20 22 62 6c 6f 63 6b  22 2c 0a 20 20 20 20 20
20 20 20 20 20 20 20 20  20 20 20 20 20 20 20 22
74 79 70 65 22 3a 20 22  66 69 65 6c 64 22 0a 20
20 20 20 20 20 20 20 20  20 20 20 20 20 20 20 7d
2c 0a 20 20 20 20 20 20  20 20 20 20 20 20 20 20
20 20 7b 0a 20 20 20 20  20 20 20 20 20 20 20 20
20 20 20 20 20 20 20 20  22 6e 65 74 77 6f 72 6b
22 3a 20 22 74 63 70 22  2c 0a 20 20 20 20 20 20
20 20 20 20 20 20 20 20  20 20 20 20 20 20 22 6f
75 74 62 6f 75 6e 64 54  61 67 22 3a 20 22 70 72
6f 78 79 22 2c 0a 20 20  20 20 20 20 20 20 20 20
20 20 20 20 20 20 20 20  20 20 22 74 79 70 65 22
3a 20 22 66 69 65 6c 64  22 0a 20 20 20 20 20 20
20 20 20 20 20 20 20 20  20 20 7d 0a 20 20 20 20
20 20 20 20 20 20 20 20  5d 0a 20 20 20 20 20 20
20 20 7d 2c 0a 20 20 20  20 20 20 20 20 22 70 6f
6c 69 63 79 22 3a 20 7b  0a 20 20 20 20 20 20 20
20 20 20 20 20 22 6c 65  76 65 6c 73 22 3a 20 7b
0a 20 20 20 20 20 20 20  20 20 20 20 20 20 20 20
20 22 30 22 3a 20 7b 0a  20 20 20 20 20 20 20 20
20 20 20 20 20 20 20 20  20 20 20 20 22 63 6f 6e
6e 49 64 6c 65 22 3a 20  33 30 30 2c 0a 20 20 20
20 20 20 20 20 20 20 20  20 20 20 20 20 20 20 20
20 22 68 61 6e 64 73 68  61 6b 65 22 3a 20 34 2c
0a 20 20 20 20 20 20 20  20 20 20 20 20 20 20 20
20 20 20 20 20 22 75 70  6c 69 6e 6b 4f 6e 6c 79
22 3a 20 31 2c 0a 20 20  20 20 20 20 20 20 20 20
20 20 20 20 20 20 20 20  20 20 22 64 6f 77 6e 6c
69 6e 6b 4f 6e 6c 79 22  3a 20 31 0a 20 20 20 20
20 20 20 20 20 20 20 20  20 20 20 20 7d 0a 20 20
20 20 20 20 20 20 20 20  20 20 7d 2c 0a 20 20 20
20 20 20 20 20 20 20 20  20 22 73 79 73 74 65 6d
22 3a 20 7b 0a 20 20 20  20 20 20 20 20 20 20 20
20 20 20 20 20 22 73 74  61 74 73 4f 75 74 62 6f
75 6e 64 55 70 6c 69 6e  6b 22 3a 20 74 72 75 65
2c 0a 20 20 20 20 20 20  20 20 20 20 20 20 20 20
20 20 22 73 74 61 74 73  4f 75 74 62 6f 75 6e 64
44 6f 77 6e 6c 69 6e 6b  22 3a 20 74 72 75 65 0a
20 20 20 20 20 20 20 20  20 20 20 20 7d 0a 20 20
20 20 20 20 20 20 7d 2c  0a 20 20 20 20 20 20 20
20 22 73 74 61 74 73 22  3a 20 7b 7d 0a 20 20 20
20 7d 2c 0a 20 20 20 20  7b 0a 20 20 20 20 20 20
20 20 22 72 65 6d 61 72  6b 73 22 3a 20 22 f0 9f
92 a6 20 33 20 2d 20 54  72 6f 6a 61 6e 20 2d 20
49 50 76 34 20 3a 20 34  34 33 22 2c 0a 20 20 20
20 20 20 20 20 22 76 65  72 73 69 6f 6e 22 3a 20
7b 0a 20 20 20 20 20 20  20 20 20 20 20 20 22 6d
69 6e 22 3a 20 22 32 35  2e 31 30 2e 31 35 22 0a
20 20 20 20 20 20 20 20  7d 2c 0a 20 20 20 20 20
20 20 20 22 6c 6f 67 22  3a 20 7b 0a 20 20 20 20
20 20 20 20 20 20 20 20  22 6c 6f 67 6c 65 76 65
6c 22 3a 20 22 77 61 72  6e 69 6e 67 22 0a 20 20
20 20 20 20 20 20 7d 2c  0a 20 20 20 20 20 20 20
20 22 64 6e 73 22 3a 20  7b 0a 20 20 20 20 20 20
20 20 20 20 20 20 22 73  65 72 76 65 72 73 22 3a
20 5b 0a 20 20 20 20 20  20 20 20 20 20 20 20 20
20 20 20 7b 0a 20 20 20  20 20 20 20 20 20 20 20
20 20 20 20 20 20 20 20  20 22 61 64 64 72 65 73
73 22 3a 20 22 68 74 74  70 73 3a 2f 2f 38 2e 38
2e 38 2e 38 2f 64 6e 73  2d 71 75 65 72 79 22 2c
0a 20 20 20 20 20 20 20  20 20 20 20 20 20 20 20
20 20 20 20 20 22 74 61  67 22 3a 20 22 72 65 6d
6f 74 65 2d 64 6e 73 22  0a 20 20 20 20 20 20 20
20 20 20 20 20 20 20 20  20 7d 0a 20 20 20 20 20
20 20 20 20 20 20 20 5d  2c 0a 20 20 20 20 20 20
20 20 20 20 20 20 22 71  75 65 72 79 53 74 72 61
74 65 67 79 22 3a 20 22  55 73 65 49 50 22 2c 0a
20 20 20 20 20 20 20 20  20 20 20 20 22 74 61 67
22 3a 20 22 64 6e 73 22  0a 20 20 20 20 20 20 20
20 7d 2c 0a 20 20 20 20  20 20 20 20 22 69 6e 62
6f 75 6e 64 73 22 3a 20  5b 0a 20 20 20 20 20 20
20 20 20 20 20 20 7b 0a  20 20 20 20 20 20 20 20
20 20 20 20 20 20 20 20  22 6c 69 73 74 65 6e 22
3a 20 22 31 32 37 2e 30  2e 30 2e 31 22 2c 0a 20
20 20 20 20 20 20 20 20  20 20 20 20 20 20 20 22
70 6f 72 74 22 3a 20 31  30 38 30 38 2c 0a 20 20
20 20 20 20 20 20 20 20  20 20 20 20 20 20 22 70
72 6f 74 6f 63 6f 6c 22  3a 20 22 73 6f 63 6b 73
22 2c 0a 20 20 20 20 20  20 20 20 20 20 20 20 20
20 20 20 22 73 65 74 74  69 6e 67 73 22 3a 20 7b
0a 20 20 20 20 20 20 20  20 20 20 20 20 20 20 20
20 20 20 20 20 22 61 75  74 68 22 3a 20 22 6e 6f
61 75 74 68 22 2c 0a 20  20 20 20 20 20 20 20 20
20 20 20 20 20 20 20 20  20 20 20 22 75 64 70 22
3a 20 74 72 75 65 0a 20  20 20 20 20 20 20 20 20
20 20 20 20 20 20 20 7d  2c 0a 20 20 20 20 20 20
20 20 20 20 20 20 20 20  20 20 22 73 6e 69 66 66
69 6e 67 22 3a 20 7b 0a  20 20 20 20 20 20 20 20
20 20 20 20 20 20 20 20  20 20 20 20 22 64 65 73
74 4f 76 65 72 72 69 64  65 22 3a 20 5b 0a 20 20
20 20 20 20 20 20 20 20  20 20 20 20 20 20 20 20
20 20 20 20 20 20 22 68  74 74 70 22 2c 0a 20 20
20 20 20 20 20 20 20 20  20 20 20 20 20 20 20 20
20 20 20 20 20 20 22 74  6c 73 22 0a 20 20 20 20
20 20 20 20 20 20 20 20  20 20 20 20 20 20 20 20
5d 2c 0a 20 20 20 20 20  20 20 20 20 20 20 20 20
20 20 20 20 20 20 20 22  65 6e 61 62 6c 65 64 22
3a 20 74 72 75 65 2c 0a  20 20 20 20 20 20 20 20
20 20 20 20 20 20 20 20  20 20 20 20 22 72 6f 75
74 65 4f 6e 6c 79 22 3a  20 74 72 75 65 0a 20 20
20 20 20 20 20 20 20 20  20 20 20 20 20 20 7d 2c
0a 20 20 20 20 20 20 20  20 20 20 20 20 20 20 20
20 22 74 61 67 22 3a 20  22 6d 69 78 65 64 2d 69
6e 22 0a 20 20 20 20 20  20 20 20 20 20 20 20 7d
2c 0a 20 20 20 20 20 20  20 20 20 20 20 20 7b 0a
20 20 20 20 20 20 20 20  20 20 20 20 20 20 20 20
22 6c 69 73 74 65 6e 22  3a 20 22 31 32 37 2e 30
2e 30 2e 31 22 2c 0a 20  20 20 20 20 20 20 20 20
20 20 20 20 20 20 20 22  70 6f 72 74 22 3a 20 31
30 38 35 33 2c 0a 20 20  20 20 20 20 20 20 20 20
20 20 20 20 20 20 22 70  72 6f 74 6f 63 6f 6c 22
3a 20 22 64 6f 6b 6f 64  65 6d 6f 2d 64 6f 6f 72
22 2c 0a 20 20 20 20 20  20 20 20 20 20 20 20 20
20 20 20 22 73 65 74 74  69 6e 67 73 22 3a 20 7b
0a 20 20 20 20 20 20 20  20 20 20 20 20 20 20 20
20 20 20 20 20 22 61 64  64 72 65 73 73 22 3a 20
22 31 2e 31 2e 31 2e 31  22 2c 0a 20 20 20 20 20
20 20 20 20 20 20 20 20  20 20 20 20 20 20 20 22
6e 65 74 77 6f 72 6b 22  3a 20 22 74 63 70 2c 75
64 70 22 2c 0a 20 20 20  20 20 20 20 20 20 20 20
20 20 20 20 20 20 20 20  20 22 70 6f 72 74 22 3a
20 35 33 0a 20 20 20 20  20 20 20 20 20 20 20 20
20 20 20 20 7d 2c 0a 20  20 20 20 20 20 20 20 20
20 20 20 20 20 20 20 22  74 61 67 22 3a 20 22 64
6e 73 2d 69 6e 22 0a 20  20 20 20 20 20 20 20 20
20 20 20 7d 0a 20 20 20  20 20 20 20 20 5d 2c 0a
20 20 20 20 20 20 20 20  22 6f 75 74 62 6f 75 6e
64 73 22 3a 20 5b 0a 20  20 20 20 20 20 20 20 20
20 20 20 7b 0a 20 20 20  20 20 20 20 20 20 20 20
20 20 20 20 20 22 70 72  6f 74 6f 63 6f 6c 22 3a
20 22 74 72 6f 6a 61 6e  22 2c 0a 20 20 20 20 20
20 20 20 20 20 20 20 20  20 20 20 22 73 65 74 74
69 6e 67 73 22 3a 20 7b  0a 20 20 20 20 20 20 20
20 20 20 20 20 20 20 20  20 20 20 20 20 22 73 65
72 76 65 72 73 22 3a 20  5b 0a 20 20 20 20 20 20
20 20 20 20 20 20 20 20  20 20 20 20 20 20 20 20
20 20 7b 0a 20 20 20 20  20 20 20 20 20 20 20 20
20 20 20 20 20 20 20 20  20 20 20 20 20 20 20 20
22 61 64 64 72 65 73 73  22 3a 20 22 31 38 38 2e
31 31 34 2e 39 36 2e 30  22 2c 0a 20 20 20 20 20
20 20 20 20 20 20 20 20  20 20 20 20 20 20 20 20
20 20 20 20 20 20 20 22  70 6f 72 74 22 3a 20 34
34 33 2c 0a 20 20 20 20  20 20 20 20 20 20 20 20
20 20 20 20 20 20 20 20  20 20 20 20 20 20 20 20
22 70 61 73 73 77 6f 72  64 22 3a 20 22 35 4b 39
75 39 2e 54 6e 72 31 24  5e 22 0a 20 20 20 20 20
20 20 20 20 20 20 20 20  20 20 20 20 20 20 20 20
20 20 20 7d 0a 20 20 20  20 20 20 20 20 20 20 20
20 20 20 20 20 20 20 20  20 5d 0a 20 20 20 20 20
20 20 20 20 20 20 20 20  20 20 20 7d 2c 0a 20 20
20 20 20 20 20 20 20 20  20 20 20 20 20 20 22 73
74 72 65 61 6d 53 65 74  74 69 6e 67 73 22 3a 20
7b 0a 20 20 20 20 20 20  20 20 20 20 20 20 20 20
20 20 20 20 20 20 22 6e  65 74 77 6f 72 6b 22 3a
20 22 77 73 22 2c 0a 20  20 20 20 20 20 20 20 20
20 20 20 20 20 20 20 20  20 20 20 22 77 73 53 65
74 74 69 6e 67 73 22 3a  20 7b 0a 20 20 20 20 20
20 20 20 20 20 20 20 20  20 20 20 20 20 20 20 20
20 20 20 22 68 6f 73 74  22 3a 20 22 77 68 75 61
2d 62 70 2e 38 64 79 2e  78 78 2e 6b 67 22 2c 0a
20 20 20 20 20 20 20 20  20 20 20 20 20 20 20 20
20 20 20 20 20 20 20 20  22 70 61 74 68 22 3a 20
22 2f 65 79 4a 71 64 57  35 72 49 6a 6f 69 5a 57
35 70 4d 58 64 47 53 31  49 31 49 69 77 69 63 48
4a 76 64 47 39 6a 62 32  77 69 4f 69 4a 30 63 69
49 73 49 6d 31 76 5a 47  55 69 4f 69 4a 77 63 6d
56 6d 61 58 67 69 4c 43  4a 77 59 57 35 6c 62 45
6c 51 63 79 49 36 57 79  4a 62 4d 6a 59 77 4d 6a
70 6d 59 7a 55 35 4f 6d  49 77 4f 6a 59 30 4f 6a
70 64 49 69 77 69 57 7a  49 32 4d 44 49 36 5a 6d
4d 31 4f 54 6f 78 4d 54  6f 32 4e 44 6f 36 58 53
49 73 49 6c 73 79 59 54  41 79 4f 6a 67 35 4f 44
6f 78 4e 44 59 36 4e 6a  51 36 4f 6c 30 69 58 58
30 3d 3f 65 64 3d 32 35  36 30 22 0a 20 20 20 20
20 20 20 20 20 20 20 20  20 20 20 20 20 20 20 20
7d 2c 0a 20 20 20 20 20  20 20 20 20 20 20 20 20
20 20 20 20 20 20 20 22  73 65 63 75 72 69 74 79
22 3a 20 22 74 6c 73 22  2c 0a 20 20 20 20 20 20
20 20 20 20 20 20 20 20  20 20 20 20 20 20 22 74
6c 73 53 65 74 74 69 6e  67 73 22 3a 20 7b 0a 20
20 20 20 20 20 20 20 20  20 20 20 20 20 20 20 20
20 20 20 20 20 20 20 22  73 65 72 76 65 72 4e 61
6d 65 22 3a 20 22 57 68  55 41 2d 62 50 2e 38 44
79 2e 58 78 2e 6b 67 22  2c 0a 20 20 20 20 20 20
20 20 20 20 20 20 20 20  20 20 20 20 20 20 20 20
20 20 22 66 69 6e 67 65  72 70 72 69 6e 74 22 3a
20 22 63 68 72 6f 6d 65  22 2c 0a 20 20 20 20 20
20 20 20 20 20 20 20 20  20 20 20 20 20 20 20 20
20 20 20 22 61 6c 70 6e  22 3a 20 5b 0a 20 20 20
20 20 20 20 20 20 20 20  20 20 20 20 20 20 20 20
20 20 20 20 20 20 20 20  20 22 68 74 74 70 2f 31
2e 31 22 0a 20 20 20 20  20 20 20 20 20 20 20 20
20 20 20 20 20 20 20 20  20 20 20 20 5d 2c 0a 20
20 20 20 20 20 20 20 20  20 20 20 20 20 20 20 20
20 20 20 20 20 20 20 22  61 6c 6c 6f 77 49 6e 73
65 63 75 72 65 22 3a 20  66 61 6c 73 65 0a 20 20
20 20 20 20 20 20 20 20  20 20 20 20 20 20 20 20
20 20 7d 2c 0a 20 20 20  20 20 20 20 20 20 20 20
20 20 20 20 20 20 20 20  20 22 73 6f 63 6b 6f 70
74 22 3a 20 7b 0a 20 20  20 20 20 20 20 20 20 20
20 20 20 20 20 20 20 20  20 20 20 20 20 20 22 64
6f 6d 61 69 6e 53 74 72  61 74 65 67 79 22 3a 20
22 55 73 65 49 50 22 2c  0a 20 20 20 20 20 20 20
20 20 20 20 20 20 20 20  20 20 20 20 20 20 20 20
20 22 68 61 70 70 79 45  79 65 62 61 6c 6c 73 22
3a 20 7b 0a 20 20 20 20  20 20 20 20 20 20 20 20
20 20 20 20 20 20 20 20  20 20 20 20 20 20 20 20
22 74 72 79 44 65 6c 61  79 4d 73 22 3a 20 32 35
30 2c 0a 20 20 20 20 20  20 20 20 20 20 20 20 20
20 20 20 20 20 20 20 20  20 20 20 20 20 20 20 22
70 72 69 6f 72 69 74 69  7a 65 49 50 76 36 22 3a
20 66 61 6c 73 65 2c 0a  20 20 20 20 20 20 20 20
20 20 20 20 20 20 20 20  20 20 20 20 20 20 20 20
20 20 20 20 22 69 6e 74  65 72 6c 65 61 76 65 22
3a 20 32 2c 0a 20 20 20  20 20 20 20 20 20 20 20
20 20 20 20 20 20 20 20  20 20 20 20 20 20 20 20
20 22 6d 61 78 43 6f 6e  63 75 72 72 65 6e 74 54
72 79 22 3a 20 34 0a 20  20 20 20 20 20 20 20 20
20 20 20 20 20 20 20 20  20 20 20 20 20 20 20 7d
0a 20 20 20 20 20 20 20  20 20 20 20 20 20 20 20
20 20 20 20 20 7d 0a 20  20 20 20 20 20 20 20 20
20 20 20 20 20 20 20 7d  2c 0a 20 20 20 20 20 20
20 20 20 20 20 20 20 20  20 20 22 74 61 67 22 3a
20 22 70 72 6f 78 79 22  0a 20 20 20 20 20 20 20
20 20 20 20 20 7d 2c 0a  20 20 20 20 20 20 20 20
20 20 20 20 7b 0a 20 20  20 20 20 20 20 20 20 20
20 20 20 20 20 20 22 70  72 6f 74 6f 63 6f 6c 22
3a 20 22 64 6e 73 22 2c  0a 20 20 20 20 20 20 20
20 20 20 20 20 20 20 20  20 22 73 65 74 74 69 6e
67 73 22 3a 20 7b 0a 20  20 20 20 20 20 20 20 20
20 20 20 20 20 20 20 20  20 20 20 22 6e 6f 6e 49
50 51 75 65 72 79 22 3a  20 22 72 65 6a 65 63 74
22 0a 20 20 20 20 20 20  20 20 20 20 20 20 20 20
20 20 7d 2c 0a 20 20 20  20 20 20 20 20 20 20 20
20 20 20 20 20 22 74 61  67 22 3a 20 22 64 6e 73
2d 6f 75 74 22 0a 20 20  20 20 20 20 20 20 20 20
20 20 7d 2c 0a 20 20 20  20 20 20 20 20 20 20 20
20 7b 0a 20 20 20 20 20  20 20 20 20 20 20 20 20
20 20 20 22 70 72 6f 74  6f 63 6f 6c 22 3a 20 22
66 72 65 65 64 6f 6d 22  2c 0a 20 20 20 20 20 20
20 20 20 20 20 20 20 20  20 20 22 73 65 74 74 69
6e 67 73 22 3a 20 7b 0a  20 20 20 20 20 20 20 20
20 20 20 20 20 20 20 20  20 20 20 20 22 64 6f 6d
61 69 6e 53 74 72 61 74  65 67 79 22 3a 20 22 55
73 65 49 50 22 0a 20 20  20 20 20 20 20 20 20 20
20 20 20 20 20 20 7d 2c  0a 20 20 20 20 20 20 20
20 20 20 20 20 20 20 20  20 22 74 61 67 22 3a 20
22 64 69 72 65 63 74 22  0a 20 20 20 20 20 20 20
20 20 20 20 20 7d 2c 0a  20 20 20 20 20 20 20 20
20 20 20 20 7b 0a 20 20  20 20 20 20 20 20 20 20
20 20 20 20 20 20 22 70  72 6f 74 6f 63 6f 6c 22
3a 20 22 62 6c 61 63 6b  68 6f 6c 65 22 2c 0a 20
20 20 20 20 20 20 20 20  20 20 20 20 20 20 20 22
73 65 74 74 69 6e 67 73  22 3a 20 7b 0a 20 20 20
20 20 20 20 20 20 20 20  20 20 20 20 20 20 20 20
20 22 72 65 73 70 6f 6e  73 65 22 3a 20 7b 0a 20
20 20 20 20 20 20 20 20  20 20 20 20 20 20 20 20
20 20 20 20 20 20 20 22  74 79 70 65 22 3a 20 22
68 74 74 70 22 0a 20 20  20 20 20 20 20 20 20 20
20 20 20 20 20 20 20 20  20 20 7d 0a 20 20 20 20
20 20 20 20 20 20 20 20  20 20 20 20 7d 2c 0a 20
20 20 20 20 20 20 20 20  20 20 20 20 20 20 20 22
74 61 67 22 3a 20 22 62  6c 6f 63 6b 22 0a 20 20
20 20 20 20 20 20 20 20  20 20 7d 0a 20 20 20 20
20 20 20 20 5d 2c 0a 20  20 20 20 20 20 20 20 22
72 6f 75 74 69 6e 67 22  3a 20 7b 0a 20 20 20 20
20 20 20 20 20 20 20 20  22 64 6f 6d 61 69 6e 53
74 72 61 74 65 67 79 22  3a 20 22 49 50 49 66 4e
6f 6e 4d 61 74 63 68 22  2c 0a 20 20 20 20 20 20
20 20 20 20 20 20 22 72  75 6c 65 73 22 3a 20 5b
0a 20 20 20 20 20 20 20  20 20 20 20 20 20 20 20
20 7b 0a 20 20 20 20 20  20 20 20 20 20 20 20 20
20 20 20 20 20 20 20 22  69 6e 62 6f 75 6e 64 54
61 67 22 3a 20 5b 0a 20  20 20 20 20 20 20 20 20
20 20 20 20 20 20 20 20  20 20 20 20 20 20 20 22
6d 69 78 65 64 2d 69 6e  22 0a 20 20 20 20 20 20
20 20 20 20 20 20 20 20  20 20 20 20 20 20 5d 2c
0a 20 20 20 20 20 20 20  20 20 20 20 20 20 20 20
20 20 20 20 20 22 70 6f  72 74 22 3a 20 35 33 2c
0a 20 20 20 20 20 20 20  20 20 20 20 20 20 20 20
20 20 20 20 20 22 6f 75  74 62 6f 75 6e 64 54 61
67 22 3a 20 22 64 6e 73  2d 6f 75 74 22 2c 0a 20
20 20 20 20 20 20 20 20  20 20 20 20 20 20 20 20
20 20 20 22 74 79 70 65  22 3a 20 22 66 69 65 6c
64 22 0a 20 20 20 20 20  20 20 20 20 20 20 20 20
20 20 20 7d 2c 0a 20 20  20 20 20 20 20 20 20 20
20 20 20 20 20 20 7b 0a  20 20 20 20 20 20 20 20
20 20 20 20 20 20 20 20  20 20 20 20 22 69 6e 62
6f 75 6e 64 54 61 67 22  3a 20 5b 0a 20 20 20 20
20 20 20 20 20 20 20 20  20 20 20 20 20 20 20 20
20 20 20 20 22 64 6e 73  2d 69 6e 22 0a 20 20 20
20 20 20 20 20 20 20 20  20 20 20 20 20 20 20 20
20 5d 2c 0a 20 20 20 20  20 20 20 20 20 20 20 20
20 20 20 20 20 20 20 20  22 6f 75 74 62 6f 75 6e
64 54 61 67 22 3a 20 22  64 6e 73 2d 6f 75 74 22
2c 0a 20 20 20 20 20 20  20 20 20 20 20 20 20 20
20 20 20 20 20 20 22 74  79 70 65 22 3a 20 22 66
69 65 6c 64 22 0a 20 20  20 20 20 20 20 20 20 20
20 20 20 20 20 20 7d 2c  0a 20 20 20 20 20 20 20
20 20 20 20 20 20 20 20  20 7b 0a 20 20 20 20 20
20 20 20 20 20 20 20 20  20 20 20 20 20 20 20 22
69 6e 62 6f 75 6e 64 54  61 67 22 3a 20 5b 0a 20
20 20 20 20 20 20 20 20  20 20 20 20 20 20 20 20
20 20 20 20 20 20 20 22  72 65 6d 6f 74 65 2d 64
6e 73 22 0a 20 20 20 20  20 20 20 20 20 20 20 20
20 20 20 20 20 20 20 20  5d 2c 0a 20 20 20 20 20
20 20 20 20 20 20 20 20  20 20 20 20 20 20 20 22
6f 75 74 62 6f 75 6e 64  54 61 67 22 3a 20 22 70
72 6f 78 79 22 2c 0a 20  20 20 20 20 20 20 20 20
20 20 20 20 20 20 20 20  20 20 20 22 74 79 70 65
22 3a 20 22 66 69 65 6c  64 22 0a 20 20 20 20 20
20 20 20 20 20 20 20 20  20 20 20 7d 2c 0a 20 20
20 20 20 20 20 20 20 20  20 20 20 20 20 20 7b 0a
20 20 20 20 20 20 20 20  20 20 20 20 20 20 20 20
20 20 20 20 22 69 6e 62  6f 75 6e 64 54 61 67 22
3a 20 5b 0a 20 20 20 20  20 20 20 20 20 20 20 20
20 20 20 20 20 20 20 20  20 20 20 20 22 64 6e 73
22 0a 20 20 20 20 20 20  20 20 20 20 20 20 20 20
20 20 20 20 20 20 5d 2c  0a 20 20 20 20 20 20 20
20 20 20 20 20 20 20 20  20 20 20 20 20 22 6f 75
74 62 6f 75 6e 64 54 61  67 22 3a 20 22 64 69 72
65 63 74 22 2c 0a 20 20  20 20 20 20 20 20 20 20
20 20 20 20 20 20 20 20  20 20 22 74 79 70 65 22
3a 20 22 66 69 65 6c 64  22 0a 20 20 20 20 20 20
20 20 20 20 20 20 20 20  20 20 7d 2c 0a 20 20 20
20 20 20 20 20 20 20 20  20 20 20 20 20 7b 0a 20
20 20 20 20 20 20 20 20  20 20 20 20 20 20 20 20
20 20 20 22 64 6f 6d 61  69 6e 22 3a 20 5b 0a 20
20 20 20 20 20 20 20 20  20 20 20 20 20 20 20 20
20 20 20 20 20 20 20 22  67 65 6f 73 69 74 65 3a
70 72 69 76 61 74 65 22  0a 20 20 20 20 20 20 20
20 20 20 20 20 20 20 20  20 20 20 20 20 5d 2c 0a
20 20 20 20 20 20 20 20  20 20 20 20 20 20 20 20
20 20 20 20 22 6f 75 74  62 6f 75 6e 64 54 61 67
22 3a 20 22 64 69 72 65  63 74 22 2c 0a 20 20 20
20 20 20 20 20 20 20 20  20 20 20 20 20 20 20 20
20 22 74 79 70 65 22 3a  20 22 66 69 65 6c 64 22
0a 20 20 20 20 20 20 20  20 20 20 20 20 20 20 20
20 7d 2c 0a 20 20 20 20  20 20 20 20 20 20 20 20
20 20 20 20 7b 0a 20 20  20 20 20 20 20 20 20 20
20 20 20 20 20 20 20 20  20 20 22 69 70 22 3a 20
5b 0a 20 20 20 20 20 20  20 20 20 20 20 20 20 20
20 20 20 20 20 20 20 20  20 20 22 67 65 6f 69 70
3a 70 72 69 76 61 74 65  22 0a 20 20 20 20 20 20
20 20 20 20 20 20 20 20  20 20 20 20 20 20 5d 2c
0a 20 20 20 20 20 20 20  20 20 20 20 20 20 20 20
20 20 20 20 20 22 6f 75  74 62 6f 75 6e 64 54 61
67 22 3a 20 22 64 69 72  65 63 74 22 2c 0a 20 20
20 20 20 20 20 20 20 20  20 20 20 20 20 20 20 20
20 20 22 74 79 70 65 22  3a 20 22 66 69 65 6c 64
22 0a 20 20 20 20 20 20  20 20 20 20 20 20 20 20
20 20 7d 2c 0a 20 20 20  20 20 20 20 20 20 20 20
20 20 20 20 20 7b 0a 20  20 20 20 20 20 20 20 20
20 20 20 20 20 20 20 20  20 20 20 22 6e 65 74 77
6f 72 6b 22 3a 20 22 75  64 70 22 2c 0a 20 20 20
20 20 20 20 20 20 20 20  20 20 20 20 20 20 20 20
20 22 6f 75 74 62 6f 75  6e 64 54 61 67 22 3a 20
22 62 6c 6f 63 6b 22 2c  0a 20 20 20 20 20 20 20
20 20 20 20 20 20 20 20  20 20 20 20 20 22 74 79
70 65 22 3a 20 22 66 69  65 6c 64 22 0a 20 20 20
20 20 20 20 20 20 20 20  20 20 20 20 20 7d 2c 0a
20 20 20 20 20 20 20 20  20 20 20 20 20 20 20 20
7b 0a 20 20 20 20 20 20  20 20 20 20 20 20 20 20
20 20 20 20 20 20 22 6e  65 74 77 6f 72 6b 22 3a
20 22 74 63 70 22 2c 0a  20 20 20 20 20 20 20 20
20 20 20 20 20 20 20 20  20 20 20 20 22 6f 75 74
62 6f 75 6e 64 54 61 67  22 3a 20 22 70 72 6f 78
79 22 2c 0a 20 20 20 20  20 20 20 20 20 20 20 20
20 20 20 20 20 20 20 20  22 74 79 70 65 22 3a 20
22 66 69 65 6c 64 22 0a  20 20 20 20 20 20 20 20
20 20 20 20 20 20 20 20  7d 0a 20 20 20 20 20 20
20 20 20 20 20 20 5d 0a  20 20 20 20 20 20 20 20
7d 2c 0a 20 20 20 20 20  20 20 20 22 70 6f 6c 69
63 79 22 3a 20 7b 0a 20  20 20 20 20 20 20 20 20
20 20 20 22 6c 65 76 65  6c 73 22 3a 20 7b 0a 20
20 20 20 20 20 20 20 20  20 20 20 20 20 20 20 22
30 22 3a 20 7b 0a 20 20  20 20 20 20 20 20 20 20
20 20 20 20 20 20 20 20  20 20 22 63 6f 6e 6e 49
64 6c 65 22 3a 20 33 30  30 2c 0a 20 20 20 20 20
20 20 20 20 20 20 20 20  20 20 20 20 20 20 20 22
68 61 6e 64 73 68 61 6b  65 22 3a 20 34 2c 0a 20
20 20 20 20 20 20 20 20  20 20 20 20 20 20 20 20
20 20 20 22 75 70 6c 69  6e 6b 4f 6e 6c 79 22 3a
20 31 2c 0a 20 20 20 20  20 20 20 20 20 20 20 20
20 20 20 20 20 20 20 20  22 64 6f 77 6e 6c 69 6e
6b 4f 6e 6c 79 22 3a 20  31 0a 20 20 20 20 20 20
20 20 20 20 20 20 20 20  20 20 7d 0a 20 20 20 20
20 20 20 20 20 20 20 20  7d 2c 0a 20 20 20 20 20
20 20 20 20 20 20 20 22  73 79 73 74 65 6d 22 3a
20 7b 0a 20 20 20 20 20  20 20 20 20 20 20 20 20
20 20 20 22 73 74 61 74  73 4f 75 74 62 6f 75 6e
64 55 70 6c 69 6e 6b 22  3a 20 74 72 75 65 2c 0a
20 20 20 20 20 20 20 20  20 20 20 20 20 20 20 20
22 73 74 61 74 73 4f 75  74 62 6f 75 6e 64 44 6f
77 6e 6c 69 6e 6b 22 3a  20 74 72 75 65 0a 20 20
20 20 20 20 20 20 20 20  20 20 7d 0a 20 20 20 20
20 20 20 20 7d 2c 0a 20  20 20 20 20 20 20 20 22
73 74 61 74 73 22 3a 20  7b 7d 0a 20 20 20 20 7d
2c 0a 20 20 20 20 7b 0a  20 20 20 20 20 20 20 20
22 72 65 6d 61 72 6b 73  22 3a 20 22 f0 9f 92 a6
20 34 20 2d 20 54 72 6f  6a 61 6e 20 2d 20 49 50
76 34 20 3a 20 34 34 33  22 2c 0a 20 20 20 20 20
20 20 20 22 76 65 72 73  69 6f 6e 22 3a 20 7b 0a
20 20 20 20 20 20 20 20  20 20 20 20 22 6d 69 6e
22 3a 20 22 32 35 2e 31  30 2e 31 35 22 0a 20 20
20 20 20 20 20 20 7d 2c  0a 20 20 20 20 20 20 20
20 22 6c 6f 67 22 3a 20  7b 0a 20 20 20 20 20 20
20 20 20 20 20 20 22 6c  6f 67 6c 65 76 65 6c 22
3a 20 22 77 61 72 6e 69  6e 67 22 0a 20 20 20 20
20 20 20 20 7d 2c 0a 20  20 20 20 20 20 20 20 22
64 6e 73 22 3a 20 7b 0a  20 20 20 20 20 20 20 20
20 20 20 20 22 73 65 72  76 65 72 73 22 3a 20 5b
0a 20 20 20 20 20 20 20  20 20 20 20 20 20 20 20
20 7b 0a 20 20 20 20 20  20 20 20 20 20 20 20 20
20 20 20 20 20 20 20 22  61 64 64 72 65 73 73 22
3a 20 22 68 74 74 70 73  3a 2f 2f 38 2e 38 2e 38
2e 38 2f 64 6e 73 2d 71  75 65 72 79 22 2c 0a 20
20 20 20 20 20 20 20 20  20 20 20 20 20 20 20 20
20 20 20 22 74 61 67 22  3a 20 22 72 65 6d 6f 74
65 2d 64 6e 73 22 0a 20  20 20 20 20 20 20 20 20
20 20 20 20 20 20 20 7d  0a 20 20 20 20 20 20 20
20 20 20 20 20 5d 2c 0a  20 20 20 20 20 20 20 20
20 20 20 20 22 71 75 65  72 79 53 74 72 61 74 65
67 79 22 3a 20 22 55 73  65 49 50 22 2c 0a 20 20
20 20 20 20 20 20 20 20  20 20 22 74 61 67 22 3a
20 22 64 6e 73 22 0a 20  20 20 20 20 20 20 20 7d
2c 0a 20 20 20 20 20 20  20 20 22 69 6e 62 6f 75
6e 64 73 22 3a 20 5b 0a  20 20 20 20 20 20 20 20
20 20 20 20 7b 0a 20 20  20 20 20 20 20 20 20 20
20 20 20 20 20 20 22 6c  69 73 74 65 6e 22 3a 20
22 31 32 37 2e 30 2e 30  2e 31 22 2c 0a 20 20 20
20 20 20 20 20 20 20 20  20 20 20 20 20 22 70 6f
72 74 22 3a 20 31 30 38  30 38 2c 0a 20 20 20 20
20 20 20 20 20 20 20 20  20 20 20 20 22 70 72 6f
74 6f 63 6f 6c 22 3a 20  22 73 6f 63 6b 73 22 2c
0a 20 20 20 20 20 20 20  20 20 20 20 20 20 20 20
20 22 73 65 74 74 69 6e  67 73 22 3a 20 7b 0a 20
20 20 20 20 20 20 20 20  20 20 20 20 20 20 20 20
20 20 20 22 61 75 74 68  22 3a 20 22 6e 6f 61 75
74 68 22 2c 0a 20 20 20  20 20 20 20 20 20 20 20
20 20 20 20 20 20 20 20  20 22 75 64 70 22 3a 20
74 72 75 65 0a 20 20 20  20 20 20 20 20 20 20 20
20 20 20 20 20 7d 2c 0a  20 20 20 20 20 20 20 20
20 20 20 20 20 20 20 20  22 73 6e 69 66 66 69 6e
67 22 3a 20 7b 0a 20 20  20 20 20 20 20 20 20 20
20 20 20 20 20 20 20 20  20 20 22 64 65 73 74 4f
76 65 72 72 69 64 65 22  3a 20 5b 0a 20 20 20 20
20 20 20 20 20 20 20 20  20 20 20 20 20 20 20 20
20 20 20 20 22 68 74 74  70 22 2c 0a 20 20 20 20
20 20 20 20 20 20 20 20  20 20 20 20 20 20 20 20
20 20 20 20 22 74 6c 73  22 0a 20 20 20 20 20 20
20 20 20 20 20 20 20 20  20 20 20 20 20 20 5d 2c
0a 20 20 20 20 20 20 20  20 20 20 20 20 20 20 20
20 20 20 20 20 22 65 6e  61 62 6c 65 64 22 3a 20
74 72 75 65 2c 0a 20 20  20 20 20 20 20 20 20 20
20 20 20 20 20 20 20 20  20 20 22 72 6f 75 74 65
4f 6e 6c 79 22 3a 20 74  72 75 65 0a 20 20 20 20
20 20 20 20 20 20 20 20  20 20 20 20 7d 2c 0a 20
20 20 20 20 20 20 20 20  20 20 20 20 20 20 20 22
74 61 67 22 3a 20 22 6d  69 78 65 64 2d 69 6e 22
0a 20 20 20 20 20 20 20  20 20 20 20 20 7d 2c 0a
20 20 20 20 20 20 20 20  20 20 20 20 7b 0a 20 20
20 20 20 20 20 20 20 20  20 20 20 20 20 20 22 6c
69 73 74 65 6e 22 3a 20  22 31 32 37 2e 30 2e 30
2e 31 22 2c 0a 20 20 20  20 20 20 20 20 20 20 20
20 20 20 20 20 22 70 6f  72 74 22 3a 20 31 30 38
35 33 2c 0a 20 20 20 20  20 20 20 20 20 20 20 20
20 20 20 20 22 70 72 6f  74 6f 63 6f 6c 22 3a 20
22 64 6f 6b 6f 64 65 6d  6f 2d 64 6f 6f 72 22 2c
0a 20 20 20 20 20 20 20  20 20 20 20 20 20 20 20
20 22 73 65 74 74 69 6e  67 73 22 3a 20 7b 0a 20
20 20 20 20 20 20 20 20  20 20 20 20 20 20 20 20
20 20 20 22 61 64 64 72  65 73 73 22 3a 20 22 31
2e 31 2e 31 2e 31 22 2c  0a 20 20 20 20 20 20 20
20 20 20 20 20 20 20 20  20 20 20 20 20 22 6e 65
74 77 6f 72 6b 22 3a 20  22 74 63 70 2c 75 64 70
22 2c 0a 20 20 20 20 20  20 20 20 20 20 20 20 20
20 20 20 20 20 20 20 22  70 6f 72 74 22 3a 20 35
33 0a 20 20 20 20 20 20  20 20 20 20 20 20 20 20
20 20 7d 2c 0a 20 20 20  20 20 20 20 20 20 20 20
20 20 20 20 20 22 74 61  67 22 3a 20 22 64 6e 73
2d 69 6e 22 0a 20 20 20  20 20 20 20 20 20 20 20
20 7d 0a 20 20 20 20 20  20 20 20 5d 2c 0a 20 20
20 20 20 20 20 20 22 6f  75 74 62 6f 75 6e 64 73
22 3a 20 5b 0a 20 20 20  20 20 20 20 20 20 20 20
20 7b 0a 20 20 20 20 20  20 20 20 20 20 20 20 20
20 20 20 22 70 72 6f 74  6f 63 6f 6c 22 3a 20 22
74 72 6f 6a 61 6e 22 2c  0a 20 20 20 20 20 20 20
20 20 20 20 20 20 20 20  20 22 73 65 74 74 69 6e
67 73 22 3a 20 7b 0a 20  20 20 20 20 20 20 20 20
20 20 20 20 20 20 20 20  20 20 20 22 73 65 72 76
65 72 73 22 3a 20 5b 0a  20 20 20 20 20 20 20 20
20 20 20 20 20 20 20 20  20 20 20 20 20 20 20 20
7b 0a 20 20 20 20 20 20  20 20 20 20 20 20 20 20
20 20 20 20 20 20 20 20  20 20 20 20 20 20 22 61
64 64 72 65 73 73 22 3a  20 22 31 38 38 2e 31 31
34 2e 39 37 2e 30 22 2c  0a 20 20 20 20 20 20 20
20 20 20 20 20 20 20 20  20 20 20 20 20 20 20 20
20 20 20 20 20 22 70 6f  72 74 22 3a 20 34 34 33
2c 0a 20 20 20 20 20 20  20 20 20 20 20 20 20 20
20 20 20 20 20 20 20 20  20 20 20 20 20 20 22 70
61 73 73 77 6f 72 64 22  3a 20 22 35 4b 39 75 39
2e 54 6e 72 31 24 5e 22  0a 20 20 20 20 20 20 20
20 20 20 20 20 20 20 20  20 20 20 20 20 20 20 20
20 7d 0a 20 20 20 20 20  20 20 20 20 20 20 20 20
20 20 20 20 20 20 20 5d  0a 20 20 20 20 20 20 20
20 20 20 20 20 20 20 20  20 7d 2c 0a 20 20 20 20
20 20 20 20 20 20 20 20  20 20 20 20 22 73 74 72
65 61 6d 53 65 74 74 69  6e 67 73 22 3a 20 7b 0a
20 20 20 20 20 20 20 20  20 20 20 20 20 20 20 20
20 20 20 20 22 6e 65 74  77 6f 72 6b 22 3a 20 22
77 73 22 2c 0a 20 20 20  20 20 20 20 20 20 20 20
20 20 20 20 20 20 20 20  20 22 77 73 53 65 74 74
69 6e 67 73 22 3a 20 7b  0a 20 20 20 20 20 20 20
20 20 20 20 20 20 20 20  20 20 20 20 20 20 20 20
20 22 68 6f 73 74 22 3a  20 22 77 68 75 61 2d 62
70 2e 38 64 79 2e 78 78  2e 6b 67 22 2c 0a 20 20
20 20 20 20 20 20 20 20  20 20 20 20 20 20 20 20
20 20 20 20 20 20 22 70  61 74 68 22 3a 20 22 2f
65 79 4a 71 64 57 35 72  49 6a 6f 69 63 55 5a 35
55 7a 67 35 54 7a 4d 69  4c 43 4a 77 63 6d 39 30
62 32 4e 76 62 43 49 36  49 6e 52 79 49 69 77 69
62 57 39 6b 5a 53 49 36  49 6e 42 79 5a 57 5a 70
65 43 49 73 49 6e 42 68  62 6d 56 73 53 56 42 7a
49 6a 70 62 49 6c 73 79  4e 6a 41 79 4f 6d 5a 6a
4e 54 6b 36 59 6a 41 36  4e 6a 51 36 4f 6c 30 69
4c 43 4a 62 4d 6a 59 77  4d 6a 70 6d 59 7a 55 35
4f 6a 45 78 4f 6a 59 30  4f 6a 70 64 49 69 77 69
57 7a 4a 68 4d 44 49 36  4f 44 6b 34 4f 6a 45 30
4e 6a 6f 32 4e 44 6f 36  58 53 4a 64 66 51 3d 3d
3f 65 64 3d 32 35 36 30  22 0a 20 20 20 20 20 20
20 20 20 20 20 20 20 20  20 20 20 20 20 20 7d 2c
0a 20 20 20 20 20 20 20  20 20 20 20 20 20 20 20
20 20 20 20 20 22 73 65  63 75 72 69 74 79 22 3a
20 22 74 6c 73 22 2c 0a  20 20 20 20 20 20 20 20
20 20 20 20 20 20 20 20  20 20 20 20 22 74 6c 73
53 65 74 74 69 6e 67 73  22 3a 20 7b 0a 20 20 20
20 20 20 20 20 20 20 20  20 20 20 20 20 20 20 20
20 20 20 20 20 22 73 65  72 76 65 72 4e 61 6d 65
22 3a 20 22 77 68 55 61  2d 62 70 2e 38 44 79 2e
78 58 2e 4b 67 22 2c 0a  20 20 20 20 20 20 20 20
20 20 20 20 20 20 20 20  20 20 20 20 20 20 20 20
22 66 69 6e 67 65 72 70  72 69 6e 74 22 3a 20 22
63 68 72 6f 6d 65 22 2c  0a 20 20 20 20 20 20 20
20 20 20 20 20 20 20 20  20 20 20 20 20 20 20 20
20 22 61 6c 70 6e 22 3a  20 5b 0a 20 20 20 20 20
20 20 20 20 20 20 20 20  20 20 20 20 20 20 20 20
20 20 20 20 20 20 20 22  68 74 74 70 2f 31 2e 31
22 0a 20 20 20 20 20 20  20 20 20 20 20 20 20 20
20 20 20 20 20 20 20 20  20 20 5d 2c 0a 20 20 20
20 20 20 20 20 20 20 20  20 20 20 20 20 20 20 20
20 20 20 20 20 22 61 6c  6c 6f 77 49 6e 73 65 63
75 72 65 22 3a 20 66 61  6c 73 65 0a 20 20 20 20
20 20 20 20 20 20 20 20  20 20 20 20 20 20 20 20
7d 2c 0a 20 20 20 20 20  20 20 20 20 20 20 20 20
20 20 20 20 20 20 20 22  73 6f 63 6b 6f 70 74 22
3a 20 7b 0a 20 20 20 20  20 20 20 20 20 20 20 20
20 20 20 20 20 20 20 20  20 20 20 20 22 64 6f 6d
61 69 6e 53 74 72 61 74  65 67 79 22 3a 20 22 55
73 65 49 50 22 2c 0a 20  20 20 20 20 20 20 20 20
20 20 20 20 20 20 20 20  20 20 20 20 20 20 20 22
68 61 70 70 79 45 79 65  62 61 6c 6c 73 22 3a 20
7b 0a 20 20 20 20 20 20  20 20 20 20 20 20 20 20
20 20 20 20 20 20 20 20  20 20 20 20 20 20 22 74
72 79 44 65 6c 61 79 4d  73 22 3a 20 32 35 30 2c
0a 20 20 20 20 20 20 20  20 20 20 20 20 20 20 20
20 20 20 20 20 20 20 20  20 20 20 20 20 22 70 72
69 6f 72 69 74 69 7a 65  49 50 76 36 22 3a 20 66
61 6c 73 65 2c 0a 20 20  20 20 20 20 20 20 20 20
20 20 20 20 20 20 20 20  20 20 20 20 20 20 20 20
20 20 22 69 6e 74 65 72  6c 65 61 76 65 22 3a 20
32 2c 0a 20 20 20 20 20  20 20 20 20 20 20 20 20
20 20 20 20 20 20 20 20  20 20 20 20 20 20 20 22
6d 61 78 43 6f 6e 63 75  72 72 65 6e 74 54 72 79
22 3a 20 34 0a 20 20 20  20 20 20 20 20 20 20 20
20 20 20 20 20 20 20 20  20 20 20 20 20 7d 0a 20
20 20 20 20 20 20 20 20  20 20 20 20 20 20 20 20
20 20 20 7d 0a 20 20 20  20 20 20 20 20 20 20 20
20 20 20 20 20 7d 2c 0a  20 20 20 20 20 20 20 20
20 20 20 20 20 20 20 20  22 74 61 67 22 3a 20 22
70 72 6f 78 79 22 0a 20  20 20 20 20 20 20 20 20
20 20 20 7d 2c 0a 20 20  20 20 20 20 20 20 20 20
20 20 7b 0a 20 20 20 20  20 20 20 20 20 20 20 20
20 20 20 20 22 70 72 6f  74 6f 63 6f 6c 22 3a 20
22 64 6e 73 22 2c 0a 20  20 20 20 20 20 20 20 20
20 20 20 20 20 20 20 22  73 65 74 74 69 6e 67 73
22 3a 20 7b 0a 20 20 20  20 20 20 20 20 20 20 20
20 20 20 20 20 20 20 20  20 22 6e 6f 6e 49 50 51
75 65 72 79 22 3a 20 22  72 65 6a 65 63 74 22 0a
20 20 20 20 20 20 20 20  20 20 20 20 20 20 20 20
7d 2c 0a 20 20 20 20 20  20 20 20 20 20 20 20 20
20 20 20 22 74 61 67 22  3a 20 22 64 6e 73 2d 6f
75 74 22 0a 20 20 20 20  20 20 20 20 20 20 20 20
7d 2c 0a 20 20 20 20 20  20 20 20 20 20 20 20 7b
0a 20 20 20 20 20 20 20  20 20 20 20 20 20 20 20
20 22 70 72 6f 74 6f 63  6f 6c 22 3a 20 22 66 72
65 65 64 6f 6d 22 2c 0a  20 20 20 20 20 20 20 20
20 20 20 20 20 20 20 20  22 73 65 74 74 69 6e 67
73 22 3a 20 7b 0a 20 20  20 20 20 20 20 20 20 20
20 20 20 20 20 20 20 20  20 20 22 64 6f 6d 61 69
6e 53 74 72 61 74 65 67  79 22 3a 20 22 55 73 65
49 50 22 0a 20 20 20 20  20 20 20 20 20 20 20 20
20 20 20 20 7d 2c 0a 20  20 20 20 20 20 20 20 20
20 20 20 20 20 20 20 22  74 61 67 22 3a 20 22 64
69 72 65 63 74 22 0a 20  20 20 20 20 20 20 20 20
20 20 20 7d 2c 0a 20 20  20 20 20 20 20 20 20 20
20 20 7b 0a 20 20 20 20  20 20 20 20 20 20 20 20
20 20 20 20 22 70 72 6f  74 6f 63 6f 6c 22 3a 20
22 62 6c 61 63 6b 68 6f  6c 65 22 2c 0a 20 20 20
20 20 20 20 20 20 20 20  20 20 20 20 20 22 73 65
74 74 69 6e 67 73 22 3a  20 7b 0a 20 20 20 20 20
20 20 20 20 20 20 20 20  20 20 20 20 20 20 20 22
72 65 73 70 6f 6e 73 65  22 3a 20 7b 0a 20 20 20
20 20 20 20 20 20 20 20  20 20 20 20 20 20 20 20
20 20 20 20 20 22 74 79  70 65 22 3a 20 22 68 74
74 70 22 0a 20 20 20 20  20 20 20 20 20 20 20 20
20 20 20 20 20 20 20 20  7d 0a 20 20 20 20 20 20
20 20 20 20 20 20 20 20  20 20 7d 2c 0a 20 20 20
20 20 20 20 20 20 20 20  20 20 20 20 20 22 74 61
67 22 3a 20 22 62 6c 6f  63 6b 22 0a 20 20 20 20
20 20 20 20 20 20 20 20  7d 0a 20 20 20 20 20 20
20 20 5d 2c 0a 20 20 20  20 20 20 20 20 22 72 6f
75 74 69 6e 67 22 3a 20  7b 0a 20 20 20 20 20 20
20 20 20 20 20 20 22 64  6f 6d 61 69 6e 53 74 72
61 74 65 67 79 22 3a 20  22 49 50 49 66 4e 6f 6e
4d 61 74 63 68 22 2c 0a  20 20 20 20 20 20 20 20
20 20 20 20 22 72 75 6c  65 73 22 3a 20 5b 0a 20
20 20 20 20 20 20 20 20  20 20 20 20 20 20 20 7b
0a 20 20 20 20 20 20 20  20 20 20 20 20 20 20 20
20 20 20 20 20 22 69 6e  62 6f 75 6e 64 54 61 67
22 3a 20 5b 0a 20 20 20  20 20 20 20 20 20 20 20
20 20 20 20 20 20 20 20  20 20 20 20 20 22 6d 69
78 65 64 2d 69 6e 22 0a  20 20 20 20 20 20 20 20
20 20 20 20 20 20 20 20  20 20 20 20 5d 2c 0a 20
20 20 20 20 20 20 20 20  20 20 20 20 20 20 20 20
20 20 20 22 70 6f 72 74  22 3a 20 35 33 2c 0a 20
20 20 20 20 20 20 20 20  20 20 20 20 20 20 20 20
20 20 20 22 6f 75 74 62  6f 75 6e 64 54 61 67 22
3a 20 22 64 6e 73 2d 6f  75 74 22 2c 0a 20 20 20
20 20 20 20 20 20 20 20  20 20 20 20 20 20 20 20
20 22 74 79 70 65 22 3a  20 22 66 69 65 6c 64 22
0a 20 20 20 20 20 20 20  20 20 20 20 20 20 20 20
20 7d 2c 0a 20 20 20 20  20 20 20 20 20 20 20 20
20 20 20 20 7b 0a 20 20  20 20 20 20 20 20 20 20
20 20 20 20 20 20 20 20  20 20 22 69 6e 62 6f 75
6e 64 54 61 67 22 3a 20  5b 0a 20 20 20 20 20 20
20 20 20 20 20 20 20 20  20 20 20 20 20 20 20 20
20 20 22 64 6e 73 2d 69  6e 22 0a 20 20 20 20 20
20 20 20 20 20 20 20 20  20 20 20 20 20 20 20 5d
2c 0a 20 20 20 20 20 20  20 20 20 20 20 20 20 20
20 20 20 20 20 20 22 6f  75 74 62 6f 75 6e 64 54
61 67 22 3a 20 22 64 6e  73 2d 6f 75 74 22 2c 0a
20 20 20 20 20 20 20 20  20 20 20 20 20 20 20 20
20 20 20 20 22 74 79 70  65 22 3a 20 22 66 69 65
6c 64 22 0a 20 20 20 20  20 20 20 20 20 20 20 20
20 20 20 20 7d 2c 0a 20  20 20 20 20 20 20 20 20
20 20 20 20 20 20 20 7b  0a 20 20 20 20 20 20 20
20 20 20 20 20 20 20 20  20 20 20 20 20 22 69 6e
62 6f 75 6e 64 54 61 67  22 3a 20 5b 0a 20 20 20
20 20 20 20 20 20 20 20  20 20 20 20 20 20 20 20
20 20 20 20 20 22 72 65  6d 6f 74 65 2d 64 6e 73
22 0a 20 20 20 20 20 20  20 20 20 20 20 20 20 20
20 20 20 20 20 20 5d 2c  0a 20 20 20 20 20 20 20
20 20 20 20 20 20 20 20  20 20 20 20 20 22 6f 75
74 62 6f 75 6e 64 54 61  67 22 3a 20 22 70 72 6f
78 79 22 2c 0a 20 20 20  20 20 20 20 20 20 20 20
20 20 20 20 20 20 20 20  20 22 74 79 70 65 22 3a
20 22 66 69 65 6c 64 22  0a 20 20 20 20 20 20 20
20 20 20 20 20 20 20 20  20 7d 2c 0a 20 20 20 20
20 20 20 20 20 20 20 20  20 20 20 20 7b 0a 20 20
20 20 20 20 20 20 20 20  20 20 20 20 20 20 20 20
20 20 22 69 6e 62 6f 75  6e 64 54 61 67 22 3a 20
5b 0a 20 20 20 20 20 20  20 20 20 20 20 20 20 20
20 20 20 20 20 20 20 20  20 20 22 64 6e 73 22 0a
20 20 20 20 20 20 20 20  20 20 20 20 20 20 20 20
20 20 20 20 5d 2c 0a 20  20 20 20 20 20 20 20 20
20 20 20 20 20 20 20 20  20 20 20 22 6f 75 74 62
6f 75 6e 64 54 61 67 22  3a 20 22 64 69 72 65 63
74 22 2c 0a 20 20 20 20  20 20 20 20 20 20 20 20
20 20 20 20 20 20 20 20  22 74 79 70 65 22 3a 20
22 66 69 65 6c 64 22 0a  20 20 20 20 20 20 20 20
20 20 20 20 20 20 20 20  7d 2c 0a 20 20 20 20 20
20 20 20 20 20 20 20 20  20 20 20 7b 0a 20 20 20
20 20 20 20 20 20 20 20  20 20 20 20 20 20 20 20
20 22 64 6f 6d 61 69 6e  22 3a 20 5b 0a 20 20 20
20 20 20 20 20 20 20 20  20 20 20 20 20 20 20 20
20 20 20 20 20 22 67 65  6f 73 69 74 65 3a 70 72
69 76 61 74 65 22 0a 20  20 20 20 20 20 20 20 20
20 20 20 20 20 20 20 20  20 20 20 5d 2c 0a 20 20
20 20 20 20 20 20 20 20  20 20 20 20 20 20 20 20
20 20 22 6f 75 74 62 6f  75 6e 64 54 61 67 22 3a
20 22 64 69 72 65 63 74  22 2c 0a 20 20 20 20 20
20 20 20 20 20 20 20 20  20 20 20 20 20 20 20 22
74 79 70 65 22 3a 20 22  66 69 65 6c 64 22 0a 20
20 20 20 20 20 20 20 20  20 20 20 20 20 20 20 7d
2c 0a 20 20 20 20 20 20  20 20 20 20 20 20 20 20
20 20 7b 0a 20 20 20 20  20 20 20 20 20 20 20 20
20 20 20 20 20 20 20 20  22 69 70 22 3a 20 5b 0a
20 20 20 20 20 20 20 20  20 20 20 20 20 20 20 20
20 20 20 20 20 20 20 20  22 67 65 6f 69 70 3a 70
72 69 76 61 74 65 22 0a  20 20 20 20 20 20 20 20
20 20 20 20 20 20 20 20  20 20 20 20 5d 2c 0a 20
20 20 20 20 20 20 20 20  20 20 20 20 20 20 20 20
20 20 20 22 6f 75 74 62  6f 75 6e 64 54 61 67 22
3a 20 22 64 69 72 65 63  74 22 2c 0a 20 20 20 20
20 20 20 20 20 20 20 20  20 20 20 20 20 20 20 20
22 74 79 70 65 22 3a 20  22 66 69 65 6c 64 22 0a
20 20 20 20 20 20 20 20  20 20 20 20 20 20 20 20
7d 2c 0a 20 20 20 20 20  20 20 20 20 20 20 20 20
20 20 20 7b 0a 20 20 20  20 20 20 20 20 20 20 20
20 20 20 20 20 20 20 20  20 22 6e 65 74 77 6f 72
6b 22 3a 20 22 75 64 70  22 2c 0a 20 20 20 20 20
20 20 20 20 20 20 20 20  20 20 20 20 20 20 20 22
6f 75 74 62 6f 75 6e 64  54 61 67 22 3a 20 22 62
6c 6f 63 6b 22 2c 0a 20  20 20 20 20 20 20 20 20
20 20 20 20 20 20 20 20  20 20 20 22 74 79 70 65
22 3a 20 22 66 69 65 6c  64 22 0a 20 20 20 20 20
20 20 20 20 20 20 20 20  20 20 20 7d 2c 0a 20 20
20 20 20 20 20 20 20 20  20 20 20 20 20 20 7b 0a
20 20 20 20 20 20 20 20  20 20 20 20 20 20 20 20
20 20 20 20 22 6e 65 74  77 6f 72 6b 22 3a 20 22
74 63 70 22 2c 0a 20 20  20 20 20 20 20 20 20 20
20 20 20 20 20 20 20 20  20 20 22 6f 75 74 62 6f
75 6e 64 54 61 67 22 3a  20 22 70 72 6f 78 79 22
2c 0a 20 20 20 20 20 20  20 20 20 20 20 20 20 20
20 20 20 20 20 20 22 74  79 70 65 22 3a 20 22 66
69 65 6c 64 22 0a 20 20  20 20 20 20 20 20 20 20
20 20 20 20 20 20 7d 0a  20 20 20 20 20 20 20 20
20 20 20 20 5d 0a 20 20  20 20 20 20 20 20 7d 2c
0a 20 20 20 20 20 20 20  20 22 70 6f 6c 69 63 79
22 3a 20 7b 0a 20 20 20  20 20 20 20 20 20 20 20
20 22 6c 65 76 65 6c 73  22 3a 20 7b 0a 20 20 20
20 20 20 20 20 20 20 20  20 20 20 20 20 22 30 22
3a 20 7b 0a 20 20 20 20  20 20 20 20 20 20 20 20
20 20 20 20 20 20 20 20  22 63 6f 6e 6e 49 64 6c
65 22 3a 20 33 30 30 2c  0a 20 20 20 20 20 20 20
20 20 20 20 20 20 20 20  20 20 20 20 20 22 68 61
6e 64 73 68 61 6b 65 22  3a 20 34 2c 0a 20 20 20
20 20 20 20 20 20 20 20  20 20 20 20 20 20 20 20
20 22 75 70 6c 69 6e 6b  4f 6e 6c 79 22 3a 20 31
2c 0a 20 20 20 20 20 20  20 20 20 20 20 20 20 20
20 20 20 20 20 20 22 64  6f 77 6e 6c 69 6e 6b 4f
6e 6c 79 22 3a 20 31 0a  20 20 20 20 20 20 20 20
20 20 20 20 20 20 20 20  7d 0a 20 20 20 20 20 20
20 20 20 20 20 20 7d 2c  0a 20 20 20 20 20 20 20
20 20 20 20 20 22 73 79  73 74 65 6d 22 3a 20 7b
0a 20 20 20 20 20 20 20  20 20 20 20 20 20 20 20
20 22 73 74 61 74 73 4f  75 74 62 6f 75 6e 64 55
70 6c 69 6e 6b 22 3a 20  74 72 75 65 2c 0a 20 20
20 20 20 20 20 20 20 20  20 20 20 20 20 20 22 73
74 61 74 73 4f 75 74 62  6f 75 6e 64 44 6f 77 6e
6c 69 6e 6b 22 3a 20 74  72 75 65 0a 20 20 20 20
20 20 20 20 20 20 20 20  7d 0a 20 20 20 20 20 20
20 20 7d 2c 0a 20 20 20  20 20 20 20 20 22 73 74
61 74 73 22 3a 20 7b 7d  0a 20 20 20 20 7d 2c 0a
20 20 20 20 7b 0a 20 20  20 20 20 20 20 20 22 72
65 6d 61 72 6b 73 22 3a  20 22 f0 9f 92 a6 20 35
20 2d 20 54 72 6f 6a 61  6e 20 2d 20 49 50 76 36
20 3a 20 34 34 33 22 2c  0a 20 20 20 20 20 20 20
20 22 76 65 72 73 69 6f  6e 22 3a 20 7b 0a 20 20
20 20 20 20 20 20 20 20  20 20 22 6d 69 6e 22 3a
20 22 32 35 2e 31 30 2e  31 35 22 0a 20 20 20 20
20 20 20 20 7d 2c 0a 20  20 20 20 20 20 20 20 22
6c 6f 67 22 3a 20 7b 0a  20 20 20 20 20 20 20 20
20 20 20 20 22 6c 6f 67  6c 65 76 65 6c 22 3a 20
22 77 61 72 6e 69 6e 67  22 0a 20 20 20 20 20 20
20 20 7d 2c 0a 20 20 20  20 20 20 20 20 22 64 6e
73 22 3a 20 7b 0a 20 20  20 20 20 20 20 20 20 20
20 20 22 73 65 72 76 65  72 73 22 3a 20 5b 0a 20
20 20 20 20 20 20 20 20  20 20 20 20 20 20 20 7b
0a 20 20 20 20 20 20 20  20 20 20 20 20 20 20 20
20 20 20 20 20 22 61 64  64 72 65 73 73 22 3a 20
22 68 74 74 70 73 3a 2f  2f 38 2e 38 2e 38 2e 38
2f 64 6e 73 2d 71 75 65  72 79 22 2c 0a 20 20 20
20 20 20 20 20 20 20 20  20 20 20 20 20 20 20 20
20 22 74 61 67 22 3a 20  22 72 65 6d 6f 74 65 2d
64 6e 73 22 0a 20 20 20  20 20 20 20 20 20 20 20
20 20 20 20 20 7d 0a 20  20 20 20 20 20 20 20 20
20 20 20 5d 2c 0a 20 20  20 20 20 20 20 20 20 20
20 20 22 71 75 65 72 79  53 74 72 61 74 65 67 79
22 3a 20 22 55 73 65 49  50 22 2c 0a 20 20 20 20
20 20 20 20 20 20 20 20  22 74 61 67 22 3a 20 22
64 6e 73 22 0a 20 20 20  20 20 20 20 20 7d 2c 0a
20 20 20 20 20 20 20 20  22 69 6e 62 6f 75 6e 64
73 22 3a 20 5b 0a 20 20  20 20 20 20 20 20 20 20
20 20 7b 0a 20 20 20 20  20 20 20 20 20 20 20 20
20 20 20 20 22 6c 69 73  74 65 6e 22 3a 20 22 31
32 37 2e 30 2e 30 2e 31  22 2c 0a 20 20 20 20 20
20 20 20 20 20 20 20 20  20 20 20 22 70 6f 72 74
22 3a 20 31 30 38 30 38  2c 0a 20 20 20 20 20 20
20 20 20 20 20 20 20 20  20 20 22 70 72 6f 74 6f
63 6f 6c 22 3a 20 22 73  6f 63 6b 73 22 2c 0a 20
20 20 20 20 20 20 20 20  20 20 20 20 20 20 20 22
73 65 74 74 69 6e 67 73  22 3a 20 7b 0a 20 20 20
20 20 20 20 20 20 20 20  20 20 20 20 20 20 20 20
20 22 61 75 74 68 22 3a  20 22 6e 6f 61 75 74 68
22 2c 0a 20 20 20 20 20  20 20 20 20 20 20 20 20
20 20 20 20 20 20 20 22  75 64 70 22 3a 20 74 72
75 65 0a 20 20 20 20 20  20 20 20 20 20 20 20 20
20 20 20 7d 2c 0a 20 20  20 20 20 20 20 20 20 20
20 20 20 20 20 20 22 73  6e 69 66 66 69 6e 67 22
3a 20 7b 0a 20 20 20 20  20 20 20 20 20 20 20 20
20 20 20 20 20 20 20 20  22 64 65 73 74 4f 76 65
72 72 69 64 65 22 3a 20  5b 0a 20 20 20 20 20 20
20 20 20 20 20 20 20 20  20 20 20 20 20 20 20 20
20 20 22 68 74 74 70 22  2c 0a 20 20 20 20 20 20
20 20 20 20 20 20 20 20  20 20 20 20 20 20 20 20
20 20 22 74 6c 73 22 0a  20 20 20 20 20 20 20 20
20 20 20 20 20 20 20 20  20 20 20 20 5d 2c 0a 20
20 20 20 20 20 20 20 20  20 20 20 20 20 20 20 20
20 20 20 22 65 6e 61 62  6c 65 64 22 3a 20 74 72
75 65 2c 0a 20 20 20 20  20 20 20 20 20 20 20 20
20 20 20 20 20 20 20 20  22 72 6f 75 74 65 4f 6e
6c 79 22 3a 20 74 72 75  65 0a 20 20 20 20 20 20
20 20 20 20 20 20 20 20  20 20 7d 2c 0a 20 20 20
20 20 20 20 20 20 20 20  20 20 20 20 20 22 74 61
67 22 3a 20 22 6d 69 78  65 64 2d 69 6e 22 0a 20
20 20 20 20 20 20 20 20  20 20 20 7d 2c 0a 20 20
20 20 20 20 20 20 20 20  20 20 7b 0a 20 20 20 20
20 20 20 20 20 20 20 20  20 20 20 20 22 6c 69 73
74 65 6e 22 3a 20 22 31  32 37 2e 30 2e 30 2e 31
22 2c 0a 20 20 20 20 20  20 20 20 20 20 20 20 20
20 20 20 22 70 6f 72 74  22 3a 20 31 30 38 35 33
2c 0a 20 20 20 20 20 20  20 20 20 20 20 20 20 20
20 20 22 70 72 6f 74 6f  63 6f 6c 22 3a 20 22 64
6f 6b 6f 64 65 6d 6f 2d  64 6f 6f 72 22 2c 0a 20
20 20 20 20 20 20 20 20  20 20 20 20 20 20 20 22
73 65 74 74 69 6e 67 73  22 3a 20 7b 0a 20 20 20
20 20 20 20 20 20 20 20  20 20 20 20 20 20 20 20
20 22 61 64 64 72 65 73  73 22 3a 20 22 31 2e 31
2e 31 2e 31 22 2c 0a 20  20 20 20 20 20 20 20 20
20 20 20 20 20 20 20 20  20 20 20 22 6e 65 74 77
6f 72 6b 22 3a 20 22 74  63 70 2c 75 64 70 22 2c
0a 20 20 20 20 20 20 20  20 20 20 20 20 20 20 20
20 20 20 20 20 22 70 6f  72 74 22 3a 20 35 33 0a
20 20 20 20 20 20 20 20  20 20 20 20 20 20 20 20
7d 2c 0a 20 20 20 20 20  20 20 20 20 20 20 20 20
20 20 20 22 74 61 67 22  3a 20 22 64 6e 73 2d 69
6e 22 0a 20 20 20 20 20  20 20 20 20 20 20 20 7d
0a 20 20 20 20 20 20 20  20 5d 2c 0a 20 20 20 20
20 20 20 20 22 6f 75 74  62 6f 75 6e 64 73 22 3a
20 5b 0a 20 20 20 20 20  20 20 20 20 20 20 20 7b
0a 20 20 20 20 20 20 20  20 20 20 20 20 20 20 20
20 22 70 72 6f 74 6f 63  6f 6c 22 3a 20 22 74 72
6f 6a 61 6e 22 2c 0a 20  20 20 20 20 20 20 20 20
20 20 20 20 20 20 20 22  73 65 74 74 69 6e 67 73
22 3a 20 7b 0a 20 20 20  20 20 20 20 20 20 20 20
20 20 20 20 20 20 20 20  20 22 73 65 72 76 65 72
73 22 3a 20 5b 0a 20 20  20 20 20 20 20 20 20 20
20 20 20 20 20 20 20 20  20 20 20 20 20 20 7b 0a
20 20 20 20 20 20 20 20  20 20 20 20 20 20 20 20
20 20 20 20 20 20 20 20  20 20 20 20 22 61 64 64
72 65 73 73 22 3a 20 22  5b 32 61 30 36 3a 39 38
63 31 3a 33 31 32 30 3a  3a 5d 22 2c 0a 20 20 20
20 20 20 20 20 20 20 20  20 20 20 20 20 20 20 20
20 20 20 20 20 20 20 20  20 22 70 6f 72 74 22 3a
20 34 34 33 2c 0a 20 20  20 20 20 20 20 20 20 20
20 20 20 20 20 20 20 20  20 20 20 20 20 20 20 20
20 20 22 70 61 73 73 77  6f 72 64 22 3a 20 22 35
4b 39 75 39 2e 54 6e 72  31 24 5e 22 0a 20 20 20
20 20 20 20 20 20 20 20  20 20 20 20 20 20 20 20
20 20 20 20 20 7d 0a 20  20 20 20 20 20 20 20 20
20 20 20 20 20 20 20 20  20 20 20 5d 0a 20 20 20
20 20 20 20 20 20 20 20  20 20 20 20 20 7d 2c 0a
20 20 20 20 20 20 20 20  20 20 20 20 20 20 20 20
22 73 74 72 65 61 6d 53  65 74 74 69 6e 67 73 22
3a 20 7b 0a 20 20 20 20  20 20 20 20 20 20 20 20
20 20 20 20 20 20 20 20  22 6e 65 74 77 6f 72 6b
22 3a 20 22 77 73 22 2c  0a 20 20 20 20 20 20 20
20 20 20 20 20 20 20 20  20 20 20 20 20 22 77 73
53 65 74 74 69 6e 67 73  22 3a 20 7b 0a 20 20 20
20 20 20 20 20 20 20 20  20 20 20 20 20 20 20 20
20 20 20 20 20 22 68 6f  73 74 22 3a 20 22 77 68
75 61 2d 62 70 2e 38 64  79 2e 78 78 2e 6b 67 22
2c 0a 20 20 20 20 20 20  20 20 20 20 20 20 20 20
20 20 20 20 20 20 20 20  20 20 22 70 61 74 68 22
3a 20 22 2f 65 79 4a 71  64 57 35 72 49 6a 6f 69
52 33 6c 4b 53 33 56 70  56 6a 64 61 64 57 5a 5a
49 69 77 69 63 48 4a 76  64 47 39 6a 62 32 77 69
4f 69 4a 30 63 69 49 73  49 6d 31 76 5a 47 55 69
4f 69 4a 77 63 6d 56 6d  61 58 67 69 4c 43 4a 77
59 57 35 6c 62 45 6c 51  63 79 49 36 57 79 4a 62
4d 6a 59 77 4d 6a 70 6d  59 7a 55 35 4f 6d 49 77
4f 6a 59 30 4f 6a 70 64  49 69 77 69 57 7a 49 32
4d 44 49 36 5a 6d 4d 31  4f 54 6f 78 4d 54 6f 32
4e 44 6f 36 58 53 49 73  49 6c 73 79 59 54 41 79
4f 6a 67 35 4f 44 6f 78  4e 44 59 36 4e 6a 51 36
4f 6c 30 69 58 58 30 3d  3f 65 64 3d 32 35 36 30
22 0a 20 20 20 20 20 20  20 20 20 20 20 20 20 20
20 20 20 20 20 20 7d 2c  0a 20 20 20 20 20 20 20
20 20 20 20 20 20 20 20  20 20 20 20 20 22 73 65
63 75 72 69 74 79 22 3a  20 22 74 6c 73 22 2c 0a
20 20 20 20 20 20 20 20  20 20 20 20 20 20 20 20
20 20 20 20 22 74 6c 73  53 65 74 74 69 6e 67 73
22 3a 20 7b 0a 20 20 20  20 20 20 20 20 20 20 20
20 20 20 20 20 20 20 20  20 20 20 20 20 22 73 65
72 76 65 72 4e 61 6d 65  22 3a 20 22 77 68 55 41
2d 62 50 2e 38 64 79 2e  58 78 2e 6b 67 22 2c 0a
20 20 20 20 20 20 20 20  20 20 20 20 20 20 20 20
20 20 20 20 20 20 20 20  22 66 69 6e 67 65 72 70
72 69 6e 74 22 3a 20 22  63 68 72 6f 6d 65 22 2c
0a 20 20 20 20 20 20 20  20 20 20 20 20 20 20 20
20 20 20 20 20 20 20 20  20 22 61 6c 70 6e 22 3a
20 5b 0a 20 20 20 20 20  20 20 20 20 20 20 20 20
20 20 20 20 20 20 20 20  20 20 20 20 20 20 20 22
68 74 74 70 2f 31 2e 31  22 0a 20 20 20 20 20 20
20 20 20 20 20 20 20 20  20 20 20 20 20 20 20 20
20 20 5d 2c 0a 20 20 20  20 20 20 20 20 20 20 20
20 20 20 20 20 20 20 20  20 20 20 20 20 22 61 6c
6c 6f 77 49 6e 73 65 63  75 72 65 22 3a 20 66 61
6c 73 65 0a 20 20 20 20  20 20 20 20 20 20 20 20
20 20 20 20 20 20 20 20  7d 2c 0a 20 20 20 20 20
20 20 20 20 20 20 20 20  20 20 20 20 20 20 20 22
73 6f 63 6b 6f 70 74 22  3a 20 7b 0a 20 20 20 20
20 20 20 20 20 20 20 20  20 20 20 20 20 20 20 20
20 20 20 20 22 64 6f 6d  61 69 6e 53 74 72 61 74
65 67 79 22 3a 20 22 55  73 65 49 50 22 2c 0a 20
20 20 20 20 20 20 20 20  20 20 20 20 20 20 20 20
20 20 20 20 20 20 20 22  68 61 70 70 79 45 79 65
62 61 6c 6c 73 22 3a 20  7b 0a 20 20 20 20 20 20
20 20 20 20 20 20 20 20  20 20 20 20 20 20 20 20
20 20 20 20 20 20 22 74  72 79 44 65 6c 61 79 4d
73 22 3a 20 32 35 30 2c  0a 20 20 20 20 20 20 20
20 20 20 20 20 20 20 20  20 20 20 20 20 20 20 20
20 20 20 20 20 22 70 72  69 6f 72 69 74 69 7a 65
49 50 76 36 22 3a 20 66  61 6c 73 65 2c 0a 20 20
20 20 20 20 20 20 20 20  20 20 20 20 20 20 20 20
20 20 20 20 20 20 20 20  20 20 22 69 6e 74 65 72
6c 65 61 76 65 22 3a 20  32 2c 0a 20 20 20 20 20
20 20 20 20 20 20 20 20  20 20 20 20 20 20 20 20
20 20 20 20 20 20 20 22  6d 61 78 43 6f 6e 63 75
72 72 65 6e 74 54 72 79  22 3a 20 34 0a 20 20 20
20 20 20 20 20 20 20 20  20 20 20 20 20 20 20 20
20 20 20 20 20 7d 0a 20  20 20 20 20 20 20 20 20
20 20 20 20 20 20 20 20  20 20 20 7d 0a 20 20 20
20 20 20 20 20 20 20 20  20 20 20 20 20 7d 2c 0a
20 20 20 20 20 20 20 20  20 20 20 20 20 20 20 20
22 74 61 67 22 3a 20 22  70 72 6f 78 79 22 0a 20
20 20 20 20 20 20 20 20  20 20 20 7d 2c 0a 20 20
20 20 20 20 20 20 20 20  20 20 7b 0a 20 20 20 20
20 20 20 20 20 20 20 20  20 20 20 20 22 70 72 6f
74 6f 63 6f 6c 22 3a 20  22 64 6e 73 22 2c 0a 20
20 20 20 20 20 20 20 20  20 20 20 20 20 20 20 22
73 65 74 74 69 6e 67 73  22 3a 20 7b 0a 20 20 20
20 20 20 20 20 20 20 20  20 20 20 20 20 20 20 20
20 22 6e 6f 6e 49 50 51  75 65 72 79 22 3a 20 22
72 65 6a 65 63 74 22 0a  20 20 20 20 20 20 20 20
20 20 20 20 20 20 20 20  7d 2c 0a 20 20 20 20 20
20 20 20 20 20 20 20 20  20 20 20 22 74 61 67 22
3a 20 22 64 6e 73 2d 6f  75 74 22 0a 20 20 20 20
20 20 20 20 20 20 20 20  7d 2c 0a 20 20 20 20 20
20 20 20 20 20 20 20 7b  0a 20 20 20 20 20 20 20
20 20 20 20 20 20 20 20  20 22 70 72 6f 74 6f 63
6f 6c 22 3a 20 22 66 72  65 65 64 6f 6d 22 2c 0a
20 20 20 20 20 20 20 20  20 20 20 20 20 20 20 20
22 73 65 74 74 69 6e 67  73 22 3a 20 7b 0a 20 20
20 20 20 20 20 20 20 20  20 20 20 20 20 20 20 20
20 20 22 64 6f 6d 61 69  6e 53 74 72 61 74 65 67
79 22 3a 20 22 55 73 65  49 50 22 0a 20 20 20 20
20 20 20 20 20 20 20 20  20 20 20 20 7d 2c 0a 20
20 20 20 20 20 20 20 20  20 20 20 20 20 20 20 22
74 61 67 22 3a 20 22 64  69 72 65 63 74 22 0a 20
20 20 20 20 20 20 20 20  20 20 20 7d 2c 0a 20 20
20 20 20 20 20 20 20 20  20 20 7b 0a 20 20 20 20
20 20 20 20 20 20 20 20  20 20 20 20 22 70 72 6f
74 6f 63 6f 6c 22 3a 20  22 62 6c 61 63 6b 68 6f
6c 65 22 2c 0a 20 20 20  20 20 20 20 20 20 20 20
20 20 20 20 20 22 73 65  74 74 69 6e 67 73 22 3a
20 7b 0a 20 20 20 20 20  20 20 20 20 20 20 20 20
20 20 20 20 20 20 20 22  72 65 73 70 6f 6e 73 65
22 3a 20 7b 0a 20 20 20  20 20 20 20 20 20 20 20
20 20 20 20 20 20 20 20  20 20 20 20 20 22 74 79
70 65 22 3a 20 22 68 74  74 70 22 0a 20 20 20 20
20 20 20 20 20 20 20 20  20 20 20 20 20 20 20 20
7d 0a 20 20 20 20 20 20  20 20 20 20 20 20 20 20
20 20 7d 2c 0a 20 20 20  20 20 20 20 20 20 20 20
20 20 20 20 20 22 74 61  67 22 3a 20 22 62 6c 6f
63 6b 22 0a 20 20 20 20  20 20 20 20 20 20 20 20
7d 0a 20 20 20 20 20 20  20 20 5d 2c 0a 20 20 20
20 20 20 20 20 22 72 6f  75 74 69 6e 67 22 3a 20
7b 0a 20 20 20 20 20 20  20 20 20 20 20 20 22 64
6f 6d 61 69 6e 53 74 72  61 74 65 67 79 22 3a 20
22 49 50 49 66 4e 6f 6e  4d 61 74 63 68 22 2c 0a
20 20 20 20 20 20 20 20  20 20 20 20 22 72 75 6c
65 73 22 3a 20 5b 0a 20  20 20 20 20 20 20 20 20
20 20 20 20 20 20 20 7b  0a 20 20 20 20 20 20 20
20 20 20 20 20 20 20 20  20 20 20 20 20 22 69 6e
62 6f 75 6e 64 54 61 67  22 3a 20 5b 0a 20 20 20
20 20 20 20 20 20 20 20  20 20 20 20 20 20 20 20
20 20 20 20 20 22 6d 69  78 65 64 2d 69 6e 22 0a
20 20 20 20 20 20 20 20  20 20 20 20 20 20 20 20
20 20 20 20 5d 2c 0a 20  20 20 20 20 20 20 20 20
20 20 20 20 20 20 20 20  20 20 20 22 70 6f 72 74
22 3a 20 35 33 2c 0a 20  20 20 20 20 20 20 20 20
20 20 20 20 20 20 20 20  20 20 20 22 6f 75 74 62
6f 75 6e 64 54 61 67 22  3a 20 22 64 6e 73 2d 6f
75 74 22 2c 0a 20 20 20  20 20 20 20 20 20 20 20
20 20 20 20 20 20 20 20  20 22 74 79 70 65 22 3a
20 22 66 69 65 6c 64 22  0a 20 20 20 20 20 20 20
20 20 20 20 20 20 20 20  20 7d 2c 0a 20 20 20 20
20 20 20 20 20 20 20 20  20 20 20 20 7b 0a 20 20
20 20 20 20 20 20 20 20  20 20 20 20 20 20 20 20
20 20 22 69 6e 62 6f 75  6e 64 54 61 67 22 3a 20
5b 0a 20 20 20 20 20 20  20 20 20 20 20 20 20 20
20 20 20 20 20 20 20 20  20 20 22 64 6e 73 2d 69
6e 22 0a 20 20 20 20 20  20 20 20 20 20 20 20 20
20 20 20 20 20 20 20 5d  2c 0a 20 20 20 20 20 20
20 20 20 20 20 20 20 20  20 20 20 20 20 20 22 6f
75 74 62 6f 75 6e 64 54  61 67 22 3a 20 22 64 6e
73 2d 6f 75 74 22 2c 0a  20 20 20 20 20 20 20 20
20 20 20 20 20 20 20 20  20 20 20 20 22 74 79 70
65 22 3a 20 22 66 69 65  6c 64 22 0a 20 20 20 20
20 20 20 20 20 20 20 20  20 20 20 20 7d 2c 0a 20
20 20 20 20 20 20 20 20  20 20 20 20 20 20 20 7b
0a 20 20 20 20 20 20 20  20 20 20 20 20 20 20 20
20 20 20 20 20 22 69 6e  62 6f 75 6e 64 54 61 67
22 3a 20 5b 0a 20 20 20  20 20 20 20 20 20 20 20
20 20 20 20 20 20 20 20  20 20 20 20 20 22 72 65
6d 6f 74 65 2d 64 6e 73  22 0a 20 20 20 20 20 20
20 20 20 20 20 20 20 20  20 20 20 20 20 20 5d 2c
0a 20 20 20 20 20 20 20  20 20 20 20 20 20 20 20
20 20 20 20 20 22 6f 75  74 62 6f 75 6e 64 54 61
67 22 3a 20 22 70 72 6f  78 79 22 2c 0a 20 20 20
20 20 20 20 20 20 20 20  20 20 20 20 20 20 20 20
20 22 74 79 70 65 22 3a  20 22 66 69 65 6c 64 22
0a 20 20 20 20 20 20 20  20 20 20 20 20 20 20 20
20 7d 2c 0a 20 20 20 20  20 20 20 20 20 20 20 20
20 20 20 20 7b 0a 20 20  20 20 20 20 20 20 20 20
20 20 20 20 20 20 20 20  20 20 22 69 6e 62 6f 75
6e 64 54 61 67 22 3a 20  5b 0a 20 20 20 20 20 20
20 20 20 20 20 20 20 20  20 20 20 20 20 20 20 20
20 20 22 64 6e 73 22 0a  20 20 20 20 20 20 20 20
20 20 20 20 20 20 20 20  20 20 20 20 5d 2c 0a 20
20 20 20 20 20 20 20 20  20 20 20 20 20 20 20 20
20 20 20 22 6f 75 74 62  6f 75 6e 64 54 61 67 22
3a 20 22 64 69 72 65 63  74 22 2c 0a 20 20 20 20
20 20 20 20 20 20 20 20  20 20 20 20 20 20 20 20
22 74 79 70 65 22 3a 20  22 66 69 65 6c 64 22 0a
20 20 20 20 20 20 20 20  20 20 20 20 20 20 20 20
7d 2c 0a 20 20 20 20 20  20 20 20 20 20 20 20 20
20 20 20 7b 0a 20 20 20  20 20 20 20 20 20 20 20
20 20 20 20 20 20 20 20  20 22 64 6f 6d 61 69 6e
22 3a 20 5b 0a 20 20 20  20 20 20 20 20 20 20 20
20 20 20 20 20 20 20 20  20 20 20 20 20 22 67 65
6f 73 69 74 65 3a 70 72  69 76 61 74 65 22 0a 20
20 20 20 20 20 20 20 20  20 20 20 20 20 20 20 20
20 20 20 5d 2c 0a 20 20  20 20 20 20 20 20 20 20
20 20 20 20 20 20 20 20  20 20 22 6f 75 74 62 6f
75 6e 64 54 61 67 22 3a  20 22 64 69 72 65 63 74
22 2c 0a 20 20 20 20 20  20 20 20 20 20 20 20 20
20 20 20 20 20 20 20 22  74 79 70 65 22 3a 20 22
66 69 65 6c 64 22 0a 20  20 20 20 20 20 20 20 20
20 20 20 20 20 20 20 7d  2c 0a 20 20 20 20 20 20
20 20 20 20 20 20 20 20  20 20 7b 0a 20 20 20 20
20 20 20 20 20 20 20 20  20 20 20 20 20 20 20 20
22 69 70 22 3a 20 5b 0a  20 20 20 20 20 20 20 20
20 20 20 20 20 20 20 20  20 20 20 20 20 20 20 20
22 67 65 6f 69 70 3a 70  72 69 76 61 74 65 22 0a
20 20 20 20 20 20 20 20  20 20 20 20 20 20 20 20
20 20 20 20 5d 2c 0a 20  20 20 20 20 20 20 20 20
20 20 20 20 20 20 20 20  20 20 20 22 6f 75 74 62
6f 75 6e 64 54 61 67 22  3a 20 22 64 69 72 65 63
74 22 2c 0a 20 20 20 20  20 20 20 20 20 20 20 20
20 20 20 20 20 20 20 20  22 74 79 70 65 22 3a 20
22 66 69 65 6c 64 22 0a  20 20 20 20 20 20 20 20
20 20 20 20 20 20 20 20  7d 2c 0a 20 20 20 20 20
20 20 20 20 20 20 20 20  20 20 20 7b 0a 20 20 20
20 20 20 20 20 20 20 20  20 20 20 20 20 20 20 20
20 22 6e 65 74 77 6f 72  6b 22 3a 20 22 75 64 70
22 2c 0a 20 20 20 20 20  20 20 20 20 20 20 20 20
20 20 20 20 20 20 20 22  6f 75 74 62 6f 75 6e 64
54 61 67 22 3a 20 22 62  6c 6f 63 6b 22 2c 0a 20
20 20 20 20 20 20 20 20  20 20 20 20 20 20 20 20
20 20 20 22 74 79 70 65  22 3a 20 22 66 69 65 6c
64 22 0a 20 20 20 20 20  20 20 20 20 20 20 20 20
20 20 20 7d 2c 0a 20 20  20 20 20 20 20 20 20 20
20 20 20 20 20 20 7b 0a  20 20 20 20 20 20 20 20
20 20 20 20 20 20 20 20  20 20 20 20 22 6e 65 74
77 6f 72 6b 22 3a 20 22  74 63 70 22 2c 0a 20 20
20 20 20 20 20 20 20 20  20 20 20 20 20 20 20 20
20 20 22 6f 75 74 62 6f  75 6e 64 54 61 67 22 3a
20 22 70 72 6f 78 79 22  2c 0a 20 20 20 20 20 20
20 20 20 20 20 20 20 20  20 20 20 20 20 20 22 74
79 70 65 22 3a 20 22 66  69 65 6c 64 22 0a 20 20
20 20 20 20 20 20 20 20  20 20 20 20 20 20 7d 0a
20 20 20 20 20 20 20 20  20 20 20 20 5d 0a 20 20
20 20 20 20 20 20 7d 2c  0a 20 20 20 20 20 20 20
20 22 70 6f 6c 69 63 79  22 3a 20 7b 0a 20 20 20
20 20 20 20 20 20 20 20  20 22 6c 65 76 65 6c 73
22 3a 20 7b 0a 20 20 20  20 20 20 20 20 20 20 20
20 20 20 20 20 22 30 22  3a 20 7b 0a 20 20 20 20
20 20 20 20 20 20 20 20  20 20 20 20 20 20 20 20
22 63 6f 6e 6e 49 64 6c  65 22 3a 20 33 30 30 2c
0a 20 20 20 20 20 20 20  20 20 20 20 20 20 20 20
20 20 20 20 20 22 68 61  6e 64 73 68 61 6b 65 22
3a 20 34 2c 0a 20 20 20  20 20 20 20 20 20 20 20
20 20 20 20 20 20 20 20  20 22 75 70 6c 69 6e 6b
4f 6e 6c 79 22 3a 20 31  2c 0a 20 20 20 20 20 20
20 20 20 20 20 20 20 20  20 20 20 20 20 20 22 64
6f 77 6e 6c 69 6e 6b 4f  6e 6c 79 22 3a 20 31 0a
20 20 20 20 20 20 20 20  20 20 20 20 20 20 20 20
7d 0a 20 20 20 20 20 20  20 20 20 20 20 20 7d 2c
0a 20 20 20 20 20 20 20  20 20 20 20 20 22 73 79
73 74 65 6d 22 3a 20 7b  0a 20 20 20 20 20 20 20
20 20 20 20 20 20 20 20  20 22 73 74 61 74 73 4f
75 74 62 6f 75 6e 64 55  70 6c 69 6e 6b 22 3a 20
74 72 75 65 2c 0a 20 20  20 20 20 20 20 20 20 20
20 20 20 20 20 20 22 73  74 61 74 73 4f 75 74 62
6f 75 6e 64 44 6f 77 6e  6c 69 6e 6b 22 3a 20 74
72 75 65 0a 20 20 20 20  20 20 20 20 20 20 20 20
7d 0a 20 20 20 20 20 20  20 20 7d 2c 0a 20 20 20
20 20 20 20 20 22 73 74  61 74 73 22 3a 20 7b 7d
0a 20 20 20 20 7d 2c 0a  20 20 20 20 7b 0a 20 20
20 20 20 20 20 20 22 72  65 6d 61 72 6b 73 22 3a
20 22 f0 9f 92 a6 20 36  20 2d 20 54 72 6f 6a 61
6e 20 2d 20 49 50 76 36  20 3a 20 34 34 33 22 2c
0a 20 20 20 20 20 20 20  20 22 76 65 72 73 69 6f
6e 22 3a 20 7b 0a 20 20  20 20 20 20 20 20 20 20
20 20 22 6d 69 6e 22 3a  20 22 32 35 2e 31 30 2e
31 35 22 0a 20 20 20 20  20 20 20 20 7d 2c 0a 20
20 20 20 20 20 20 20 22  6c 6f 67 22 3a 20 7b 0a
20 20 20 20 20 20 20 20  20 20 20 20 22 6c 6f 67
6c 65 76 65 6c 22 3a 20  22 77 61 72 6e 69 6e 67
22 0a 20 20 20 20 20 20  20 20 7d 2c 0a 20 20 20
20 20 20 20 20 22 64 6e  73 22 3a 20 7b 0a 20 20
20 20 20 20 20 20 20 20  20 20 22 73 65 72 76 65
72 73 22 3a 20 5b 0a 20  20 20 20 20 20 20 20 20
20 20 20 20 20 20 20 7b  0a 20 20 20 20 20 20 20
20 20 20 20 20 20 20 20  20 20 20 20 20 22 61 64
64 72 65 73 73 22 3a 20  22 68 74 74 70 73 3a 2f
2f 38 2e 38 2e 38 2e 38  2f 64 6e 73 2d 71 75 65
72 79 22 2c 0a 20 20 20  20 20 20 20 20 20 20 20
20 20 20 20 20 20 20 20  20 22 74 61 67 22 3a 20
22 72 65 6d 6f 74 65 2d  64 6e 73 22 0a 20 20 20
20 20 20 20 20 20 20 20  20 20 20 20 20 7d 0a 20
20 20 20 20 20 20 20 20  20 20 20 5d 2c 0a 20 20
20 20 20 20 20 20 20 20  20 20 22 71 75 65 72 79
53 74 72 61 74 65 67 79  22 3a 20 22 55 73 65 49
50 22 2c 0a 20 20 20 20  20 20 20 20 20 20 20 20
22 74 61 67 22 3a 20 22  64 6e 73 22 0a 20 20 20
20 20 20 20 20 7d 2c 0a  20 20 20 20 20 20 20 20
22 69 6e 62 6f 75 6e 64  73 22 3a 20 5b 0a 20 20
20 20 20 20 20 20 20 20  20 20 7b 0a 20 20 20 20
20 20 20 20 20 20 20 20  20 20 20 20 22 6c 69 73
74 65 6e 22 3a 20 22 31  32 37 2e 30 2e 30 2e 31
22 2c 0a 20 20 20 20 20  20 20 20 20 20 20 20 20
20 20 20 22 70 6f 72 74  22 3a 20 31 30 38 30 38
2c 0a 20 20 20 20 20 20  20 20 20 20 20 20 20 20
20 20 22 70 72 6f 74 6f  63 6f 6c 22 3a 20 22 73
6f 63 6b 73 22 2c 0a 20  20 20 20 20 20 20 20 20
20 20 20 20 20 20 20 22  73 65 74 74 69 6e 67 73
22 3a 20 7b 0a 20 20 20  20 20 20 20 20 20 20 20
20 20 20 20 20 20 20 20  20 22 61 75 74 68 22 3a
20 22 6e 6f 61 75 74 68  22 2c 0a 20 20 20 20 20
20 20 20 20 20 20 20 20  20 20 20 20 20 20 20 22
75 64 70 22 3a 20 74 72  75 65 0a 20 20 20 20 20
20 20 20 20 20 20 20 20  20 20 20 7d 2c 0a 20 20
20 20 20 20 20 20 20 20  20 20 20 20 20 20 22 73
6e 69 66 66 69 6e 67 22  3a 20 7b 0a 20 20 20 20
20 20 20 20 20 20 20 20  20 20 20 20 20 20 20 20
22 64 65 73 74 4f 76 65  72 72 69 64 65 22 3a 20
5b 0a 20 20 20 20 20 20  20 20 20 20 20 20 20 20
20 20 20 20 20 20 20 20  20 20 22 68 74 74 70 22
2c 0a 20 20 20 20 20 20  20 20 20 20 20 20 20 20
20 20 20 20 20 20 20 20  20 20 22 74 6c 73 22 0a
20 20 20 20 20 20 20 20  20 20 20 20 20 20 20 20
20 20 20 20 5d 2c 0a 20  20 20 20 20 20 20 20 20
20 20 20 20 20 20 20 20  20 20 20 22 65 6e 61 62
6c 65 64 22 3a 20 74 72  75 65 2c 0a 20 20 20 20
20 20 20 20 20 20 20 20  20 20 20 20 20 20 20 20
22 72 6f 75 74 65 4f 6e  6c 79 22 3a 20 74 72 75
65 0a 20 20 20 20 20 20  20 20 20 20 20 20 20 20
20 20 7d 2c 0a 20 20 20  20 20 20 20 20 20 20 20
20 20 20 20 20 22 74 61  67 22 3a 20 22 6d 69 78
65 64 2d 69 6e 22 0a 20  20 20 20 20 20 20 20 20
20 20 20 7d 2c 0a 20 20  20 20 20 20 20 20 20 20
20 20 7b 0a 20 20 20 20  20 20 20 20 20 20 20 20
20 20 20 20 22 6c 69 73  74 65 6e 22 3a 20 22 31
32 37 2e 30 2e 30 2e 31  22 2c 0a 20 20 20 20 20
20 20 20 20 20 20 20 20  20 20 20 22 70 6f 72 74
22 3a 20 31 30 38 35 33  2c 0a 20 20 20 20 20 20
20 20 20 20 20 20 20 20  20 20 22 70 72 6f 74 6f
63 6f 6c 22 3a 20 22 64  6f 6b 6f 64 65 6d 6f 2d
64 6f 6f 72 22 2c 0a 20  20 20 20 20 20 20 20 20
20 20 20 20 20 20 20 22  73 65 74 74 69 6e 67 73
22 3a 20 7b 0a 20 20 20  20 20 20 20 20 20 20 20
20 20 20 20 20 20 20 20  20 22 61 64 64 72 65 73
73 22 3a 20 22 31 2e 31  2e 31 2e 31 22 2c 0a 20
20 20 20 20 20 20 20 20  20 20 20 20 20 20 20 20
20 20 20 22 6e 65 74 77  6f 72 6b 22 3a 20 22 74
63 70 2c 75 64 70 22 2c  0a 20 20 20 20 20 20 20
20 20 20 20 20 20 20 20  20 20 20 20 20 22 70 6f
72 74 22 3a 20 35 33 0a  20 20 20 20 20 20 20 20
20 20 20 20 20 20 20 20  7d 2c 0a 20 20 20 20 20
20 20 20 20 20 20 20 20  20 20 20 22 74 61 67 22
3a 20 22 64 6e 73 2d 69  6e 22 0a 20 20 20 20 20
20 20 20 20 20 20 20 7d  0a 20 20 20 20 20 20 20
20 5d 2c 0a 20 20 20 20  20 20 20 20 22 6f 75 74
62 6f 75 6e 64 73 22 3a  20 5b 0a 20 20 20 20 20
20 20 20 20 20 20 20 7b  0a 20 20 20 20 20 20 20
20 20 20 20 20 20 20 20  20 22 70 72 6f 74 6f 63
6f 6c 22 3a 20 22 74 72  6f 6a 61 6e 22 2c 0a 20
20 20 20 20 20 20 20 20  20 20 20 20 20 20 20 22
73 65 74 74 69 6e 67 73  22 3a 20 7b 0a 20 20 20
20 20 20 20 20 20 20 20  20 20 20 20 20 20 20 20
20 22 73 65 72 76 65 72  73 22 3a 20 5b 0a 20 20
20 20 20 20 20 20 20 20  20 20 20 20 20 20 20 20
20 20 20 20 20 20 7b 0a  20 20 20 20 20 20 20 20
20 20 20 20 20 20 20 20  20 20 20 20 20 20 20 20
20 20 20 20 22 61 64 64  72 65 73 73 22 3a 20 22
5b 32 61 30 36 3a 39 38  63 31 3a 33 31 32 31 3a
3a 5d 22 2c 0a 20 20 20  20 20 20 20 20 20 20 20
20 20 20 20 20 20 20 20  20 20 20 20 20 20 20 20
20 22 70 6f 72 74 22 3a  20 34 34 33 2c 0a 20 20
20 20 20 20 20 20 20 20  20 20 20 20 20 20 20 20
20 20 20 20 20 20 20 20  20 20 22 70 61 73 73 77
6f 72 64 22 3a 20 22 35  4b 39 75 39 2e 54 6e 72
31 24 5e 22 0a 20 20 20  20 20 20 20 20 20 20 20
20 20 20 20 20 20 20 20  20 20 20 20 20 7d 0a 20
20 20 20 20 20 20 20 20  20 20 20 20 20 20 20 20
20 20 20 5d 0a 20 20 20  20 20 20 20 20 20 20 20
20 20 20 20 20 7d 2c 0a  20 20 20 20 20 20 20 20
20 20 20 20 20 20 20 20  22 73 74 72 65 61 6d 53
65 74 74 69 6e 67 73 22  3a 20 7b 0a 20 20 20 20
20 20 20 20 20 20 20 20  20 20 20 20 20 20 20 20
22 6e 65 74 77 6f 72 6b  22 3a 20 22 77 73 22 2c
0a 20 20 20 20 20 20 20  20 20 20 20 20 20 20 20
20 20 20 20 20 22 77 73  53 65 74 74 69 6e 67 73
22 3a 20 7b 0a 20 20 20  20 20 20 20 20 20 20 20
20 20 20 20 20 20 20 20  20 20 20 20 20 22 68 6f
73 74 22 3a 20 22 77 68  75 61 2d 62 70 2e 38 64
79 2e 78 78 2e 6b 67 22  2c 0a 20 20 20 20 20 20
20 20 20 20 20 20 20 20  20 20 20 20 20 20 20 20
20 20 22 70 61 74 68 22  3a 20 22 2f 65 79 4a 71
64 57 35 72 49 6a 6f 69  63 44 68 4e 4f 58 6c 6d
53 44 5a 30 55 57 39 4c  54 30 30 31 55 69 49 73
49 6e 42 79 62 33 52 76  59 32 39 73 49 6a 6f 69
64 48 49 69 4c 43 4a 74  62 32 52 6c 49 6a 6f 69
63 48 4a 6c 5a 6d 6c 34  49 69 77 69 63 47 46 75
5a 57 78 4a 55 48 4d 69  4f 6c 73 69 57 7a 49 32
4d 44 49 36 5a 6d 4d 31  4f 54 70 69 4d 44 6f 32
4e 44 6f 36 58 53 49 73  49 6c 73 79 4e 6a 41 79
4f 6d 5a 6a 4e 54 6b 36  4d 54 45 36 4e 6a 51 36
4f 6c 30 69 4c 43 4a 62  4d 6d 45 77 4d 6a 6f 34
4f 54 67 36 4d 54 51 32  4f 6a 59 30 4f 6a 70 64
49 6c 31 39 3f 65 64 3d  32 35 36 30 22 0a 20 20
20 20 20 20 20 20 20 20  20 20 20 20 20 20 20 20
20 20 7d 2c 0a 20 20 20  20 20 20 20 20 20 20 20
20 20 20 20 20 20 20 20  20 22 73 65 63 75 72 69
74 79 22 3a 20 22 74 6c  73 22 2c 0a 20 20 20 20
20 20 20 20 20 20 20 20  20 20 20 20 20 20 20 20
22 74 6c 73 53 65 74 74  69 6e 67 73 22 3a 20 7b
0a 20 20 20 20 20 20 20  20 20 20 20 20 20 20 20
20 20 20 20 20 20 20 20  20 22 73 65 72 76 65 72
4e 61 6d 65 22 3a 20 22  77 48 55 41 2d 42 70 2e
38 64 59 2e 78 58 2e 6b  67 22 2c 0a 20 20 20 20
20 20 20 20 20 20 20 20  20 20 20 20 20 20 20 20
20 20 20 20 22 66 69 6e  67 65 72 70 72 69 6e 74
22 3a 20 22 63 68 72 6f  6d 65 22 2c 0a 20 20 20
20 20 20 20 20 20 20 20  20 20 20 20 20 20 20 20
20 20 20 20 20 22 61 6c  70 6e 22 3a 20 5b 0a 20
20 20 20 20 20 20 20 20  20 20 20 20 20 20 20 20
20 20 20 20 20 20 20 20  20 20 20 22 68 74 74 70
2f 31 2e 31 22 0a 20 20  20 20 20 20 20 20 20 20
20 20 20 20 20 20 20 20  20 20 20 20 20 20 5d 2c
0a 20 20 20 20 20 20 20  20 20 20 20 20 20 20 20
20 20 20 20 20 20 20 20  20 22 61 6c 6c 6f 77 49
6e 73 65 63 75 72 65 22  3a 20 66 61 6c 73 65 0a
20 20 20 20 20 20 20 20  20 20 20 20 20 20 20 20
20 20 20 20 7d 2c 0a 20  20 20 20 20 20 20 20 20
20 20 20 20 20 20 20 20  20 20 20 22 73 6f 63 6b
6f 70 74 22 3a 20 7b 0a  20 20 20 20 20 20 20 20
20 20 20 20 20 20 20 20  20 20 20 20 20 20 20 20
22 64 6f 6d 61 69 6e 53  74 72 61 74 65 67 79 22
3a 20 22 55 73 65 49 50  22 2c 0a 20 20 20 20 20
20 20 20 20 20 20 20 20  20 20 20 20 20 20 20 20
20 20 20 22 68 61 70 70  79 45 79 65 62 61 6c 6c
73 22 3a 20 7b 0a 20 20  20 20 20 20 20 20 20 20
20 20 20 20 20 20 20 20  20 20 20 20 20 20 20 20
20 20 22 74 72 79 44 65  6c 61 79 4d 73 22 3a 20
32 35 30 2c 0a 20 20 20  20 20 20 20 20 20 20 20
20 20 20 20 20 20 20 20  20 20 20 20 20 20 20 20
20 22 70 72 69 6f 72 69  74 69 7a 65 49 50 76 36
22 3a 20 66 61 6c 73 65  2c 0a 20 20 20 20 20 20
20 20 20 20 20 20 20 20  20 20 20 20 20 20 20 20
20 20 20 20 20 20 22 69  6e 74 65 72 6c 65 61 76
65 22 3a 20 32 2c 0a 20  20 20 20 20 20 20 20 20
20 20 20 20 20 20 20 20  20 20 20 20 20 20 20 20
20 20 20 22 6d 61 78 43  6f 6e 63 75 72 72 65 6e
74 54 72 79 22 3a 20 34  0a 20 20 20 20 20 20 20
20 20 20 20 20 20 20 20  20 20 20 20 20 20 20 20
20 7d 0a 20 20 20 20 20  20 20 20 20 20 20 20 20
20 20 20 20 20 20 20 7d  0a 20 20 20 20 20 20 20
20 20 20 20 20 20 20 20  20 7d 2c 0a 20 20 20 20
20 20 20 20 20 20 20 20  20 20 20 20 22 74 61 67
22 3a 20 22 70 72 6f 78  79 22 0a 20 20 20 20 20
20 20 20 20 20 20 20 7d  2c 0a 20 20 20 20 20 20
20 20 20 20 20 20 7b 0a  20 20 20 20 20 20 20 20
20 20 20 20 20 20 20 20  22 70 72 6f 74 6f 63 6f
6c 22 3a 20 22 64 6e 73  22 2c 0a 20 20 20 20 20
20 20 20 20 20 20 20 20  20 20 20 22 73 65 74 74
69 6e 67 73 22 3a 20 7b  0a 20 20 20 20 20 20 20
20 20 20 20 20 20 20 20  20 20 20 20 20 22 6e 6f
6e 49 50 51 75 65 72 79  22 3a 20 22 72 65 6a 65
63 74 22 0a 20 20 20 20  20 20 20 20 20 20 20 20
20 20 20 20 7d 2c 0a 20  20 20 20 20 20 20 20 20
20 20 20 20 20 20 20 22  74 61 67 22 3a 20 22 64
6e 73 2d 6f 75 74 22 0a  20 20 20 20 20 20 20 20
20 20 20 20 7d 2c 0a 20  20 20 20 20 20 20 20 20
20 20 20 7b 0a 20 20 20  20 20 20 20 20 20 20 20
20 20 20 20 20 22 70 72  6f 74 6f 63 6f 6c 22 3a
20 22 66 72 65 65 64 6f  6d 22 2c 0a 20 20 20 20
20 20 20 20 20 20 20 20  20 20 20 20 22 73 65 74
74 69 6e 67 73 22 3a 20  7b 0a 20 20 20 20 20 20
20 20 20 20 20 20 20 20  20 20 20 20 20 20 22 64
6f 6d 61 69 6e 53 74 72  61 74 65 67 79 22 3a 20
22 55 73 65 49 50 22 0a  20 20 20 20 20 20 20 20
20 20 20 20 20 20 20 20  7d 2c 0a 20 20 20 20 20
20 20 20 20 20 20 20 20  20 20 20 22 74 61 67 22
3a 20 22 64 69 72 65 63  74 22 0a 20 20 20 20 20
20 20 20 20 20 20 20 7d  2c 0a 20 20 20 20 20 20
20 20 20 20 20 20 7b 0a  20 20 20 20 20 20 20 20
20 20 20 20 20 20 20 20  22 70 72 6f 74 6f 63 6f
6c 22 3a 20 22 62 6c 61  63 6b 68 6f 6c 65 22 2c
0a 20 20 20 20 20 20 20  20 20 20 20 20 20 20 20
20 22 73 65 74 74 69 6e  67 73 22 3a 20 7b 0a 20
20 20 20 20 20 20 20 20  20 20 20 20 20 20 20 20
20 20 20 22 72 65 73 70  6f 6e 73 65 22 3a 20 7b
0a 20 20 20 20 20 20 20  20 20 20 20 20 20 20 20
20 20 20 20 20 20 20 20  20 22 74 79 70 65 22 3a
20 22 68 74 74 70 22 0a  20 20 20 20 20 20 20 20
20 20 20 20 20 20 20 20  20 20 20 20 7d 0a 20 20
20 20 20 20 20 20 20 20  20 20 20 20 20 20 7d 2c
0a 20 20 20 20 20 20 20  20 20 20 20 20 20 20 20
20 22 74 61 67 22 3a 20  22 62 6c 6f 63 6b 22 0a
20 20 20 20 20 20 20 20  20 20 20 20 7d 0a 20 20
20 20 20 20 20 20 5d 2c  0a 20 20 20 20 20 20 20
20 22 72 6f 75 74 69 6e  67 22 3a 20 7b 0a 20 20
20 20 20 20 20 20 20 20  20 20 22 64 6f 6d 61 69
6e 53 74 72 61 74 65 67  79 22 3a 20 22 49 50 49
66 4e 6f 6e 4d 61 74 63  68 22 2c 0a 20 20 20 20
20 20 20 20 20 20 20 20  22 72 75 6c 65 73 22 3a
20 5b 0a 20 20 20 20 20  20 20 20 20 20 20 20 20
20 20 20 7b 0a 20 20 20  20 20 20 20 20 20 20 20
20 20 20 20 20 20 20 20  20 22 69 6e 62 6f 75 6e
64 54 61 67 22 3a 20 5b  0a 20 20 20 20 20 20 20
20 20 20 20 20 20 20 20  20 20 20 20 20 20 20 20
20 22 6d 69 78 65 64 2d  69 6e 22 0a 20 20 20 20
20 20 20 20 20 20 20 20  20 20 20 20 20 20 20 20
5d 2c 0a 20 20 20 20 20  20 20 20 20 20 20 20 20
20 20 20 20 20 20 20 22  70 6f 72 74 22 3a 20 35
33 2c 0a 20 20 20 20 20  20 20 20 20 20 20 20 20
20 20 20 20 20 20 20 22  6f 75 74 62 6f 75 6e 64
54 61 67 22 3a 20 22 64  6e 73 2d 6f 75 74 22 2c
0a 20 20 20 20 20 20 20  20 20 20 20 20 20 20 20
20 20 20 20 20 22 74 79  70 65 22 3a 20 22 66 69
65 6c 64 22 0a 20 20 20  20 20 20 20 20 20 20 20
20 20 20 20 20 7d 2c 0a  20 20 20 20 20 20 20 20
20 20 20 20 20 20 20 20  7b 0a 20 20 20 20 20 20
20 20 20 20 20 20 20 20  20 20 20 20 20 20 22 69
6e 62 6f 75 6e 64 54 61  67 22 3a 20 5b 0a 20 20
20 20 20 20 20 20 20 20  20 20 20 20 20 20 20 20
20 20 20 20 20 20 22 64  6e 73 2d 69 6e 22 0a 20
20 20 20 20 20 20 20 20  20 20 20 20 20 20 20 20
20 20 20 5d 2c 0a 20 20  20 20 20 20 20 20 20 20
20 20 20 20 20 20 20 20  20 20 22 6f 75 74 62 6f
75 6e 64 54 61 67 22 3a  20 22 64 6e 73 2d 6f 75
74 22 2c 0a 20 20 20 20  20 20 20 20 20 20 20 20
20 20 20 20 20 20 20 20  22 74 79 70 65 22 3a 20
22 66 69 65 6c 64 22 0a  20 20 20 20 20 20 20 20
20 20 20 20 20 20 20 20  7d 2c 0a 20 20 20 20 20
20 20 20 20 20 20 20 20  20 20 20 7b 0a 20 20 20
20 20 20 20 20 20 20 20  20 20 20 20 20 20 20 20
20 22 69 6e 62 6f 75 6e  64 54 61 67 22 3a 20 5b
0a 20 20 20 20 20 20 20  20 20 20 20 20 20 20 20
20 20 20 20 20 20 20 20  20 22 72 65 6d 6f 74 65
2d 64 6e 73 22 0a 20 20  20 20 20 20 20 20 20 20
20 20 20 20 20 20 20 20  20 20 5d 2c 0a 20 20 20
20 20 20 20 20 20 20 20  20 20 20 20 20 20 20 20
20 22 6f 75 74 62 6f 75  6e 64 54 61 67 22 3a 20
22 70 72 6f 78 79 22 2c  0a 20 20 20 20 20 20 20
20 20 20 20 20 20 20 20  20 20 20 20 20 22 74 79
70 65 22 3a 20 22 66 69  65 6c 64 22 0a 20 20 20
20 20 20 20 20 20 20 20  20 20 20 20 20 7d 2c 0a
20 20 20 20 20 20 20 20  20 20 20 20 20 20 20 20
7b 0a 20 20 20 20 20 20  20 20 20 20 20 20 20 20
20 20 20 20 20 20 22 69  6e 62 6f 75 6e 64 54 61
67 22 3a 20 5b 0a 20 20  20 20 20 20 20 20 20 20
20 20 20 20 20 20 20 20  20 20 20 20 20 20 22 64
6e 73 22 0a 20 20 20 20  20 20 20 20 20 20 20 20
20 20 20 20 20 20 20 20  5d 2c 0a 20 20 20 20 20
20 20 20 20 20 20 20 20  20 20 20 20 20 20 20 22
6f 75 74 62 6f 75 6e 64  54 61 67 22 3a 20 22 64
69 72 65 63 74 22 2c 0a  20 20 20 20 20 20 20 20
20 20 20 20 20 20 20 20  20 20 20 20 22 74 79 70
65 22 3a 20 22 66 69 65  6c 64 22 0a 20 20 20 20
20 20 20 20 20 20 20 20  20 20 20 20 7d 2c 0a 20
20 20 20 20 20 20 20 20  20 20 20 20 20 20 20 7b
0a 20 20 20 20 20 20 20  20 20 20 20 20 20 20 20
20 20 20 20 20 22 64 6f  6d 61 69 6e 22 3a 20 5b
0a 20 20 20 20 20 20 20  20 20 20 20 20 20 20 20
20 20 20 20 20 20 20 20  20 22 67 65 6f 73 69 74
65 3a 70 72 69 76 61 74  65 22 0a 20 20 20 20 20
20 20 20 20 20 20 20 20  20 20 20 20 20 20 20 5d
2c 0a 20 20 20 20 20 20  20 20 20 20 20 20 20 20
20 20 20 20 20 20 22 6f  75 74 62 6f 75 6e 64 54
61 67 22 3a 20 22 64 69  72 65 63 74 22 2c 0a 20
20 20 20 20 20 20 20 20  20 20 20 20 20 20 20 20
20 20 20 22 74 79 70 65  22 3a 20 22 66 69 65 6c
64 22 0a 20 20 20 20 20  20 20 20 20 20 20 20 20
20 20 20 7d 2c 0a 20 20  20 20 20 20 20 20 20 20
20 20 20 20 20 20 7b 0a  20 20 20 20 20 20 20 20
20 20 20 20 20 20 20 20  20 20 20 20 22 69 70 22
3a 20 5b 0a 20 20 20 20  20 20 20 20 20 20 20 20
20 20 20 20 20 20 20 20  20 20 20 20 22 67 65 6f
69 70 3a 70 72 69 76 61  74 65 22 0a 20 20 20 20
20 20 20 20 20 20 20 20  20 20 20 20 20 20 20 20
5d 2c 0a 20 20 20 20 20  20 20 20 20 20 20 20 20
20 20 20 20 20 20 20 22  6f 75 74 62 6f 75 6e 64
54 61 67 22 3a 20 22 64  69 72 65 63 74 22 2c 0a
20 20 20 20 20 20 20 20  20 20 20 20 20 20 20 20
20 20 20 20 22 74 79 70  65 22 3a 20 22 66 69 65
6c 64 22 0a 20 20 20 20  20 20 20 20 20 20 20 20
20 20 20 20 7d 2c 0a 20  20 20 20 20 20 20 20 20
20 20 20 20 20 20 20 7b  0a 20 20 20 20 20 20 20
20 20 20 20 20 20 20 20  20 20 20 20 20 22 6e 65
74 77 6f 72 6b 22 3a 20  22 75 64 70 22 2c 0a 20
20 20 20 20 20 20 20 20  20 20 20 20 20 20 20 20
20 20 20 22 6f 75 74 62  6f 75 6e 64 54 61 67 22
3a 20 22 62 6c 6f 63 6b  22 2c 0a 20 20 20 20 20
20 20 20 20 20 20 20 20  20 20 20 20 20 20 20 22
74 79 70 65 22 3a 20 22  66 69 65 6c 64 22 0a 20
20 20 20 20 20 20 20 20  20 20 20 20 20 20 20 7d
2c 0a 20 20 20 20 20 20  20 20 20 20 20 20 20 20
20 20 7b 0a 20 20 20 20  20 20 20 20 20 20 20 20
20 20 20 20 20 20 20 20  22 6e 65 74 77 6f 72 6b
22 3a 20 22 74 63 70 22  2c 0a 20 20 20 20 20 20
20 20 20 20 20 20 20 20  20 20 20 20 20 20 22 6f
75 74 62 6f 75 6e 64 54  61 67 22 3a 20 22 70 72
6f 78 79 22 2c 0a 20 20  20 20 20 20 20 20 20 20
20 20 20 20 20 20 20 20  20 20 22 74 79 70 65 22
3a 20 22 66 69 65 6c 64  22 0a 20 20 20 20 20 20
20 20 20 20 20 20 20 20  20 20 7d 0a 20 20 20 20
20 20 20 20 20 20 20 20  5d 0a 20 20 20 20 20 20
20 20 7d 2c 0a 20 20 20  20 20 20 20 20 22 70 6f
6c 69 63 79 22 3a 20 7b  0a 20 20 20 20 20 20 20
20 20 20 20 20 22 6c 65  76 65 6c 73 22 3a 20 7b
0a 20 20 20 20 20 20 20  20 20 20 20 20 20 20 20
20 22 30 22 3a 20 7b 0a  20 20 20 20 20 20 20 20
20 20 20 20 20 20 20 20  20 20 20 20 22 63 6f 6e
6e 49 64 6c 65 22 3a 20  33 30 30 2c 0a 20 20 20
20 20 20 20 20 20 20 20  20 20 20 20 20 20 20 20
20 22 68 61 6e 64 73 68  61 6b 65 22 3a 20 34 2c
0a 20 20 20 20 20 20 20  20 20 20 20 20 20 20 20
20 20 20 20 20 22 75 70  6c 69 6e 6b 4f 6e 6c 79
22 3a 20 31 2c 0a 20 20  20 20 20 20 20 20 20 20
20 20 20 20 20 20 20 20  20 20 22 64 6f 77 6e 6c
69 6e 6b 4f 6e 6c 79 22  3a 20 31 0a 20 20 20 20
20 20 20 20 20 20 20 20  20 20 20 20 7d 0a 20 20
20 20 20 20 20 20 20 20  20 20 7d 2c 0a 20 20 20
20 20 20 20 20 20 20 20  20 22 73 79 73 74 65 6d
22 3a 20 7b 0a 20 20 20  20 20 20 20 20 20 20 20
20 20 20 20 20 22 73 74  61 74 73 4f 75 74 62 6f
75 6e 64 55 70 6c 69 6e  6b 22 3a 20 74 72 75 65
2c 0a 20 20 20 20 20 20  20 20 20 20 20 20 20 20
20 20 22 73 74 61 74 73  4f 75 74 62 6f 75 6e 64
44 6f 77 6e 6c 69 6e 6b  22 3a 20 74 72 75 65 0a
20 20 20 20 20 20 20 20  20 20 20 20 7d 0a 20 20
20 20 20 20 20 20 7d 2c  0a 20 20 20 20 20 20 20
20 22 73 74 61 74 73 22  3a 20 7b 7d 0a 20 20 20
20 7d 2c 0a 20 20 20 20  7b 0a 20 20 20 20 20 20
20 20 22 72 65 6d 61 72  6b 73 22 3a 20 22 f0 9f
92 a6 20 42 65 73 74 20  50 69 6e 67 20 f0 9f 9a
80 22 2c 0a 20 20 20 20  20 20 20 20 22 76 65 72
73 69 6f 6e 22 3a 20 7b  0a 20 20 20 20 20 20 20
20 20 20 20 20 22 6d 69  6e 22 3a 20 22 32 35 2e
31 30 2e 31 35 22 0a 20  20 20 20 20 20 20 20 7d
2c 0a 20 20 20 20 20 20  20 20 22 6c 6f 67 22 3a
20 7b 0a 20 20 20 20 20  20 20 20 20 20 20 20 22
6c 6f 67 6c 65 76 65 6c  22 3a 20 22 77 61 72 6e
69 6e 67 22 0a 20 20 20  20 20 20 20 20 7d 2c 0a
20 20 20 20 20 20 20 20  22 64 6e 73 22 3a 20 7b
0a 20 20 20 20 20 20 20  20 20 20 20 20 22 73 65
72 76 65 72 73 22 3a 20  5b 0a 20 20 20 20 20 20
20 20 20 20 20 20 20 20  20 20 7b 0a 20 20 20 20
20 20 20 20 20 20 20 20  20 20 20 20 20 20 20 20
22 61 64 64 72 65 73 73  22 3a 20 22 68 74 74 70
73 3a 2f 2f 38 2e 38 2e  38 2e 38 2f 64 6e 73 2d
71 75 65 72 79 22 2c 0a  20 20 20 20 20 20 20 20
20 20 20 20 20 20 20 20  20 20 20 20 22 74 61 67
22 3a 20 22 72 65 6d 6f  74 65 2d 64 6e 73 22 0a
20 20 20 20 20 20 20 20  20 20 20 20 20 20 20 20
7d 2c 0a 20 20 20 20 20  20 20 20 20 20 20 20 20
20 20 20 7b 0a 20 20 20  20 20 20 20 20 20 20 20
20 20 20 20 20 20 20 20  20 22 61 64 64 72 65 73
73 22 3a 20 22 38 2e 38  2e 38 2e 38 22 2c 0a 20
20 20 20 20 20 20 20 20  20 20 20 20 20 20 20 20
20 20 20 22 64 6f 6d 61  69 6e 73 22 3a 20 5b 0a
20 20 20 20 20 20 20 20  20 20 20 20 20 20 20 20
20 20 20 20 20 20 20 20  22 66 75 6c 6c 3a 77 68
75 61 2d 62 70 2e 38 64  79 2e 78 78 2e 6b 67 22
2c 0a 20 20 20 20 20 20  20 20 20 20 20 20 20 20
20 20 20 20 20 20 20 20  20 20 22 66 75 6c 6c 3a
77 77 77 2e 73 70 65 65  64 74 65 73 74 2e 6e 65
74 22 0a 20 20 20 20 20  20 20 20 20 20 20 20 20
20 20 20 20 20 20 20 5d  2c 0a 20 20 20 20 20 20
20 20 20 20 20 20 20 20  20 20 20 20 20 20 22 73
6b 69 70 46 61 6c 6c 62  61 63 6b 22 3a 20 74 72
75 65 0a 20 20 20 20 20  20 20 20 20 20 20 20 20
20 20 20 7d 0a 20 20 20  20 20 20 20 20 20 20 20
20 5d 2c 0a 20 20 20 20  20 20 20 20 20 20 20 20
22 71 75 65 72 79 53 74  72 61 74 65 67 79 22 3a
20 22 55 73 65 49 50 22  2c 0a 20 20 20 20 20 20
20 20 20 20 20 20 22 74  61 67 22 3a 20 22 64 6e
73 22 0a 20 20 20 20 20  20 20 20 7d 2c 0a 20 20
20 20 20 20 20 20 22 69  6e 62 6f 75 6e 64 73 22
3a 20 5b 0a 20 20 20 20  20 20 20 20 20 20 20 20
7b 0a 20 20 20 20 20 20  20 20 20 20 20 20 20 20
20 20 22 6c 69 73 74 65  6e 22 3a 20 22 31 32 37
2e 30 2e 30 2e 31 22 2c  0a 20 20 20 20 20 20 20
20 20 20 20 20 20 20 20  20 22 70 6f 72 74 22 3a
20 31 30 38 30 38 2c 0a  20 20 20 20 20 20 20 20
20 20 20 20 20 20 20 20  22 70 72 6f 74 6f 63 6f
6c 22 3a 20 22 73 6f 63  6b 73 22 2c 0a 20 20 20
20 20 20 20 20 20 20 20  20 20 20 20 20 22 73 65
74 74 69 6e 67 73 22 3a  20 7b 0a 20 20 20 20 20
20 20 20 20 20 20 20 20  20 20 20 20 20 20 20 22
61 75 74 68 22 3a 20 22  6e 6f 61 75 74 68 22 2c
0a 20 20 20 20 20 20 20  20 20 20 20 20 20 20 20
20 20 20 20 20 22 75 64  70 22 3a 20 74 72 75 65
0a 20 20 20 20 20 20 20  20 20 20 20 20 20 20 20
20 7d 2c 0a 20 20 20 20  20 20 20 20 20 20 20 20
20 20 20 20 22 73 6e 69  66 66 69 6e 67 22 3a 20
7b 0a 20 20 20 20 20 20  20 20 20 20 20 20 20 20
20 20 20 20 20 20 22 64  65 73 74 4f 76 65 72 72
69 64 65 22 3a 20 5b 0a  20 20 20 20 20 20 20 20
20 20 20 20 20 20 20 20  20 20 20 20 20 20 20 20
22 68 74 74 70 22 2c 0a  20 20 20 20 20 20 20 20
20 20 20 20 20 20 20 20  20 20 20 20 20 20 20 20
22 74 6c 73 22 0a 20 20  20 20 20 20 20 20 20 20
20 20 20 20 20 20 20 20  20 20 5d 2c 0a 20 20 20
20 20 20 20 20 20 20 20  20 20 20 20 20 20 20 20
20 22 65 6e 61 62 6c 65  64 22 3a 20 74 72 75 65
2c 0a 20 20 20 20 20 20  20 20 20 20 20 20 20 20
20 20 20 20 20 20 22 72  6f 75 74 65 4f 6e 6c 79
22 3a 20 74 72 75 65 0a  20 20 20 20 20 20 20 20
20 20 20 20 20 20 20 20  7d 2c 0a 20 20 20 20 20
20 20 20 20 20 20 20 20  20 20 20 22 74 61 67 22
3a 20 22 6d 69 78 65 64  2d 69 6e 22 0a 20 20 20
20 20 20 20 20 20 20 20  20 7d 2c 0a 20 20 20 20
20 20 20 20 20 20 20 20  7b 0a 20 20 20 20 20 20
20 20 20 20 20 20 20 20  20 20 22 6c 69 73 74 65
6e 22 3a 20 22 31 32 37  2e 30 2e 30 2e 31 22 2c
0a 20 20 20 20 20 20 20  20 20 20 20 20 20 20 20
20 22 70 6f 72 74 22 3a  20 31 30 38 35 33 2c 0a
20 20 20 20 20 20 20 20  20 20 20 20 20 20 20 20
22 70 72 6f 74 6f 63 6f  6c 22 3a 20 22 64 6f 6b
6f 64 65 6d 6f 2d 64 6f  6f 72 22 2c 0a 20 20 20
20 20 20 20 20 20 20 20  20 20 20 20 20 22 73 65
74 74 69 6e 67 73 22 3a  20 7b 0a 20 20 20 20 20
20 20 20 20 20 20 20 20  20 20 20 20 20 20 20 22
61 64 64 72 65 73 73 22  3a 20 22 31 2e 31 2e 31
2e 31 22 2c 0a 20 20 20  20 20 20 20 20 20 20 20
20 20 20 20 20 20 20 20  20 22 6e 65 74 77 6f 72
6b 22 3a 20 22 74 63 70  2c 75 64 70 22 2c 0a 20
20 20 20 20 20 20 20 20  20 20 20 20 20 20 20 20
20 20 20 22 70 6f 72 74  22 3a 20 35 33 0a 20 20
20 20 20 20 20 20 20 20  20 20 20 20 20 20 7d 2c
0a 20 20 20 20 20 20 20  20 20 20 20 20 20 20 20
20 22 74 61 67 22 3a 20  22 64 6e 73 2d 69 6e 22
0a 20 20 20 20 20 20 20  20 20 20 20 20 7d 0a 20
20 20 20 20 20 20 20 5d  2c 0a 20 20 20 20 20 20
20 20 22 6f 75 74 62 6f  75 6e 64 73 22 3a 20 5b
0a 20 20 20 20 20 20 20  20 20 20 20 20 7b 0a 20
20 20 20 20 20 20 20 20  20 20 20 20 20 20 20 22
70 72 6f 74 6f 63 6f 6c  22 3a 20 22 76 6c 65 73
73 22 2c 0a 20 20 20 20  20 20 20 20 20 20 20 20
20 20 20 20 22 73 65 74  74 69 6e 67 73 22 3a 20
7b 0a 20 20 20 20 20 20  20 20 20 20 20 20 20 20
20 20 20 20 20 20 22 76  6e 65 78 74 22 3a 20 5b
0a 20 20 20 20 20 20 20  20 20 20 20 20 20 20 20
20 20 20 20 20 20 20 20  20 7b 0a 20 20 20 20 20
20 20 20 20 20 20 20 20  20 20 20 20 20 20 20 20
20 20 20 20 20 20 20 22  61 64 64 72 65 73 73 22
3a 20 22 77 68 75 61 2d  62 70 2e 38 64 79 2e 78
78 2e 6b 67 22 2c 0a 20  20 20 20 20 20 20 20 20
20 20 20 20 20 20 20 20  20 20 20 20 20 20 20 20
20 20 20 22 70 6f 72 74  22 3a 20 34 34 33 2c 0a
20 20 20 20 20 20 20 20  20 20 20 20 20 20 20 20
20 20 20 20 20 20 20 20  20 20 20 20 22 75 73 65
72 73 22 3a 20 5b 0a 20  20 20 20 20 20 20 20 20
20 20 20 20 20 20 20 20  20 20 20 20 20 20 20 20
20 20 20 20 20 20 20 7b  0a 20 20 20 20 20 20 20
20 20 20 20 20 20 20 20  20 20 20 20 20 20 20 20
20 20 20 20 20 20 20 20  20 20 20 20 20 22 69 64
22 3a 20 22 38 38 38 36  39 38 39 30 2d 37 36 63
32 2d 34 36 62 61 2d 62  36 34 36 2d 34 66 65 62
66 33 35 37 35 35 61 37  22 2c 0a 20 20 20 20 20
20 20 20 20 20 20 20 20  20 20 20 20 20 20 20 20
20 20 20 20 20 20 20 20  20 20 20 20 20 20 20 22
65 6e 63 72 79 70 74 69  6f 6e 22 3a 20 22 6e 6f
6e 65 22 0a 20 20 20 20  20 20 20 20 20 20 20 20
20 20 20 20 20 20 20 20  20 20 20 20 20 20 20 20
20 20 20 20 7d 0a 20 20  20 20 20 20 20 20 20 20
20 20 20 20 20 20 20 20  20 20 20 20 20 20 20 20
20 20 5d 0a 20 20 20 20  20 20 20 20 20 20 20 20
20 20 20 20 20 20 20 20  20 20 20 20 7d 0a 20 20
20 20 20 20 20 20 20 20  20 20 20 20 20 20 20 20
20 20 5d 0a 20 20 20 20  20 20 20 20 20 20 20 20
20 20 20 20 7d 2c 0a 20  20 20 20 20 20 20 20 20
20 20 20 20 20 20 20 22  73 74 72 65 61 6d 53 65
74 74 69 6e 67 73 22 3a  20 7b 0a 20 20 20 20 20
20 20 20 20 20 20 20 20  20 20 20 20 20 20 20 22
6e 65 74 77 6f 72 6b 22  3a 20 22 77 73 22 2c 0a
20 20 20 20 20 20 20 20  20 20 20 20 20 20 20 20
20 20 20 20 22 77 73 53  65 74 74 69 6e 67 73 22
3a 20 7b 0a 20 20 20 20  20 20 20 20 20 20 20 20
20 20 20 20 20 20 20 20  20 20 20 20 22 68 6f 73
74 22 3a 20 22 77 68 75  61 2d 62 70 2e 38 64 79
2e 78 78 2e 6b 67 22 2c  0a 20 20 20 20 20 20 20
20 20 20 20 20 20 20 20  20 20 20 20 20 20 20 20
20 22 70 61 74 68 22 3a  20 22 2f 65 79 4a 71 64
57 35 72 49 6a 6f 69 54  7a 4e 78 63 48 51 34 54
45 39 70 53 33 51 78 5a  6d 52 36 54 53 49 73 49
6e 42 79 62 33 52 76 59  32 39 73 49 6a 6f 69 64
6d 77 69 4c 43 4a 74 62  32 52 6c 49 6a 6f 69 63
48 4a 6c 5a 6d 6c 34 49  69 77 69 63 47 46 75 5a
57 78 4a 55 48 4d 69 4f  6c 73 69 57 7a 49 32 4d
44 49 36 5a 6d 4d 31 4f  54 70 69 4d 44 6f 32 4e
44 6f 36 58 53 49 73 49  6c 73 79 4e 6a 41 79 4f
6d 5a 6a 4e 54 6b 36 4d  54 45 36 4e 6a 51 36 4f
6c 30 69 4c 43 4a 62 4d  6d 45 77 4d 6a 6f 34 4f
54 67 36 4d 54 51 32 4f  6a 59 30 4f 6a 70 64 49
6c 31 39 3f 65 64 3d 32  35 36 30 22 0a 20 20 20
20 20 20 20 20 20 20 20  20 20 20 20 20 20 20 20
20 7d 2c 0a 20 20 20 20  20 20 20 20 20 20 20 20
20 20 20 20 20 20 20 20  22 73 65 63 75 72 69 74
79 22 3a 20 22 74 6c 73  22 2c 0a 20 20 20 20 20
20 20 20 20 20 20 20 20  20 20 20 20 20 20 20 22
74 6c 73 53 65 74 74 69  6e 67 73 22 3a 20 7b 0a
20 20 20 20 20 20 20 20  20 20 20 20 20 20 20 20
20 20 20 20 20 20 20 20  22 73 65 72 76 65 72 4e
61 6d 65 22 3a 20 22 77  68 55 61 2d 62 50 2e 38
64 79 2e 78 78 2e 4b 67  22 2c 0a 20 20 20 20 20
20 20 20 20 20 20 20 20  20 20 20 20 20 20 20 20
20 20 20 22 66 69 6e 67  65 72 70 72 69 6e 74 22
3a 20 22 63 68 72 6f 6d  65 22 2c 0a 20 20 20 20
20 20 20 20 20 20 20 20  20 20 20 20 20 20 20 20
20 20 20 20 22 61 6c 70  6e 22 3a 20 5b 0a 20 20
20 20 20 20 20 20 20 20  20 20 20 20 20 20 20 20
20 20 20 20 20 20 20 20  20 20 22 68 74 74 70 2f
31 2e 31 22 0a 20 20 20  20 20 20 20 20 20 20 20
20 20 20 20 20 20 20 20  20 20 20 20 20 5d 2c 0a
20 20 20 20 20 20 20 20  20 20 20 20 20 20 20 20
20 20 20 20 20 20 20 20  22 61 6c 6c 6f 77 49 6e
73 65 63 75 72 65 22 3a  20 66 61 6c 73 65 0a 20
20 20 20 20 20 20 20 20  20 20 20 20 20 20 20 20
20 20 20 7d 2c 0a 20 20  20 20 20 20 20 20 20 20
20 20 20 20 20 20 20 20  20 20 22 73 6f 63 6b 6f
70 74 22 3a 20 7b 0a 20  20 20 20 20 20 20 20 20
20 20 20 20 20 20 20 20  20 20 20 20 20 20 20 22
64 6f 6d 61 69 6e 53 74  72 61 74 65 67 79 22 3a
20 22 55 73 65 49 50 22  2c 0a 20 20 20 20 20 20
20 20 20 20 20 20 20 20  20 20 20 20 20 20 20 20
20 20 22 68 61 70 70 79  45 79 65 62 61 6c 6c 73
22 3a 20 7b 0a 20 20 20  20 20 20 20 20 20 20 20
20 20 20 20 20 20 20 20  20 20 20 20 20 20 20 20
20 22 74 72 79 44 65 6c  61 79 4d 73 22 3a 20 32
35 30 2c 0a 20 20 20 20  20 20 20 20 20 20 20 20
20 20 20 20 20 20 20 20  20 20 20 20 20 20 20 20
22 70 72 69 6f 72 69 74  69 7a 65 49 50 76 36 22
3a 20 66 61 6c 73 65 2c  0a 20 20 20 20 20 20 20
20 20 20 20 20 20 20 20  20 20 20 20 20 20 20 20
20 20 20 20 20 22 69 6e  74 65 72 6c 65 61 76 65
22 3a 20 32 2c 0a 20 20  20 20 20 20 20 20 20 20
20 20 20 20 20 20 20 20  20 20 20 20 20 20 20 20
20 20 22 6d 61 78 43 6f  6e 63 75 72 72 65 6e 74
54 72 79 22 3a 20 34 0a  20 20 20 20 20 20 20 20
20 20 20 20 20 20 20 20  20 20 20 20 20 20 20 20
7d 0a 20 20 20 20 20 20  20 20 20 20 20 20 20 20
20 20 20 20 20 20 7d 0a  20 20 20 20 20 20 20 20
20 20 20 20 20 20 20 20  7d 2c 0a 20 20 20 20 20
20 20 20 20 20 20 20 20  20 20 20 22 74 61 67 22
3a 20 22 70 72 6f 78 79  2d 31 22 0a 20 20 20 20
20 20 20 20 20 20 20 20  7d 2c 0a 20 20 20 20 20
20 20 20 20 20 20 20 7b  0a 20 20 20 20 20 20 20
20 20 20 20 20 20 20 20  20 22 70 72 6f 74 6f 63
6f 6c 22 3a 20 22 76 6c  65 73 73 22 2c 0a 20 20
20 20 20 20 20 20 20 20  20 20 20 20 20 20 22 73
65 74 74 69 6e 67 73 22  3a 20 7b 0a 20 20 20 20
20 20 20 20 20 20 20 20  20 20 20 20 20 20 20 20
22 76 6e 65 78 74 22 3a  20 5b 0a 20 20 20 20 20
20 20 20 20 20 20 20 20  20 20 20 20 20 20 20 20
20 20 20 7b 0a 20 20 20  20 20 20 20 20 20 20 20
20 20 20 20 20 20 20 20  20 20 20 20 20 20 20 20
20 22 61 64 64 72 65 73  73 22 3a 20 22 77 77 77
2e 73 70 65 65 64 74 65  73 74 2e 6e 65 74 22 2c
0a 20 20 20 20 20 20 20  20 20 20 20 20 20 20 20
20 20 20 20 20 20 20 20  20 20 20 20 20 22 70 6f
72 74 22 3a 20 34 34 33  2c 0a 20 20 20 20 20 20
20 20 20 20 20 20 20 20  20 20 20 20 20 20 20 20
20 20 20 20 20 20 22 75  73 65 72 73 22 3a 20 5b
0a 20 20 20 20 20 20 20  20 20 20 20 20 20 20 20
20 20 20 20 20 20 20 20  20 20 20 20 20 20 20 20
20 7b 0a 20 20 20 20 20  20 20 20 20 20 20 20 20
20 20 20 20 20 20 20 20  20 20 20 20 20 20 20 20
20 20 20 20 20 20 20 22  69 64 22 3a 20 22 38 38
38 36 39 38 39 30 2d 37  36 63 32 2d 34 36 62 61
2d 62 36 34 36 2d 34 66  65 62 66 33 35 37 35 35
61 37 22 2c 0a 20 20 20  20 20 20 20 20 20 20 20
20 20 20 20 20 20 20 20  20 20 20 20 20 20 20 20
20 20 20 20 20 20 20 20  20 22 65 6e 63 72 79 70
74 69 6f 6e 22 3a 20 22  6e 6f 6e 65 22 0a 20 20
20 20 20 20 20 20 20 20  20 20 20 20 20 20 20 20
20 20 20 20 20 20 20 20  20 20 20 20 20 20 7d 0a
20 20 20 20 20 20 20 20  20 20 20 20 20 20 20 20
20 20 20 20 20 20 20 20  20 20 20 20 5d 0a 20 20
20 20 20 20 20 20 20 20  20 20 20 20 20 20 20 20
20 20 20 20 20 20 7d 0a  20 20 20 20 20 20 20 20
20 20 20 20 20 20 20 20  20 20 20 20 5d 0a 20 20
20 20 20 20 20 20 20 20  20 20 20 20 20 20 7d 2c
0a 20 20 20 20 20 20 20  20 20 20 20 20 20 20 20
20 22 73 74 72 65 61 6d  53 65 74 74 69 6e 67 73
22 3a 20 7b 0a 20 20 20  20 20 20 20 20 20 20 20
20 20 20 20 20 20 20 20  20 22 6e 65 74 77 6f 72
6b 22 3a 20 22 77 73 22  2c 0a 20 20 20 20 20 20
20 20 20 20 20 20 20 20  20 20 20 20 20 20 22 77
73 53 65 74 74 69 6e 67  73 22 3a 20 7b 0a 20 20
20 20 20 20 20 20 20 20  20 20 20 20 20 20 20 20
20 20 20 20 20 20 22 68  6f 73 74 22 3a 20 22 77
68 75 61 2d 62 70 2e 38  64 79 2e 78 78 2e 6b 67
22 2c 0a 20 20 20 20 20  20 20 20 20 20 20 20 20
20 20 20 20 20 20 20 20  20 20 20 22 70 61 74 68
22 3a 20 22 2f 65 79 4a  71 64 57 35 72 49 6a 6f
69 63 54 52 30 54 48 4e  71 55 33 68 44 62 32 31
5a 57 58 46 74 56 43 49  73 49 6e 42 79 62 33 52
76 59 32 39 73 49 6a 6f  69 64 6d 77 69 4c 43 4a
74 62 32 52 6c 49 6a 6f  69 63 48 4a 6c 5a 6d 6c
34 49 69 77 69 63 47 46  75 5a 57 78 4a 55 48 4d
69 4f 6c 73 69 57 7a 49  32 4d 44 49 36 5a 6d 4d
31 4f 54 70 69 4d 44 6f  32 4e 44 6f 36 58 53 49
73 49 6c 73 79 4e 6a 41  79 4f 6d 5a 6a 4e 54 6b
36 4d 54 45 36 4e 6a 51  36 4f 6c 30 69 4c 43 4a
62 4d 6d 45 77 4d 6a 6f  34 4f 54 67 36 4d 54 51
32 4f 6a 59 30 4f 6a 70  64 49 6c 31 39 3f 65 64
3d 32 35 36 30 22 0a 20  20 20 20 20 20 20 20 20
20 20 20 20 20 20 20 20  20 20 20 7d 2c 0a 20 20
20 20 20 20 20 20 20 20  20 20 20 20 20 20 20 20
20 20 22 73 65 63 75 72  69 74 79 22 3a 20 22 74
6c 73 22 2c 0a 20 20 20  20 20 20 20 20 20 20 20
20 20 20 20 20 20 20 20  20 22 74 6c 73 53 65 74
74 69 6e 67 73 22 3a 20  7b 0a 20 20 20 20 20 20
20 20 20 20 20 20 20 20  20 20 20 20 20 20 20 20
20 20 22 73 65 72 76 65  72 4e 61 6d 65 22 3a 20
22 77 48 75 61 2d 62 50  2e 38 44 59 2e 58 78 2e
6b 47 22 2c 0a 20 20 20  20 20 20 20 20 20 20 20
20 20 20 20 20 20 20 20  20 20 20 20 20 22 66 69
6e 67 65 72 70 72 69 6e  74 22 3a 20 22 63 68 72
6f 6d 65 22 2c 0a 20 20  20 20 20 20 20 20 20 20
20 20 20 20 20 20 20 20  20 20 20 20 20 20 22 61
6c 70 6e 22 3a 20 5b 0a  20 20 20 20 20 20 20 20
20 20 20 20 20 20 20 20  20 20 20 20 20 20 20 20
20 20 20 20 22 68 74 74  70 2f 31 2e 31 22 0a 20
20 20 20 20 20 20 20 20  20 20 20 20 20 20 20 20
20 20 20 20 20 20 20 5d  2c 0a 20 20 20 20 20 20
20 20 20 20 20 20 20 20  20 20 20 20 20 20 20 20
20 20 22 61 6c 6c 6f 77  49 6e 73 65 63 75 72 65
22 3a 20 66 61 6c 73 65  0a 20 20 20 20 20 20 20
20 20 20 20 20 20 20 20  20 20 20 20 20 7d 2c 0a
20 20 20 20 20 20 20 20  20 20 20 20 20 20 20 20
20 20 20 20 22 73 6f 63  6b 6f 70 74 22 3a 20 7b
0a 20 20 20 20 20 20 20  20 20 20 20 20 20 20 20
20 20 20 20 20 20 20 20  20 22 64 6f 6d 61 69 6e
53 74 72 61 74 65 67 79  22 3a 20 22 55 73 65 49
50 22 2c 0a 20 20 20 20  20 20 20 20 20 20 20 20
20 20 20 20 20 20 20 20  20 20 20 20 22 68 61 70
70 79 45 79 65 62 61 6c  6c 73 22 3a 20 7b 0a 20
20 20 20 20 20 20 20 20  20 20 20 20 20 20 20 20
20 20 20 20 20 20 20 20  20 20 20 22 74 72 79 44
65 6c 61 79 4d 73 22 3a  20 32 35 30 2c 0a 20 20
20 20 20 20 20 20 20 20  20 20 20 20 20 20 20 20
20 20 20 20 20 20 20 20  20 20 22 70 72 69 6f 72
69 74 69 7a 65 49 50 76  36 22 3a 20 66 61 6c 73
65 2c 0a 20 20 20 20 20  20 20 20 20 20 20 20 20
20 20 20 20 20 20 20 20  20 20 20 20 20 20 20 22
69 6e 74 65 72 6c 65 61  76 65 22 3a 20 32 2c 0a
20 20 20 20 20 20 20 20  20 20 20 20 20 20 20 20
20 20 20 20 20 20 20 20  20 20 20 20 22 6d 61 78
43 6f 6e 63 75 72 72 65  6e 74 54 72 79 22 3a 20
34 0a 20 20 20 20 20 20  20 20 20 20 20 20 20 20
20 20 20 20 20 20 20 20  20 20 7d 0a 20 20 20 20
20 20 20 20 20 20 20 20  20 20 20 20 20 20 20 20
7d 0a 20 20 20 20 20 20  20 20 20 20 20 20 20 20
20 20 7d 2c 0a 20 20 20  20 20 20 20 20 20 20 20
20 20 20 20 20 22 74 61  67 22 3a 20 22 70 72 6f
78 79 2d 32 22 0a 20 20  20 20 20 20 20 20 20 20
20 20 7d 2c 0a 20 20 20  20 20 20 20 20 20 20 20
20 7b 0a 20 20 20 20 20  20 20 20 20 20 20 20 20
20 20 20 22 70 72 6f 74  6f 63 6f 6c 22 3a 20 22
76 6c 65 73 73 22 2c 0a  20 20 20 20 20 20 20 20
20 20 20 20 20 20 20 20  22 73 65 74 74 69 6e 67
73 22 3a 20 7b 0a 20 20  20 20 20 20 20 20 20 20
20 20 20 20 20 20 20 20  20 20 22 76 6e 65 78 74
22 3a 20 5b 0a 20 20 20  20 20 20 20 20 20 20 20
20 20 20 20 20 20 20 20  20 20 20 20 20 7b 0a 20
20 20 20 20 20 20 20 20  20 20 20 20 20 20 20 20
20 20 20 20 20 20 20 20  20 20 20 22 61 64 64 72
65 73 73 22 3a 20 22 31  38 38 2e 31 31 34 2e 39
36 2e 30 22 2c 0a 20 20  20 20 20 20 20 20 20 20
20 20 20 20 20 20 20 20  20 20 20 20 20 20 20 20
20 20 22 70 6f 72 74 22  3a 20 34 34 33 2c 0a 20
20 20 20 20 20 20 20 20  20 20 20 20 20 20 20 20
20 20 20 20 20 20 20 20  20 20 20 22 75 73 65 72
73 22 3a 20 5b 0a 20 20  20 20 20 20 20 20 20 20
20 20 20 20 20 20 20 20  20 20 20 20 20 20 20 20
20 20 20 20 20 20 7b 0a  20 20 20 20 20 20 20 20
20 20 20 20 20 20 20 20  20 20 20 20 20 20 20 20
20 20 20 20 20 20 20 20  20 20 20 20 22 69 64 22
3a 20 22 38 38 38 36 39  38 39 30 2d 37 36 63 32
2d 34 36 62 61 2d 62 36  34 36 2d 34 66 65 62 66
33 35 37 35 35 61 37 22  2c 0a 20 20 20 20 20 20
20 20 20 20 20 20 20 20  20 20 20 20 20 20 20 20
20 20 20 20 20 20 20 20  20 20 20 20 20 20 22 65
6e 63 72 79 70 74 69 6f  6e 22 3a 20 22 6e 6f 6e
65 22 0a 20 20 20 20 20  20 20 20 20 20 20 20 20
20 20 20 20 20 20 20 20  20 20 20 20 20 20 20 20
20 20 20 7d 0a 20 20 20  20 20 20 20 20 20 20 20
20 20 20 20 20 20 20 20  20 20 20 20 20 20 20 20
20 5d 0a 20 20 20 20 20  20 20 20 20 20 20 20 20
20 20 20 20 20 20 20 20  20 20 20 7d 0a 20 20 20
20 20 20 20 20 20 20 20  20 20 20 20 20 20 20 20
20 5d 0a 20 20 20 20 20  20 20 20 20 20 20 20 20
20 20 20 7d 2c 0a 20 20  20 20 20 20 20 20 20 20
20 20 20 20 20 20 22 73  74 72 65 61 6d 53 65 74
74 69 6e 67 73 22 3a 20  7b 0a 20 20 20 20 20 20
20 20 20 20 20 20 20 20  20 20 20 20 20 20 22 6e
65 74 77 6f 72 6b 22 3a  20 22 77 73 22 2c 0a 20
20 20 20 20 20 20 20 20  20 20 20 20 20 20 20 20
20 20 20 22 77 73 53 65  74 74 69 6e 67 73 22 3a
20 7b 0a 20 20 20 20 20  20 20 20 20 20 20 20 20
20 20 20 20 20 20 20 20  20 20 20 22 68 6f 73 74
22 3a 20 22 77 68 75 61  2d 62 70 2e 38 64 79 2e
78 78 2e 6b 67 22 2c 0a  20 20 20 20 20 20 20 20
20 20 20 20 20 20 20 20  20 20 20 20 20 20 20 20
22 70 61 74 68 22 3a 20  22 2f 65 79 4a 71 64 57
35 72 49 6a 6f 69 61 46  4a 43 59 6e 70 59 59 6b
56 45 55 46 68 4b 49 69  77 69 63 48 4a 76 64 47
39 6a 62 32 77 69 4f 69  4a 32 62 43 49 73 49 6d
31 76 5a 47 55 69 4f 69  4a 77 63 6d 56 6d 61 58
67 69 4c 43 4a 77 59 57  35 6c 62 45 6c 51 63 79
49 36 57 79 4a 62 4d 6a  59 77 4d 6a 70 6d 59 7a
55 35 4f 6d 49 77 4f 6a  59 30 4f 6a 70 64 49 69
77 69 57 7a 49 32 4d 44  49 36 5a 6d 4d 31 4f 54
6f 78 4d 54 6f 32 4e 44  6f 36 58 53 49 73 49 6c
73 79 59 54 41 79 4f 6a  67 35 4f 44 6f 78 4e 44
59 36 4e 6a 51 36 4f 6c  30 69 58 58 30 3d 3f 65
64 3d 32 35 36 30 22 0a  20 20 20 20 20 20 20 20
20 20 20 20 20 20 20 20  20 20 20 20 7d 2c 0a 20
20 20 20 20 20 20 20 20  20 20 20 20 20 20 20 20
20 20 20 22 73 65 63 75  72 69 74 79 22 3a 20 22
74 6c 73 22 2c 0a 20 20  20 20 20 20 20 20 20 20
20 20 20 20 20 20 20 20  20 20 22 74 6c 73 53 65
74 74 69 6e 67 73 22 3a  20 7b 0a 20 20 20 20 20
20 20 20 20 20 20 20 20  20 20 20 20 20 20 20 20
20 20 20 22 73 65 72 76  65 72 4e 61 6d 65 22 3a
20 22 57 68 75 61 2d 62  70 2e 38 44 79 2e 78 78
2e 4b 67 22 2c 0a 20 20  20 20 20 20 20 20 20 20
20 20 20 20 20 20 20 20  20 20 20 20 20 20 22 66
69 6e 67 65 72 70 72 69  6e 74 22 3a 20 22 63 68
72 6f 6d 65 22 2c 0a 20  20 20 20 20 20 20 20 20
20 20 20 20 20 20 20 20  20 20 20 20 20 20 20 22
61 6c 70 6e 22 3a 20 5b  0a 20 20 20 20 20 20 20
20 20 20 20 20 20 20 20  20 20 20 20 20 20 20 20
20 20 20 20 20 22 68 74  74 70 2f 31 2e 31 22 0a
20 20 20 20 20 20 20 20  20 20 20 20 20 20 20 20
20 20 20 20 20 20 20 20  5d 2c 0a 20 20 20 20 20
20 20 20 20 20 20 20 20  20 20 20 20 20 20 20 20
20 20 20 22 61 6c 6c 6f  77 49 6e 73 65 63 75 72
65 22 3a 20 66 61 6c 73  65 0a 20 20 20 20 20 20
20 20 20 20 20 20 20 20  20 20 20 20 20 20 7d 2c
0a 20 20 20 20 20 20 20  20 20 20 20 20 20 20 20
20 20 20 20 20 22 73 6f  63 6b 6f 70 74 22 3a 20
7b 0a 20 20 20 20 20 20  20 20 20 20 20 20 20 20
20 20 20 20 20 20 20 20  20 20 22 64 6f 6d 61 69
6e 53 74 72 61 74 65 67  79 22 3a 20 22 55 73 65
49 50 22 2c 0a 20 20 20  20 20 20 20 20 20 20 20
20 20 20 20 20 20 20 20  20 20 20 20 20 22 68 61
70 70 79 45 79 65 62 61  6c 6c 73 22 3a 20 7b 0a
20 20 20 20 20 20 20 20  20 20 20 20 20 20 20 20
20 20 20 20 20 20 20 20  20 20 20 20 22 74 72 79
44 65 6c 61 79 4d 73 22  3a 20 32 35 30 2c 0a 20
20 20 20 20 20 20 20 20  20 20 20 20 20 20 20 20
20 20 20 20 20 20 20 20  20 20 20 22 70 72 69 6f
72 69 74 69 7a 65 49 50  76 36 22 3a 20 66 61 6c
73 65 2c 0a 20 20 20 20  20 20 20 20 20 20 20 20
20 20 20 20 20 20 20 20  20 20 20 20 20 20 20 20
22 69 6e 74 65 72 6c 65  61 76 65 22 3a 20 32 2c
0a 20 20 20 20 20 20 20  20 20 20 20 20 20 20 20
20 20 20 20 20 20 20 20  20 20 20 20 20 22 6d 61
78 43 6f 6e 63 75 72 72  65 6e 74 54 72 79 22 3a
20 34 0a 20 20 20 20 20  20 20 20 20 20 20 20 20
20 20 20 20 20 20 20 20  20 20 20 7d 0a 20 20 20
20 20 20 20 20 20 20 20  20 20 20 20 20 20 20 20
20 7d 0a 20 20 20 20 20  20 20 20 20 20 20 20 20
20 20 20 7d 2c 0a 20 20  20 20 20 20 20 20 20 20
20 20 20 20 20 20 22 74  61 67 22 3a 20 22 70 72
6f 78 79 2d 33 22 0a 20  20 20 20 20 20 20 20 20
20 20 20 7d 2c 0a 20 20  20 20 20 20 20 20 20 20
20 20 7b 0a 20 20 20 20  20 20 20 20 20 20 20 20
20 20 20 20 22 70 72 6f  74 6f 63 6f 6c 22 3a 20
22 76 6c 65 73 73 22 2c  0a 20 20 20 20 20 20 20
20 20 20 20 20 20 20 20  20 22 73 65 74 74 69 6e
67 73 22 3a 20 7b 0a 20  20 20 20 20 20 20 20 20
20 20 20 20 20 20 20 20  20 20 20 22 76 6e 65 78
74 22 3a 20 5b 0a 20 20  20 20 20 20 20 20 20 20
20 20 20 20 20 20 20 20  20 20 20 20 20 20 7b 0a
20 20 20 20 20 20 20 20  20 20 20 20 20 20 20 20
20 20 20 20 20 20 20 20  20 20 20 20 22 61 64 64
72 65 73 73 22 3a 20 22  31 38 38 2e 31 31 34 2e
39 37 2e 30 22 2c 0a 20  20 20 20 20 20 20 20 20
20 20 20 20 20 20 20 20  20 20 20 20 20 20 20 20
20 20 20 22 70 6f 72 74  22 3a 20 34 34 33 2c 0a
20 20 20 20 20 20 20 20  20 20 20 20 20 20 20 20
20 20 20 20 20 20 20 20  20 20 20 20 22 75 73 65
72 73 22 3a 20 5b 0a 20  20 20 20 20 20 20 20 20
20 20 20 20 20 20 20 20  20 20 20 20 20 20 20 20
20 20 20 20 20 20 20 7b  0a 20 20 20 20 20 20 20
20 20 20 20 20 20 20 20  20 20 20 20 20 20 20 20
20 20 20 20 20 20 20 20  20 20 20 20 20 22 69 64
22 3a 20 22 38 38 38 36  39 38 39 30 2d 37 36 63
32 2d 34 36 62 61 2d 62  36 34 36 2d 34 66 65 62
66 33 35 37 35 35 61 37  22 2c 0a 20 20 20 20 20
20 20 20 20 20 20 20 20  20 20 20 20 20 20 20 20
20 20 20 20 20 20 20 20  20 20 20 20 20 20 20 22
65 6e 63 72 79 70 74 69  6f 6e 22 3a 20 22 6e 6f
6e 65 22 0a 20 20 20 20  20 20 20 20 20 20 20 20
20 20 20 20 20 20 20 20  20 20 20 20 20 20 20 20
20 20 20 20 7d 0a 20 20  20 20 20 20 20 20 20 20
20 20 20 20 20 20 20 20  20 20 20 20 20 20 20 20
20 20 5d 0a 20 20 20 20  20 20 20 20 20 20 20 20
20 20 20 20 20 20 20 20  20 20 20 20 7d 0a 20 20
20 20 20 20 20 20 20 20  20 20 20 20 20 20 20 20
20 20 5d 0a 20 20 20 20  20 20 20 20 20 20 20 20
20 20 20 20 7d 2c 0a 20  20 20 20 20 20 20 20 20
20 20 20 20 20 20 20 22  73 74 72 65 61 6d 53 65
74 74 69 6e 67 73 22 3a  20 7b 0a 20 20 20 20 20
20 20 20 20 20 20 20 20  20 20 20 20 20 20 20 22
6e 65 74 77 6f 72 6b 22  3a 20 22 77 73 22 2c 0a
20 20 20 20 20 20 20 20  20 20 20 20 20 20 20 20
20 20 20 20 22 77 73 53  65 74 74 69 6e 67 73 22
3a 20 7b 0a 20 20 20 20  20 20 20 20 20 20 20 20
20 20 20 20 20 20 20 20  20 20 20 20 22 68 6f 73
74 22 3a 20 22 77 68 75  61 2d 62 70 2e 38 64 79
2e 78 78 2e 6b 67 22 2c  0a 20 20 20 20 20 20 20
20 20 20 20 20 20 20 20  20 20 20 20 20 20 20 20
20 22 70 61 74 68 22 3a  20 22 2f 65 79 4a 71 64
57 35 72 49 6a 6f 69 4d  55 68 35 4d 6c 41 31 61
55 6c 36 54 43 49 73 49  6e 42 79 62 33 52 76 59
32 39 73 49 6a 6f 69 64  6d 77 69 4c 43 4a 74 62
32 52 6c 49 6a 6f 69 63  48 4a 6c 5a 6d 6c 34 49
69 77 69 63 47 46 75 5a  57 78 4a 55 48 4d 69 4f
6c 73 69 57 7a 49 32 4d  44 49 36 5a 6d 4d 31 4f
54 70 69 4d 44 6f 32 4e  44 6f 36 58 53 49 73 49
6c 73 79 4e 6a 41 79 4f  6d 5a 6a 4e 54 6b 36 4d
54 45 36 4e 6a 51 36 4f  6c 30 69 4c 43 4a 62 4d
6d 45 77 4d 6a 6f 34 4f  54 67 36 4d 54 51 32 4f
6a 59 30 4f 6a 70 64 49  6c 31 39 3f 65 64 3d 32
35 36 30 22 0a 20 20 20  20 20 20 20 20 20 20 20
20 20 20 20 20 20 20 20  20 7d 2c 0a 20 20 20 20
20 20 20 20 20 20 20 20  20 20 20 20 20 20 20 20
22 73 65 63 75 72 69 74  79 22 3a 20 22 74 6c 73
22 2c 0a 20 20 20 20 20  20 20 20 20 20 20 20 20
20 20 20 20 20 20 20 22  74 6c 73 53 65 74 74 69
6e 67 73 22 3a 20 7b 0a  20 20 20 20 20 20 20 20
20 20 20 20 20 20 20 20  20 20 20 20 20 20 20 20
22 73 65 72 76 65 72 4e  61 6d 65 22 3a 20 22 77
68 75 61 2d 62 50 2e 38  64 59 2e 78 78 2e 6b 67
22 2c 0a 20 20 20 20 20  20 20 20 20 20 20 20 20
20 20 20 20 20 20 20 20  20 20 20 22 66 69 6e 67
65 72 70 72 69 6e 74 22  3a 20 22 63 68 72 6f 6d
65 22 2c 0a 20 20 20 20  20 20 20 20 20 20 20 20
20 20 20 20 20 20 20 20  20 20 20 20 22 61 6c 70
6e 22 3a 20 5b 0a 20 20  20 20 20 20 20 20 20 20
20 20 20 20 20 20 20 20  20 20 20 20 20 20 20 20
20 20 22 68 74 74 70 2f  31 2e 31 22 0a 20 20 20
20 20 20 20 20 20 20 20  20 20 20 20 20 20 20 20
20 20 20 20 20 5d 2c 0a  20 20 20 20 20 20 20 20
20 20 20 20 20 20 20 20  20 20 20 20 20 20 20 20
22 61 6c 6c 6f 77 49 6e  73 65 63 75 72 65 22 3a
20 66 61 6c 73 65 0a 20  20 20 20 20 20 20 20 20
20 20 20 20 20 20 20 20  20 20 20 7d 2c 0a 20 20
20 20 20 20 20 20 20 20  20 20 20 20 20 20 20 20
20 20 22 73 6f 63 6b 6f  70 74 22 3a 20 7b 0a 20
20 20 20 20 20 20 20 20  20 20 20 20 20 20 20 20
20 20 20 20 20 20 20 22  64 6f 6d 61 69 6e 53 74
72 61 74 65 67 79 22 3a  20 22 55 73 65 49 50 22
2c 0a 20 20 20 20 20 20  20 20 20 20 20 20 20 20
20 20 20 20 20 20 20 20  20 20 22 68 61 70 70 79
45 79 65 62 61 6c 6c 73  22 3a 20 7b 0a 20 20 20
20 20 20 20 20 20 20 20  20 20 20 20 20 20 20 20
20 20 20 20 20 20 20 20  20 22 74 72 79 44 65 6c
61 79 4d 73 22 3a 20 32  35 30 2c 0a 20 20 20 20
20 20 20 20 20 20 20 20  20 20 20 20 20 20 20 20
20 20 20 20 20 20 20 20  22 70 72 69 6f 72 69 74
69 7a 65 49 50 76 36 22  3a 20 66 61 6c 73 65 2c
0a 20 20 20 20 20 20 20  20 20 20 20 20 20 20 20
20 20 20 20 20 20 20 20  20 20 20 20 20 22 69 6e
74 65 72 6c 65 61 76 65  22 3a 20 32 2c 0a 20 20
20 20 20 20 20 20 20 20  20 20 20 20 20 20 20 20
20 20 20 20 20 20 20 20  20 20 22 6d 61 78 43 6f
6e 63 75 72 72 65 6e 74  54 72 79 22 3a 20 34 0a
20 20 20 20 20 20 20 20  20 20 20 20 20 20 20 20
20 20 20 20 20 20 20 20  7d 0a 20 20 20 20 20 20
20 20 20 20 20 20 20 20  20 20 20 20 20 20 7d 0a
20 20 20 20 20 20 20 20  20 20 20 20 20 20 20 20
7d 2c 0a 20 20 20 20 20  20 20 20 20 20 20 20 20
20 20 20 22 74 61 67 22  3a 20 22 70 72 6f 78 79
2d 34 22 0a 20 20 20 20  20 20 20 20 20 20 20 20
7d 2c 0a 20 20 20 20 20  20 20 20 20 20 20 20 7b
0a 20 20 20 20 20 20 20  20 20 20 20 20 20 20 20
20 22 70 72 6f 74 6f 63  6f 6c 22 3a 20 22 76 6c
65 73 73 22 2c 0a 20 20  20 20 20 20 20 20 20 20
20 20 20 20 20 20 22 73  65 74 74 69 6e 67 73 22
3a 20 7b 0a 20 20 20 20  20 20 20 20 20 20 20 20
20 20 20 20 20 20 20 20  22 76 6e 65 78 74 22 3a
20 5b 0a 20 20 20 20 20  20 20 20 20 20 20 20 20
20 20 20 20 20 20 20 20  20 20 20 7b 0a 20 20 20
20 20 20 20 20 20 20 20  20 20 20 20 20 20 20 20
20 20 20 20 20 20 20 20  20 22 61 64 64 72 65 73
73 22 3a 20 22 5b 32 61  30 36 3a 39 38 63 31 3a
33 31 32 30 3a 3a 5d 22  2c 0a 20 20 20 20 20 20
20 20 20 20 20 20 20 20  20 20 20 20 20 20 20 20
20 20 20 20 20 20 22 70  6f 72 74 22 3a 20 34 34
33 2c 0a 20 20 20 20 20  20 20 20 20 20 20 20 20
20 20 20 20 20 20 20 20  20 20 20 20 20 20 20 22
75 73 65 72 73 22 3a 20  5b 0a 20 20 20 20 20 20
20 20 20 20 20 20 20 20  20 20 20 20 20 20 20 20
20 20 20 20 20 20 20 20  20 20 7b 0a 20 20 20 20
20 20 20 20 20 20 20 20  20 20 20 20 20 20 20 20
20 20 20 20 20 20 20 20  20 20 20 20 20 20 20 20
22 69 64 22 3a 20 22 38  38 38 36 39 38 39 30 2d
37 36 63 32 2d 34 36 62  61 2d 62 36 34 36 2d 34
66 65 62 66 33 35 37 35  35 61 37 22 2c 0a 20 20
20 20 20 20 20 20 20 20  20 20 20 20 20 20 20 20
20 20 20 20 20 20 20 20  20 20 20 20 20 20 20 20
20 20 22 65 6e 63 72 79  70 74 69 6f 6e 22 3a 20
22 6e 6f 6e 65 22 0a 20  20 20 20 20 20 20 20 20
20 20 20 20 20 20 20 20  20 20 20 20 20 20 20 20
20 20 20 20 20 20 20 7d  0a 20 20 20 20 20 20 20
20 20 20 20 20 20 20 20  20 20 20 20 20 20 20 20
20 20 20 20 20 5d 0a 20  20 20 20 20 20 20 20 20
20 20 20 20 20 20 20 20  20 20 20 20 20 20 20 7d
0a 20 20 20 20 20 20 20  20 20 20 20 20 20 20 20
20 20 20 20 20 5d 0a 20  20 20 20 20 20 20 20 20
20 20 20 20 20 20 20 7d  2c 0a 20 20 20 20 20 20
20 20 20 20 20 20 20 20  20 20 22 73 74 72 65 61
6d 53 65 74 74 69 6e 67  73 22 3a 20 7b 0a 20 20
20 20 20 20 20 20 20 20  20 20 20 20 20 20 20 20
20 20 22 6e 65 74 77 6f  72 6b 22 3a 20 22 77 73
22 2c 0a 20 20 20 20 20  20 20 20 20 20 20 20 20
20 20 20 20 20 20 20 22  77 73 53 65 74 74 69 6e
67 73 22 3a 20 7b 0a 20  20 20 20 20 20 20 20 20
20 20 20 20 20 20 20 20  20 20 20 20 20 20 20 22
68 6f 73 74 22 3a 20 22  77 68 75 61 2d 62 70 2e
38 64 79 2e 78 78 2e 6b  67 22 2c 0a 20 20 20 20
20 20 20 20 20 20 20 20  20 20 20 20 20 20 20 20
20 20 20 20 22 70 61 74  68 22 3a 20 22 2f 65 79
4a 71 64 57 35 72 49 6a  6f 69 56 6e 49 32 5a 32
4a 53 57 46 64 47 4d 48  4e 59 4f 43 49 73 49 6e
42 79 62 33 52 76 59 32  39 73 49 6a 6f 69 64 6d
77 69 4c 43 4a 74 62 32  52 6c 49 6a 6f 69 63 48
4a 6c 5a 6d 6c 34 49 69  77 69 63 47 46 75 5a 57
78 4a 55 48 4d 69 4f 6c  73 69 57 7a 49 32 4d 44
49 36 5a 6d 4d 31 4f 54  70 69 4d 44 6f 32 4e 44
6f 36 58 53 49 73 49 6c  73 79 4e 6a 41 79 4f 6d
5a 6a 4e 54 6b 36 4d 54  45 36 4e 6a 51 36 4f 6c
30 69 4c 43 4a 62 4d 6d  45 77 4d 6a 6f 34 4f 54
67 36 4d 54 51 32 4f 6a  59 30 4f 6a 70 64 49 6c
31 39 3f 65 64 3d 32 35  36 30 22 0a 20 20 20 20
20 20 20 20 20 20 20 20  20 20 20 20 20 20 20 20
7d 2c 0a 20 20 20 20 20  20 20 20 20 20 20 20 20
20 20 20 20 20 20 20 22  73 65 63 75 72 69 74 79
22 3a 20 22 74 6c 73 22  2c 0a 20 20 20 20 20 20
20 20 20 20 20 20 20 20  20 20 20 20 20 20 22 74
6c 73 53 65 74 74 69 6e  67 73 22 3a 20 7b 0a 20
20 20 20 20 20 20 20 20  20 20 20 20 20 20 20 20
20 20 20 20 20 20 20 22  73 65 72 76 65 72 4e 61
6d 65 22 3a 20 22 57 48  75 41 2d 42 50 2e 38 64
79 2e 58 78 2e 4b 47 22  2c 0a 20 20 20 20 20 20
20 20 20 20 20 20 20 20  20 20 20 20 20 20 20 20
20 20 22 66 69 6e 67 65  72 70 72 69 6e 74 22 3a
20 22 63 68 72 6f 6d 65  22 2c 0a 20 20 20 20 20
20 20 20 20 20 20 20 20  20 20 20 20 20 20 20 20
20 20 20 22 61 6c 70 6e  22 3a 20 5b 0a 20 20 20
20 20 20 20 20 20 20 20  20 20 20 20 20 20 20 20
20 20 20 20 20 20 20 20  20 22 68 74 74 70 2f 31
2e 31 22 0a 20 20 20 20  20 20 20 20 20 20 20 20
20 20 20 20 20 20 20 20  20 20 20 20 5d 2c 0a 20
20 20 20 20 20 20 20 20  20 20 20 20 20 20 20 20
20 20 20 20 20 20 20 22  61 6c 6c 6f 77 49 6e 73
65 63 75 72 65 22 3a 20  66 61 6c 73 65 0a 20 20
20 20 20 20 20 20 20 20  20 20 20 20 20 20 20 20
20 20 7d 2c 0a 20 20 20  20 20 20 20 20 20 20 20
20 20 20 20 20 20 20 20  20 22 73 6f 63 6b 6f 70
74 22 3a 20 7b 0a 20 20  20 20 20 20 20 20 20 20
20 20 20 20 20 20 20 20  20 20 20 20 20 20 22 64
6f 6d 61 69 6e 53 74 72  61 74 65 67 79 22 3a 20
22 55 73 65 49 50 22 2c  0a 20 20 20 20 20 20 20
20 20 20 20 20 20 20 20  20 20 20 20 20 20 20 20
20 22 68 61 70 70 79 45  79 65 62 61 6c 6c 73 22
3a 20 7b 0a 20 20 20 20  20 20 20 20 20 20 20 20
20 20 20 20 20 20 20 20  20 20 20 20 20 20 20 20
22 74 72 79 44 65 6c 61  79 4d 73 22 3a 20 32 35
30 2c 0a 20 20 20 20 20  20 20 20 20 20 20 20 20
20 20 20 20 20 20 20 20  20 20 20 20 20 20 20 22
70 72 69 6f 72 69 74 69  7a 65 49 50 76 36 22 3a
20 66 61 6c 73 65 2c 0a  20 20 20 20 20 20 20 20
20 20 20 20 20 20 20 20  20 20 20 20 20 20 20 20
20 20 20 20 22 69 6e 74  65 72 6c 65 61 76 65 22
3a 20 32 2c 0a 20 20 20  20 20 20 20 20 20 20 20
20 20 20 20 20 20 20 20  20 20 20 20 20 20 20 20
20 22 6d 61 78 43 6f 6e  63 75 72 72 65 6e 74 54
72 79 22 3a 20 34 0a 20  20 20 20 20 20 20 20 20
20 20 20 20 20 20 20 20  20 20 20 20 20 20 20 7d
0a 20 20 20 20 20 20 20  20 20 20 20 20 20 20 20
20 20 20 20 20 7d 0a 20  20 20 20 20 20 20 20 20
20 20 20 20 20 20 20 7d  2c 0a 20 20 20 20 20 20
20 20 20 20 20 20 20 20  20 20 22 74 61 67 22 3a
20 22 70 72 6f 78 79 2d  35 22 0a 20 20 20 20 20
20 20 20 20 20 20 20 7d  2c 0a 20 20 20 20 20 20
20 20 20 20 20 20 7b 0a  20 20 20 20 20 20 20 20
20 20 20 20 20 20 20 20  22 70 72 6f 74 6f 63 6f
6c 22 3a 20 22 76 6c 65  73 73 22 2c 0a 20 20 20
20 20 20 20 20 20 20 20  20 20 20 20 20 22 73 65
74 74 69 6e 67 73 22 3a  20 7b 0a 20 20 20 20 20
20 20 20 20 20 20 20 20  20 20 20 20 20 20 20 22
76 6e 65 78 74 22 3a 20  5b 0a 20 20 20 20 20 20
20 20 20 20 20 20 20 20  20 20 20 20 20 20 20 20
20 20 7b 0a 20 20 20 20  20 20 20 20 20 20 20 20
20 20 20 20 20 20 20 20  20 20 20 20 20 20 20 20
22 61 64 64 72 65 73 73  22 3a 20 22 5b 32 61 30
36 3a 39 38 63 31 3a 33  31 32 31 3a 3a 5d 22 2c
0a 20 20 20 20 20 20 20  20 20 20 20 20 20 20 20
20 20 20 20 20 20 20 20  20 20 20 20 20 22 70 6f
72 74 22 3a 20 34 34 33  2c 0a 20 20 20 20 20 20
20 20 20 20 20 20 20 20  20 20 20 20 20 20 20 20
20 20 20 20 20 20 22 75  73 65 72 73 22 3a 20 5b
0a 20 20 20 20 20 20 20  20 20 20 20 20 20 20 20
20 20 20 20 20 20 20 20  20 20 20 20 20 20 20 20
20 7b 0a 20 20 20 20 20  20 20 20 20 20 20 20 20
20 20 20 20 20 20 20 20  20 20 20 20 20 20 20 20
20 20 20 20 20 20 20 22  69 64 22 3a 20 22 38 38
38 36 39 38 39 30 2d 37  36 63 32 2d 34 36 62 61
2d 62 36 34 36 2d 34 66  65 62 66 33 35 37 35 35
61 37 22 2c 0a 20 20 20  20 20 20 20 20 20 20 20
20 20 20 20 20 20 20 20  20 20 20 20 20 20 20 20
20 20 20 20 20 20 20 20  20 22 65 6e 63 72 79 70
74 69 6f 6e 22 3a 20 22  6e 6f 6e 65 22 0a 20 20
20 20 20 20 20 20 20 20  20 20 20 20 20 20 20 20
20 20 20 20 20 20 20 20  20 20 20 20 20 20 7d 0a
20 20 20 20 20 20 20 20  20 20 20 20 20 20 20 20
20 20 20 20 20 20 20 20  20 20 20 20 5d 0a 20 20
20 20 20 20 20 20 20 20  20 20 20 20 20 20 20 20
20 20 20 20 20 20 7d 0a  20 20 20 20 20 20 20 20
20 20 20 20 20 20 20 20  20 20 20 20 5d 0a 20 20
20 20 20 20 20 20 20 20  20 20 20 20 20 20 7d 2c
0a 20 20 20 20 20 20 20  20 20 20 20 20 20 20 20
20 22 73 74 72 65 61 6d  53 65 74 74 69 6e 67 73
22 3a 20 7b 0a 20 20 20  20 20 20 20 20 20 20 20
20 20 20 20 20 20 20 20  20 22 6e 65 74 77 6f 72
6b 22 3a 20 22 77 73 22  2c 0a 20 20 20 20 20 20
20 20 20 20 20 20 20 20  20 20 20 20 20 20 22 77
73 53 65 74 74 69 6e 67  73 22 3a 20 7b 0a 20 20
20 20 20 20 20 20 20 20  20 20 20 20 20 20 20 20
20 20 20 20 20 20 22 68  6f 73 74 22 3a 20 22 77
68 75 61 2d 62 70 2e 38  64 79 2e 78 78 2e 6b 67
22 2c 0a 20 20 20 20 20  20 20 20 20 20 20 20 20
20 20 20 20 20 20 20 20  20 20 20 22 70 61 74 68
22 3a 20 22 2f 65 79 4a  71 64 57 35 72 49 6a 6f
69 64 32 4d 32 4d 55 39  53 63 6b 70 49 52 48 42
44 4d 30 64 73 49 69 77  69 63 48 4a 76 64 47 39
6a 62 32 77 69 4f 69 4a  32 62 43 49 73 49 6d 31
76 5a 47 55 69 4f 69 4a  77 63 6d 56 6d 61 58 67
69 4c 43 4a 77 59 57 35  6c 62 45 6c 51 63 79 49
36 57 79 4a 62 4d 6a 59  77 4d 6a 70 6d 59 7a 55
35 4f 6d 49 77 4f 6a 59  30 4f 6a 70 64 49 69 77
69 57 7a 49 32 4d 44 49  36 5a 6d 4d 31 4f 54 6f
78 4d 54 6f 32 4e 44 6f  36 58 53 49 73 49 6c 73
79 59 54 41 79 4f 6a 67  35 4f 44 6f 78 4e 44 59
36 4e 6a 51 36 4f 6c 30  69 58 58 30 3d 3f 65 64
3d 32 35 36 30 22 0a 20  20 20 20 20 20 20 20 20
20 20 20 20 20 20 20 20  20 20 20 7d 2c 0a 20 20
20 20 20 20 20 20 20 20  20 20 20 20 20 20 20 20
20 20 22 73 65 63 75 72  69 74 79 22 3a 20 22 74
6c 73 22 2c 0a 20 20 20  20 20 20 20 20 20 20 20
20 20 20 20 20 20 20 20  20 22 74 6c 73 53 65 74
74 69 6e 67 73 22 3a 20  7b 0a 20 20 20 20 20 20
20 20 20 20 20 20 20 20  20 20 20 20 20 20 20 20
20 20 22 73 65 72 76 65  72 4e 61 6d 65 22 3a 20
22 77 68 75 41 2d 62 70  2e 38 44 59 2e 78 58 2e
4b 47 22 2c 0a 20 20 20  20 20 20 20 20 20 20 20
20 20 20 20 20 20 20 20  20 20 20 20 20 22 66 69
6e 67 65 72 70 72 69 6e  74 22 3a 20 22 63 68 72
6f 6d 65 22 2c 0a 20 20  20 20 20 20 20 20 20 20
20 20 20 20 20 20 20 20  20 20 20 20 20 20 22 61
6c 70 6e 22 3a 20 5b 0a  20 20 20 20 20 20 20 20
20 20 20 20 20 20 20 20  20 20 20 20 20 20 20 20
20 20 20 20 22 68 74 74  70 2f 31 2e 31 22 0a 20
20 20 20 20 20 20 20 20  20 20 20 20 20 20 20 20
20 20 20 20 20 20 20 5d  2c 0a 20 20 20 20 20 20
20 20 20 20 20 20 20 20  20 20 20 20 20 20 20 20
20 20 22 61 6c 6c 6f 77  49 6e 73 65 63 75 72 65
22 3a 20 66 61 6c 73 65  0a 20 20 20 20 20 20 20
20 20 20 20 20 20 20 20  20 20 20 20 20 7d 2c 0a
20 20 20 20 20 20 20 20  20 20 20 20 20 20 20 20
20 20 20 20 22 73 6f 63  6b 6f 70 74 22 3a 20 7b
0a 20 20 20 20 20 20 20  20 20 20 20 20 20 20 20
20 20 20 20 20 20 20 20  20 22 64 6f 6d 61 69 6e
53 74 72 61 74 65 67 79  22 3a 20 22 55 73 65 49
50 22 2c 0a 20 20 20 20  20 20 20 20 20 20 20 20
20 20 20 20 20 20 20 20  20 20 20 20 22 68 61 70
70 79 45 79 65 62 61 6c  6c 73 22 3a 20 7b 0a 20
20 20 20 20 20 20 20 20  20 20 20 20 20 20 20 20
20 20 20 20 20 20 20 20  20 20 20 22 74 72 79 44
65 6c 61 79 4d 73 22 3a  20 32 35 30 2c 0a 20 20
20 20 20 20 20 20 20 20  20 20 20 20 20 20 20 20
20 20 20 20 20 20 20 20  20 20 22 70 72 69 6f 72
69 74 69 7a 65 49 50 76  36 22 3a 20 66 61 6c 73
65 2c 0a 20 20 20 20 20  20 20 20 20 20 20 20 20
20 20 20 20 20 20 20 20  20 20 20 20 20 20 20 22
69 6e 74 65 72 6c 65 61  76 65 22 3a 20 32 2c 0a
20 20 20 20 20 20 20 20  20 20 20 20 20 20 20 20
20 20 20 20 20 20 20 20  20 20 20 20 22 6d 61 78
43 6f 6e 63 75 72 72 65  6e 74 54 72 79 22 3a 20
34 0a 20 20 20 20 20 20  20 20 20 20 20 20 20 20
20 20 20 20 20 20 20 20  20 20 7d 0a 20 20 20 20
20 20 20 20 20 20 20 20  20 20 20 20 20 20 20 20
7d 0a 20 20 20 20 20 20  20 20 20 20 20 20 20 20
20 20 7d 2c 0a 20 20 20  20 20 20 20 20 20 20 20
20 20 20 20 20 22 74 61  67 22 3a 20 22 70 72 6f
78 79 2d 36 22 0a 20 20  20 20 20 20 20 20 20 20
20 20 7d 2c 0a 20 20 20  20 20 20 20 20 20 20 20
20 7b 0a 20 20 20 20 20  20 20 20 20 20 20 20 20
20 20 20 22 70 72 6f 74  6f 63 6f 6c 22 3a 20 22
74 72 6f 6a 61 6e 22 2c  0a 20 20 20 20 20 20 20
20 20 20 20 20 20 20 20  20 22 73 65 74 74 69 6e
67 73 22 3a 20 7b 0a 20  20 20 20 20 20 20 20 20
20 20 20 20 20 20 20 20  20 20 20 22 73 65 72 76
65 72 73 22 3a 20 5b 0a  20 20 20 20 20 20 20 20
20 20 20 20 20 20 20 20  20 20 20 20 20 20 20 20
7b 0a 20 20 20 20 20 20  20 20 20 20 20 20 20 20
20 20 20 20 20 20 20 20  20 20 20 20 20 20 22 61
64 64 72 65 73 73 22 3a  20 22 77 68 75 61 2d 62
70 2e 38 64 79 2e 78 78  2e 6b 67 22 2c 0a 20 20
20 20 20 20 20 20 20 20  20 20 20 20 20 20 20 20
20 20 20 20 20 20 20 20  20 20 22 70 6f 72 74 22
3a 20 34 34 33 2c 0a 20  20 20 20 20 20 20 20 20
20 20 20 20 20 20 20 20  20 20 20 20 20 20 20 20
20 20 20 22 70 61 73 73  77 6f 72 64 22 3a 20 22
35 4b 39 75 39 2e 54 6e  72 31 24 5e 22 0a 20 20
20 20 20 20 20 20 20 20  20 20 20 20 20 20 20 20
20 20 20 20 20 20 7d 0a  20 20 20 20 20 20 20 20
20 20 20 20 20 20 20 20  20 20 20 20 5d 0a 20 20
20 20 20 20 20 20 20 20  20 20 20 20 20 20 7d 2c
0a 20 20 20 20 20 20 20  20 20 20 20 20 20 20 20
20 22 73 74 72 65 61 6d  53 65 74 74 69 6e 67 73
22 3a 20 7b 0a 20 20 20  20 20 20 20 20 20 20 20
20 20 20 20 20 20 20 20  20 22 6e 65 74 77 6f 72
6b 22 3a 20 22 77 73 22  2c 0a 20 20 20 20 20 20
20 20 20 20 20 20 20 20  20 20 20 20 20 20 22 77
73 53 65 74 74 69 6e 67  73 22 3a 20 7b 0a 20 20
20 20 20 20 20 20 20 20  20 20 20 20 20 20 20 20
20 20 20 20 20 20 22 68  6f 73 74 22 3a 20 22 77
68 75 61 2d 62 70 2e 38  64 79 2e 78 78 2e 6b 67
22 2c 0a 20 20 20 20 20  20 20 20 20 20 20 20 20
20 20 20 20 20 20 20 20  20 20 20 22 70 61 74 68
22 3a 20 22 2f 65 79 4a  71 64 57 35 72 49 6a 6f
69 54 31 4e 74 57 55 63  77 55 55 59 69 4c 43 4a
77 63 6d 39 30 62 32 4e  76 62 43 49 36 49 6e 52
79 49 69 77 69 62 57 39  6b 5a 53 49 36 49 6e 42
79 5a 57 5a 70 65 43 49  73 49 6e 42 68 62 6d 56
73 53 56 42 7a 49 6a 70  62 49 6c 73 79 4e 6a 41
79 4f 6d 5a 6a 4e 54 6b  36 59 6a 41 36 4e 6a 51
36 4f 6c 30 69 4c 43 4a  62 4d 6a 59 77 4d 6a 70
6d 59 7a 55 35 4f 6a 45  78 4f 6a 59 30 4f 6a 70
64 49 69 77 69 57 7a 4a  68 4d 44 49 36 4f 44 6b
34 4f 6a 45 30 4e 6a 6f  32 4e 44 6f 36 58 53 4a
64 66 51 3d 3d 3f 65 64  3d 32 35 36 30 22 0a 20
20 20 20 20 20 20 20 20  20 20 20 20 20 20 20 20
20 20 20 7d 2c 0a 20 20  20 20 20 20 20 20 20 20
20 20 20 20 20 20 20 20  20 20 22 73 65 63 75 72
69 74 79 22 3a 20 22 74  6c 73 22 2c 0a 20 20 20
20 20 20 20 20 20 20 20  20 20 20 20 20 20 20 20
20 22 74 6c 73 53 65 74  74 69 6e 67 73 22 3a 20
7b 0a 20 20 20 20 20 20  20 20 20 20 20 20 20 20
20 20 20 20 20 20 20 20  20 20 22 73 65 72 76 65
72 4e 61 6d 65 22 3a 20  22 57 48 55 61 2d 62 70
2e 38 44 59 2e 78 58 2e  4b 67 22 2c 0a 20 20 20
20 20 20 20 20 20 20 20  20 20 20 20 20 20 20 20
20 20 20 20 20 22 66 69  6e 67 65 72 70 72 69 6e
74 22 3a 20 22 63 68 72  6f 6d 65 22 2c 0a 20 20
20 20 20 20 20 20 20 20  20 20 20 20 20 20 20 20
20 20 20 20 20 20 22 61  6c 70 6e 22 3a 20 5b 0a
20 20 20 20 20 20 20 20  20 20 20 20 20 20 20 20
20 20 20 20 20 20 20 20  20 20 20 20 22 68 74 74
70 2f 31 2e 31 22 0a 20  20 20 20 20 20 20 20 20
20 20 20 20 20 20 20 20  20 20 20 20 20 20 20 5d
2c 0a 20 20 20 20 20 20  20 20 20 20 20 20 20 20
20 20 20 20 20 20 20 20  20 20 22 61 6c 6c 6f 77
49 6e 73 65 63 75 72 65  22 3a 20 66 61 6c 73 65
0a 20 20 20 20 20 20 20  20 20 20 20 20 20 20 20
20 20 20 20 20 7d 2c 0a  20 20 20 20 20 20 20 20
20 20 20 20 20 20 20 20  20 20 20 20 22 73 6f 63
6b 6f 70 74 22 3a 20 7b  0a 20 20 20 20 20 20 20
20 20 20 20 20 20 20 20  20 20 20 20 20 20 20 20
20 22 64 6f 6d 61 69 6e  53 74 72 61 74 65 67 79
22 3a 20 22 55 73 65 49  50 22 2c 0a 20 20 20 20
20 20 20 20 20 20 20 20  20 20 20 20 20 20 20 20
20 20 20 20 22 68 61 70  70 79 45 79 65 62 61 6c
6c 73 22 3a 20 7b 0a 20  20 20 20 20 20 20 20 20
20 20 20 20 20 20 20 20  20 20 20 20 20 20 20 20
20 20 20 22 74 72 79 44  65 6c 61 79 4d 73 22 3a
20 32 35 30 2c 0a 20 20  20 20 20 20 20 20 20 20
20 20 20 20 20 20 20 20  20 20 20 20 20 20 20 20
20 20 22 70 72 69 6f 72  69 74 69 7a 65 49 50 76
36 22 3a 20 66 61 6c 73  65 2c 0a 20 20 20 20 20
20 20 20 20 20 20 20 20  20 20 20 20 20 20 20 20
20 20 20 20 20 20 20 22  69 6e 74 65 72 6c 65 61
76 65 22 3a 20 32 2c 0a  20 20 20 20 20 20 20 20
20 20 20 20 20 20 20 20  20 20 20 20 20 20 20 20
20 20 20 20 22 6d 61 78  43 6f 6e 63 75 72 72 65
6e 74 54 72 79 22 3a 20  34 0a 20 20 20 20 20 20
20 20 20 20 20 20 20 20  20 20 20 20 20 20 20 20
20 20 7d 0a 20 20 20 20  20 20 20 20 20 20 20 20
20 20 20 20 20 20 20 20  7d 0a 20 20 20 20 20 20
20 20 20 20 20 20 20 20  20 20 7d 2c 0a 20 20 20
20 20 20 20 20 20 20 20  20 20 20 20 20 22 74 61
67 22 3a 20 22 70 72 6f  78 79 2d 37 22 0a 20 20
20 20 20 20 20 20 20 20  20 20 7d 2c 0a 20 20 20
20 20 20 20 20 20 20 20  20 7b 0a 20 20 20 20 20
20 20 20 20 20 20 20 20  20 20 20 22 70 72 6f 74
6f 63 6f 6c 22 3a 20 22  74 72 6f 6a 61 6e 22 2c
0a 20 20 20 20 20 20 20  20 20 20 20 20 20 20 20
20 22 73 65 74 74 69 6e  67 73 22 3a 20 7b 0a 20
20 20 20 20 20 20 20 20  20 20 20 20 20 20 20 20
20 20 20 22 73 65 72 76  65 72 73 22 3a 20 5b 0a
20 20 20 20 20 20 20 20  20 20 20 20 20 20 20 20
20 20 20 20 20 20 20 20  7b 0a 20 20 20 20 20 20
20 20 20 20 20 20 20 20  20 20 20 20 20 20 20 20
20 20 20 20 20 20 22 61  64 64 72 65 73 73 22 3a
20 22 77 77 77 2e 73 70  65 65 64 74 65 73 74 2e
6e 65 74 22 2c 0a 20 20  20 20 20 20 20 20 20 20
20 20 20 20 20 20 20 20  20 20 20 20 20 20 20 20
20 20 22 70 6f 72 74 22  3a 20 34 34 33 2c 0a 20
20 20 20 20 20 20 20 20  20 20 20 20 20 20 20 20
20 20 20 20 20 20 20 20  20 20 20 22 70 61 73 73
77 6f 72 64 22 3a 20 22  35 4b 39 75 39 2e 54 6e
72 31 24 5e 22 0a 20 20  20 20 20 20 20 20 20 20
20 20 20 20 20 20 20 20  20 20 20 20 20 20 7d 0a
20 20 20 20 20 20 20 20  20 20 20 20 20 20 20 20
20 20 20 20 5d 0a 20 20  20 20 20 20 20 20 20 20
20 20 20 20 20 20 7d 2c  0a 20 20 20 20 20 20 20
20 20 20 20 20 20 20 20  20 22 73 74 72 65 61 6d
53 65 74 74 69 6e 67 73  22 3a 20 7b 0a 20 20 20
20 20 20 20 20 20 20 20  20 20 20 20 20 20 20 20
20 22 6e 65 74 77 6f 72  6b 22 3a 20 22 77 73 22
2c 0a 20 20 20 20 20 20  20 20 20 20 20 20 20 20
20 20 20 20 20 20 22 77  73 53 65 74 74 69 6e 67
73 22 3a 20 7b 0a 20 20  20 20 20 20 20 20 20 20
20 20 20 20 20 20 20 20  20 20 20 20 20 20 22 68
6f 73 74 22 3a 20 22 77  68 75 61 2d 62 70 2e 38
64 79 2e 78 78 2e 6b 67  22 2c 0a 20 20 20 20 20
20 20 20 20 20 20 20 20  20 20 20 20 20 20 20 20
20 20 20 22 70 61 74 68  22 3a 20 22 2f 65 79 4a
71 64 57 35 72 49 6a 6f  69 63 32 67 78 57 6c 4e
31 61 6a 6c 53 4e 79 49  73 49 6e 42 79 62 33 52
76 59 32 39 73 49 6a 6f  69 64 48 49 69 4c 43 4a
74 62 32 52 6c 49 6a 6f  69 63 48 4a 6c 5a 6d 6c
34 49 69 77 69 63 47 46  75 5a 57 78 4a 55 48 4d
69 4f 6c 73 69 57 7a 49  32 4d 44 49 36 5a 6d 4d
31 4f 54 70 69 4d 44 6f  32 4e 44 6f 36 58 53 49
73 49 6c 73 79 4e 6a 41  79 4f 6d 5a 6a 4e 54 6b
36 4d 54 45 36 4e 6a 51  36 4f 6c 30 69 4c 43 4a
62 4d 6d 45 77 4d 6a 6f  34 4f 54 67 36 4d 54 51
32 4f 6a 59 30 4f 6a 70  64 49 6c 31 39 3f 65 64
3d 32 35 36 30 22 0a 20  20 20 20 20 20 20 20 20
20 20 20 20 20 20 20 20  20 20 20 7d 2c 0a 20 20
20 20 20 20 20 20 20 20  20 20 20 20 20 20 20 20
20 20 22 73 65 63 75 72  69 74 79 22 3a 20 22 74
6c 73 22 2c 0a 20 20 20  20 20 20 20 20 20 20 20
20 20 20 20 20 20 20 20  20 22 74 6c 73 53 65 74
74 69 6e 67 73 22 3a 20  7b 0a 20 20 20 20 20 20
20 20 20 20 20 20 20 20  20 20 20 20 20 20 20 20
20 20 22 73 65 72 76 65  72 4e 61 6d 65 22 3a 20
22 77 68 55 61 2d 62 50  2e 38 44 59 2e 58 58 2e
6b 47 22 2c 0a 20 20 20  20 20 20 20 20 20 20 20
20 20 20 20 20 20 20 20  20 20 20 20 20 22 66 69
6e 67 65 72 70 72 69 6e  74 22 3a 20 22 63 68 72
6f 6d 65 22 2c 0a 20 20  20 20 20 20 20 20 20 20
20 20 20 20 20 20 20 20  20 20 20 20 20 20 22 61
6c 70 6e 22 3a 20 5b 0a  20 20 20 20 20 20 20 20
20 20 20 20 20 20 20 20  20 20 20 20 20 20 20 20
20 20 20 20 22 68 74 74  70 2f 31 2e 31 22 0a 20
20 20 20 20 20 20 20 20  20 20 20 20 20 20 20 20
20 20 20 20 20 20 20 5d  2c 0a 20 20 20 20 20 20
20 20 20 20 20 20 20 20  20 20 20 20 20 20 20 20
20 20 22 61 6c 6c 6f 77  49 6e 73 65 63 75 72 65
22 3a 20 66 61 6c 73 65  0a 20 20 20 20 20 20 20
20 20 20 20 20 20 20 20  20 20 20 20 20 7d 2c 0a
20 20 20 20 20 20 20 20  20 20 20 20 20 20 20 20
20 20 20 20 22 73 6f 63  6b 6f 70 74 22 3a 20 7b
0a 20 20 20 20 20 20 20  20 20 20 20 20 20 20 20
20 20 20 20 20 20 20 20  20 22 64 6f 6d 61 69 6e
53 74 72 61 74 65 67 79  22 3a 20 22 55 73 65 49
50 22 2c 0a 20 20 20 20  20 20 20 20 20 20 20 20
20 20 20 20 20 20 20 20  20 20 20 20 22 68 61 70
70 79 45 79 65 62 61 6c  6c 73 22 3a 20 7b 0a 20
20 20 20 20 20 20 20 20  20 20 20 20 20 20 20 20
20 20 20 20 20 20 20 20  20 20 20 22 74 72 79 44
65 6c 61 79 4d 73 22 3a  20 32 35 30 2c 0a 20 20
20 20 20 20 20 20 20 20  20 20 20 20 20 20 20 20
20 20 20 20 20 20 20 20  20 20 22 70 72 69 6f 72
69 74 69 7a 65 49 50 76  36 22 3a 20 66 61 6c 73
65 2c 0a 20 20 20 20 20  20 20 20 20 20 20 20 20
20 20 20 20 20 20 20 20  20 20 20 20 20 20 20 22
69 6e 74 65 72 6c 65 61  76 65 22 3a 20 32 2c 0a
20 20 20 20 20 20 20 20  20 20 20 20 20 20 20 20
20 20 20 20 20 20 20 20  20 20 20 20 22 6d 61 78
43 6f 6e 63 75 72 72 65  6e 74 54 72 79 22 3a 20
34 0a 20 20 20 20 20 20  20 20 20 20 20 20 20 20
20 20 20 20 20 20 20 20  20 20 7d 0a 20 20 20 20
20 20 20 20 20 20 20 20  20 20 20 20 20 20 20 20
7d 0a 20 20 20 20 20 20  20 20 20 20 20 20 20 20
20 20 7d 2c 0a 20 20 20  20 20 20 20 20 20 20 20
20 20 20 20 20 22 74 61  67 22 3a 20 22 70 72 6f
78 79 2d 38 22 0a 20 20  20 20 20 20 20 20 20 20
20 20 7d 2c 0a 20 20 20  20 20 20 20 20 20 20 20
20 7b 0a 20 20 20 20 20  20 20 20 20 20 20 20 20
20 20 20 22 70 72 6f 74  6f 63 6f 6c 22 3a 20 22
74 72 6f 6a 61 6e 22 2c  0a 20 20 20 20 20 20 20
20 20 20 20 20 20 20 20  20 22 73 65 74 74 69 6e
67 73 22 3a 20 7b 0a 20  20 20 20 20 20 20 20 20
20 20 20 20 20 20 20 20  20 20 20 22 73 65 72 76
65 72 73 22 3a 20 5b 0a  20 20 20 20 20 20 20 20
20 20 20 20 20 20 20 20  20 20 20 20 20 20 20 20
7b 0a 20 20 20 20 20 20  20 20 20 20 20 20 20 20
20 20 20 20 20 20 20 20  20 20 20 20 20 20 22 61
64 64 72 65 73 73 22 3a  20 22 31 38 38 2e 31 31
34 2e 39 36 2e 30 22 2c  0a 20 20 20 20 20 20 20
20 20 20 20 20 20 20 20  20 20 20 20 20 20 20 20
20 20 20 20 20 22 70 6f  72 74 22 3a 20 34 34 33
2c 0a 20 20 20 20 20 20  20 20 20 20 20 20 20 20
20 20 20 20 20 20 20 20  20 20 20 20 20 20 22 70
61 73 73 77 6f 72 64 22  3a 20 22 35 4b 39 75 39
2e 54 6e 72 31 24 5e 22  0a 20 20 20 20 20 20 20
20 20 20 20 20 20 20 20  20 20 20 20 20 20 20 20
20 7d 0a 20 20 20 20 20  20 20 20 20 20 20 20 20
20 20 20 20 20 20 20 5d  0a 20 20 20 20 20 20 20
20 20 20 20 20 20 20 20  20 7d 2c 0a 20 20 20 20
20 20 20 20 20 20 20 20  20 20 20 20 22 73 74 72
65 61 6d 53 65 74 74 69  6e 67 73 22 3a 20 7b 0a
20 20 20 20 20 20 20 20  20 20 20 20 20 20 20 20
20 20 20 20 22 6e 65 74  77 6f 72 6b 22 3a 20 22
77 73 22 2c 0a 20 20 20  20 20 20 20 20 20 20 20
20 20 20 20 20 20 20 20  20 22 77 73 53 65 74 74
69 6e 67 73 22 3a 20 7b  0a 20 20 20 20 20 20 20
20 20 20 20 20 20 20 20  20 20 20 20 20 20 20 20
20 22 68 6f 73 74 22 3a  20 22 77 68 75 61 2d 62
70 2e 38 64 79 2e 78 78  2e 6b 67 22 2c 0a 20 20
20 20 20 20 20 20 20 20  20 20 20 20 20 20 20 20
20 20 20 20 20 20 22 70  61 74 68 22 3a 20 22 2f
65 79 4a 71 64 57 35 72  49 6a 6f 69 5a 57 35 70
4d 58 64 47 53 31 49 31  49 69 77 69 63 48 4a 76
64 47 39 6a 62 32 77 69  4f 69 4a 30 63 69 49 73
49 6d 31 76 5a 47 55 69  4f 69 4a 77 63 6d 56 6d
61 58 67 69 4c 43 4a 77  59 57 35 6c 62 45 6c 51
63 79 49 36 57 79 4a 62  4d 6a 59 77 4d 6a 70 6d
59 7a 55 35 4f 6d 49 77  4f 6a 59 30 4f 6a 70 64
49 69 77 69 57 7a 49 32  4d 44 49 36 5a 6d 4d 31
4f 54 6f 78 4d 54 6f 32  4e 44 6f 36 58 53 49 73
49 6c 73 79 59 54 41 79  4f 6a 67 35 4f 44 6f 78
4e 44 59 36 4e 6a 51 36  4f 6c 30 69 58 58 30 3d
3f 65 64 3d 32 35 36 30  22 0a 20 20 20 20 20 20
20 20 20 20 20 20 20 20  20 20 20 20 20 20 7d 2c
0a 20 20 20 20 20 20 20  20 20 20 20 20 20 20 20
20 20 20 20 20 22 73 65  63 75 72 69 74 79 22 3a
20 22 74 6c 73 22 2c 0a  20 20 20 20 20 20 20 20
20 20 20 20 20 20 20 20  20 20 20 20 22 74 6c 73
53 65 74 74 69 6e 67 73  22 3a 20 7b 0a 20 20 20
20 20 20 20 20 20 20 20  20 20 20 20 20 20 20 20
20 20 20 20 20 22 73 65  72 76 65 72 4e 61 6d 65
22 3a 20 22 57 68 55 41  2d 62 50 2e 38 44 79 2e
58 78 2e 6b 67 22 2c 0a  20 20 20 20 20 20 20 20
20 20 20 20 20 20 20 20  20 20 20 20 20 20 20 20
22 66 69 6e 67 65 72 70  72 69 6e 74 22 3a 20 22
63 68 72 6f 6d 65 22 2c  0a 20 20 20 20 20 20 20
20 20 20 20 20 20 20 20  20 20 20 20 20 20 20 20
20 22 61 6c 70 6e 22 3a  20 5b 0a 20 20 20 20 20
20 20 20 20 20 20 20 20  20 20 20 20 20 20 20 20
20 20 20 20 20 20 20 22  68 74 74 70 2f 31 2e 31
22 0a 20 20 20 20 20 20  20 20 20 20 20 20 20 20
20 20 20 20 20 20 20 20  20 20 5d 2c 0a 20 20 20
20 20 20 20 20 20 20 20  20 20 20 20 20 20 20 20
20 20 20 20 20 22 61 6c  6c 6f 77 49 6e 73 65 63
75 72 65 22 3a 20 66 61  6c 73 65 0a 20 20 20 20
20 20 20 20 20 20 20 20  20 20 20 20 20 20 20 20
7d 2c 0a 20 20 20 20 20  20 20 20 20 20 20 20 20
20 20 20 20 20 20 20 22  73 6f 63 6b 6f 70 74 22
3a 20 7b 0a 20 20 20 20  20 20 20 20 20 20 20 20
20 20 20 20 20 20 20 20  20 20 20 20 22 64 6f 6d
61 69 6e 53 74 72 61 74  65 67 79 22 3a 20 22 55
73 65 49 50 22 2c 0a 20  20 20 20 20 20 20 20 20
20 20 20 20 20 20 20 20  20 20 20 20 20 20 20 22
68 61 70 70 79 45 79 65  62 61 6c 6c 73 22 3a 20
7b 0a 20 20 20 20 20 20  20 20 20 20 20 20 20 20
20 20 20 20 20 20 20 20  20 20 20 20 20 20 22 74
72 79 44 65 6c 61 79 4d  73 22 3a 20 32 35 30 2c
0a 20 20 20 20 20 20 20  20 20 20 20 20 20 20 20
20 20 20 20 20 20 20 20  20 20 20 20 20 22 70 72
69 6f 72 69 74 69 7a 65  49 50 76 36 22 3a 20 66
61 6c 73 65 2c 0a 20 20  20 20 20 20 20 20 20 20
20 20 20 20 20 20 20 20  20 20 20 20 20 20 20 20
20 20 22 69 6e 74 65 72  6c 65 61 76 65 22 3a 20
32 2c 0a 20 20 20 20 20  20 20 20 20 20 20 20 20
20 20 20 20 20 20 20 20  20 20 20 20 20 20 20 22
6d 61 78 43 6f 6e 63 75  72 72 65 6e 74 54 72 79
22 3a 20 34 0a 20 20 20  20 20 20 20 20 20 20 20
20 20 20 20 20 20 20 20  20 20 20 20 20 7d 0a 20
20 20 20 20 20 20 20 20  20 20 20 20 20 20 20 20
20 20 20 7d 0a 20 20 20  20 20 20 20 20 20 20 20
20 20 20 20 20 7d 2c 0a  20 20 20 20 20 20 20 20
20 20 20 20 20 20 20 20  22 74 61 67 22 3a 20 22
70 72 6f 78 79 2d 39 22  0a 20 20 20 20 20 20 20
20 20 20 20 20 7d 2c 0a  20 20 20 20 20 20 20 20
20 20 20 20 7b 0a 20 20  20 20 20 20 20 20 20 20
20 20 20 20 20 20 22 70  72 6f 74 6f 63 6f 6c 22
3a 20 22 74 72 6f 6a 61  6e 22 2c 0a 20 20 20 20
20 20 20 20 20 20 20 20  20 20 20 20 22 73 65 74
74 69 6e 67 73 22 3a 20  7b 0a 20 20 20 20 20 20
20 20 20 20 20 20 20 20  20 20 20 20 20 20 22 73
65 72 76 65 72 73 22 3a  20 5b 0a 20 20 20 20 20
20 20 20 20 20 20 20 20  20 20 20 20 20 20 20 20
20 20 20 7b 0a 20 20 20  20 20 20 20 20 20 20 20
20 20 20 20 20 20 20 20  20 20 20 20 20 20 20 20
20 22 61 64 64 72 65 73  73 22 3a 20 22 31 38 38
2e 31 31 34 2e 39 37 2e  30 22 2c 0a 20 20 20 20
20 20 20 20 20 20 20 20  20 20 20 20 20 20 20 20
20 20 20 20 20 20 20 20  22 70 6f 72 74 22 3a 20
34 34 33 2c 0a 20 20 20  20 20 20 20 20 20 20 20
20 20 20 20 20 20 20 20  20 20 20 20 20 20 20 20
20 22 70 61 73 73 77 6f  72 64 22 3a 20 22 35 4b
39 75 39 2e 54 6e 72 31  24 5e 22 0a 20 20 20 20
20 20 20 20 20 20 20 20  20 20 20 20 20 20 20 20
20 20 20 20 7d 0a 20 20  20 20 20 20 20 20 20 20
20 20 20 20 20 20 20 20  20 20 5d 0a 20 20 20 20
20 20 20 20 20 20 20 20  20 20 20 20 7d 2c 0a 20
20 20 20 20 20 20 20 20  20 20 20 20 20 20 20 22
73 74 72 65 61 6d 53 65  74 74 69 6e 67 73 22 3a
20 7b 0a 20 20 20 20 20  20 20 20 20 20 20 20 20
20 20 20 20 20 20 20 22  6e 65 74 77 6f 72 6b 22
3a 20 22 77 73 22 2c 0a  20 20 20 20 20 20 20 20
20 20 20 20 20 20 20 20  20 20 20 20 22 77 73 53
65 74 74 69 6e 67 73 22  3a 20 7b 0a 20 20 20 20
20 20 20 20 20 20 20 20  20 20 20 20 20 20 20 20
20 20 20 20 22 68 6f 73  74 22 3a 20 22 77 68 75
61 2d 62 70 2e 38 64 79  2e 78 78 2e 6b 67 22 2c
0a 20 20 20 20 20 20 20  20 20 20 20 20 20 20 20
20 20 20 20 20 20 20 20  20 22 70 61 74 68 22 3a
20 22 2f 65 79 4a 71 64  57 35 72 49 6a 6f 69 63
55 5a 35 55 7a 67 35 54  7a 4d 69 4c 43 4a 77 63
6d 39 30 62 32 4e 76 62  43 49 36 49 6e 52 79 49
69 77 69 62 57 39 6b 5a  53 49 36 49 6e 42 79 5a
57 5a 70 65 43 49 73 49  6e 42 68 62 6d 56 73 53
56 42 7a 49 6a 70 62 49  6c 73 79 4e 6a 41 79 4f
6d 5a 6a 4e 54 6b 36 59  6a 41 36 4e 6a 51 36 4f
6c 30 69 4c 43 4a 62 4d  6a 59 77 4d 6a 70 6d 59
7a 55 35 4f 6a 45 78 4f  6a 59 30 4f 6a 70 64 49
69 77 69 57 7a 4a 68 4d  44 49 36 4f 44 6b 34 4f
6a 45 30 4e 6a 6f 32 4e  44 6f 36 58 53 4a 64 66
51 3d 3d 3f 65 64 3d 32  35 36 30 22 0a 20 20 20
20 20 20 20 20 20 20 20  20 20 20 20 20 20 20 20
20 7d 2c 0a 20 20 20 20  20 20 20 20 20 20 20 20
20 20 20 20 20 20 20 20  22 73 65 63 75 72 69 74
79 22 3a 20 22 74 6c 73  22 2c 0a 20 20 20 20 20
20 20 20 20 20 20 20 20  20 20 20 20 20 20 20 22
74 6c 73 53 65 74 74 69  6e 67 73 22 3a 20 7b 0a
20 20 20 20 20 20 20 20  20 20 20 20 20 20 20 20
20 20 20 20 20 20 20 20  22 73 65 72 76 65 72 4e
61 6d 65 22 3a 20 22 77  68 55 61 2d 62 70 2e 38
44 79 2e 78 58 2e 4b 67  22 2c 0a 20 20 20 20 20
20 20 20 20 20 20 20 20  20 20 20 20 20 20 20 20
20 20 20 22 66 69 6e 67  65 72 70 72 69 6e 74 22
3a 20 22 63 68 72 6f 6d  65 22 2c 0a 20 20 20 20
20 20 20 20 20 20 20 20  20 20 20 20 20 20 20 20
20 20 20 20 22 61 6c 70  6e 22 3a 20 5b 0a 20 20
20 20 20 20 20 20 20 20  20 20 20 20 20 20 20 20
20 20 20 20 20 20 20 20  20 20 22 68 74 74 70 2f
31 2e 31 22 0a 20 20 20  20 20 20 20 20 20 20 20
20 20 20 20 20 20 20 20  20 20 20 20 20 5d 2c 0a
20 20 20 20 20 20 20 20  20 20 20 20 20 20 20 20
20 20 20 20 20 20 20 20  22 61 6c 6c 6f 77 49 6e
73 65 63 75 72 65 22 3a  20 66 61 6c 73 65 0a 20
20 20 20 20 20 20 20 20  20 20 20 20 20 20 20 20
20 20 20 7d 2c 0a 20 20  20 20 20 20 20 20 20 20
20 20 20 20 20 20 20 20  20 20 22 73 6f 63 6b 6f
70 74 22 3a 20 7b 0a 20  20 20 20 20 20 20 20 20
20 20 20 20 20 20 20 20  20 20 20 20 20 20 20 22
64 6f 6d 61 69 6e 53 74  72 61 74 65 67 79 22 3a
20 22 55 73 65 49 50 22  2c 0a 20 20 20 20 20 20
20 20 20 20 20 20 20 20  20 20 20 20 20 20 20 20
20 20 22 68 61 70 70 79  45 79 65 62 61 6c 6c 73
22 3a 20 7b 0a 20 20 20  20 20 20 20 20 20 20 20
20 20 20 20 20 20 20 20  20 20 20 20 20 20 20 20
20 22 74 72 79 44 65 6c  61 79 4d 73 22 3a 20 32
35 30 2c 0a 20 20 20 20  20 20 20 20 20 20 20 20
20 20 20 20 20 20 20 20  20 20 20 20 20 20 20 20
22 70 72 69 6f 72 69 74  69 7a 65 49 50 76 36 22
3a 20 66 61 6c 73 65 2c  0a 20 20 20 20 20 20 20
20 20 20 20 20 20 20 20  20 20 20 20 20 20 20 20
20 20 20 20 20 22 69 6e  74 65 72 6c 65 61 76 65
22 3a 20 32 2c 0a 20 20  20 20 20 20 20 20 20 20
20 20 20 20 20 20 20 20  20 20 20 20 20 20 20 20
20 20 22 6d 61 78 43 6f  6e 63 75 72 72 65 6e 74
54 72 79 22 3a 20 34 0a  20 20 20 20 20 20 20 20
20 20 20 20 20 20 20 20  20 20 20 20 20 20 20 20
7d 0a 20 20 20 20 20 20  20 20 20 20 20 20 20 20
20 20 20 20 20 20 7d 0a  20 20 20 20 20 20 20 20
20 20 20 20 20 20 20 20  7d 2c 0a 20 20 20 20 20
20 20 20 20 20 20 20 20  20 20 20 22 74 61 67 22
3a 20 22 70 72 6f 78 79  2d 31 30 22 0a 20 20 20
20 20 20 20 20 20 20 20  20 7d 2c 0a 20 20 20 20
20 20 20 20 20 20 20 20  7b 0a 20 20 20 20 20 20
20 20 20 20 20 20 20 20  20 20 22 70 72 6f 74 6f
63 6f 6c 22 3a 20 22 74  72 6f 6a 61 6e 22 2c 0a
20 20 20 20 20 20 20 20  20 20 20 20 20 20 20 20
22 73 65 74 74 69 6e 67  73 22 3a 20 7b 0a 20 20
20 20 20 20 20 20 20 20  20 20 20 20 20 20 20 20
20 20 22 73 65 72 76 65  72 73 22 3a 20 5b 0a 20
20 20 20 20 20 20 20 20  20 20 20 20 20 20 20 20
20 20 20 20 20 20 20 7b  0a 20 20 20 20 20 20 20
20 20 20 20 20 20 20 20  20 20 20 20 20 20 20 20
20 20 20 20 20 22 61 64  64 72 65 73 73 22 3a 20
22 5b 32 61 30 36 3a 39  38 63 31 3a 33 31 32 30
3a 3a 5d 22 2c 0a 20 20  20 20 20 20 20 20 20 20
20 20 20 20 20 20 20 20  20 20 20 20 20 20 20 20
20 20 22 70 6f 72 74 22  3a 20 34 34 33 2c 0a 20
20 20 20 20 20 20 20 20  20 20 20 20 20 20 20 20
20 20 20 20 20 20 20 20  20 20 20 22 70 61 73 73
77 6f 72 64 22 3a 20 22  35 4b 39 75 39 2e 54 6e
72 31 24 5e 22 0a 20 20  20 20 20 20 20 20 20 20
20 20 20 20 20 20 20 20  20 20 20 20 20 20 7d 0a
20 20 20 20 20 20 20 20  20 20 20 20 20 20 20 20
20 20 20 20 5d 0a 20 20  20 20 20 20 20 20 20 20
20 20 20 20 20 20 7d 2c  0a 20 20 20 20 20 20 20
20 20 20 20 20 20 20 20  20 22 73 74 72 65 61 6d
53 65 74 74 69 6e 67 73  22 3a 20 7b 0a 20 20 20
20 20 20 20 20 20 20 20  20 20 20 20 20 20 20 20
20 22 6e 65 74 77 6f 72  6b 22 3a 20 22 77 73 22
2c 0a 20 20 20 20 20 20  20 20 20 20 20 20 20 20
20 20 20 20 20 20 22 77  73 53 65 74 74 69 6e 67
73 22 3a 20 7b 0a 20 20  20 20 20 20 20 20 20 20
20 20 20 20 20 20 20 20  20 20 20 20 20 20 22 68
6f 73 74 22 3a 20 22 77  68 75 61 2d 62 70 2e 38
64 79 2e 78 78 2e 6b 67  22 2c 0a 20 20 20 20 20
20 20 20 20 20 20 20 20  20 20 20 20 20 20 20 20
20 20 20 22 70 61 74 68  22 3a 20 22 2f 65 79 4a
71 64 57 35 72 49 6a 6f  69 52 33 6c 4b 53 33 56
70 56 6a 64 61 64 57 5a  5a 49 69 77 69 63 48 4a
76 64 47 39 6a 62 32 77  69 4f 69 4a 30 63 69 49
73 49 6d 31 76 5a 47 55  69 4f 69 4a 77 63 6d 56
6d 61 58 67 69 4c 43 4a  77 59 57 35 6c 62 45 6c
51 63 79 49 36 57 79 4a  62 4d 6a 59 77 4d 6a 70
6d 59 7a 55 35 4f 6d 49  77 4f 6a 59 30 4f 6a 70
64 49 69 77 69 57 7a 49  32 4d 44 49 36 5a 6d 4d
31 4f 54 6f 78 4d 54 6f  32 4e 44 6f 36 58 53 49
73 49 6c 73 79 59 54 41  79 4f 6a 67 35 4f 44 6f
78 4e 44 59 36 4e 6a 51  36 4f 6c 30 69 58 58 30
3d 3f 65 64 3d 32 35 36  30 22 0a 20 20 20 20 20
20 20 20 20 20 20 20 20  20 20 20 20 20 20 20 7d
2c 0a 20 20 20 20 20 20  20 20 20 20 20 20 20 20
20 20 20 20 20 20 22 73  65 63 75 72 69 74 79 22
3a 20 22 74 6c 73 22 2c  0a 20 20 20 20 20 20 20
20 20 20 20 20 20 20 20  20 20 20 20 20 22 74 6c
73 53 65 74 74 69 6e 67  73 22 3a 20 7b 0a 20 20
20 20 20 20 20 20 20 20  20 20 20 20 20 20 20 20
20 20 20 20 20 20 22 73  65 72 76 65 72 4e 61 6d
65 22 3a 20 22 77 68 55  41 2d 62 50 2e 38 64 79
2e 58 78 2e 6b 67 22 2c  0a 20 20 20 20 20 20 20
20 20 20 20 20 20 20 20  20 20 20 20 20 20 20 20
20 22 66 69 6e 67 65 72  70 72 69 6e 74 22 3a 20
22 63 68 72 6f 6d 65 22  2c 0a 20 20 20 20 20 20
20 20 20 20 20 20 20 20  20 20 20 20 20 20 20 20
20 20 22 61 6c 70 6e 22  3a 20 5b 0a 20 20 20 20
20 20 20 20 20 20 20 20  20 20 20 20 20 20 20 20
20 20 20 20 20 20 20 20  22 68 74 74 70 2f 31 2e
31 22 0a 20 20 20 20 20  20 20 20 20 20 20 20 20
20 20 20 20 20 20 20 20  20 20 20 5d 2c 0a 20 20
20 20 20 20 20 20 20 20  20 20 20 20 20 20 20 20
20 20 20 20 20 20 22 61  6c 6c 6f 77 49 6e 73 65
63 75 72 65 22 3a 20 66  61 6c 73 65 0a 20 20 20
20 20 20 20 20 20 20 20  20 20 20 20 20 20 20 20
20 7d 2c 0a 20 20 20 20  20 20 20 20 20 20 20 20
20 20 20 20 20 20 20 20  22 73 6f 63 6b 6f 70 74
22 3a 20 7b 0a 20 20 20  20 20 20 20 20 20 20 20
20 20 20 20 20 20 20 20  20 20 20 20 20 22 64 6f
6d 61 69 6e 53 74 72 61  74 65 67 79 22 3a 20 22
55 73 65 49 50 22 2c 0a  20 20 20 20 20 20 20 20
20 20 20 20 20 20 20 20  20 20 20 20 20 20 20 20
22 68 61 70 70 79 45 79  65 62 61 6c 6c 73 22 3a
20 7b 0a 20 20 20 20 20  20 20 20 20 20 20 20 20
20 20 20 20 20 20 20 20  20 20 20 20 20 20 20 22
74 72 79 44 65 6c 61 79  4d 73 22 3a 20 32 35 30
2c 0a 20 20 20 20 20 20  20 20 20 20 20 20 20 20
20 20 20 20 20 20 20 20  20 20 20 20 20 20 22 70
72 69 6f 72 69 74 69 7a  65 49 50 76 36 22 3a 20
66 61 6c 73 65 2c 0a 20  20 20 20 20 20 20 20 20
20 20 20 20 20 20 20 20  20 20 20 20 20 20 20 20
20 20 20 22 69 6e 74 65  72 6c 65 61 76 65 22 3a
20 32 2c 0a 20 20 20 20  20 20 20 20 20 20 20 20
20 20 20 20 20 20 20 20  20 20 20 20 20 20 20 20
22 6d 61 78 43 6f 6e 63  75 72 72 65 6e 74 54 72
79 22 3a 20 34 0a 20 20  20 20 20 20 20 20 20 20
20 20 20 20 20 20 20 20  20 20 20 20 20 20 7d 0a
20 20 20 20 20 20 20 20  20 20 20 20 20 20 20 20
20 20 20 20 7d 0a 20 20  20 20 20 20 20 20 20 20
20 20 20 20 20 20 7d 2c  0a 20 20 20 20 20 20 20
20 20 20 20 20 20 20 20  20 22 74 61 67 22 3a 20
22 70 72 6f 78 79 2d 31  31 22 0a 20 20 20 20 20
20 20 20 20 20 20 20 7d  2c 0a 20 20 20 20 20 20
20 20 20 20 20 20 7b 0a  20 20 20 20 20 20 20 20
20 20 20 20 20 20 20 20  22 70 72 6f 74 6f 63 6f
6c 22 3a 20 22 74 72 6f  6a 61 6e 22 2c 0a 20 20
20 20 20 20 20 20 20 20  20 20 20 20 20 20 22 73
65 74 74 69 6e 67 73 22  3a 20 7b 0a 20 20 20 20
20 20 20 20 20 20 20 20  20 20 20 20 20 20 20 20
22 73 65 72 76 65 72 73  22 3a 20 5b 0a 20 20 20
20 20 20 20 20 20 20 20  20 20 20 20 20 20 20 20
20 20 20 20 20 7b 0a 20  20 20 20 20 20 20 20 20
20 20 20 20 20 20 20 20  20 20 20 20 20 20 20 20
20 20 20 22 61 64 64 72  65 73 73 22 3a 20 22 5b
32 61 30 36 3a 39 38 63  31 3a 33 31 32 31 3a 3a
5d 22 2c 0a 20 20 20 20  20 20 20 20 20 20 20 20
20 20 20 20 20 20 20 20  20 20 20 20 20 20 20 20
22 70 6f 72 74 22 3a 20  34 34 33 2c 0a 20 20 20
20 20 20 20 20 20 20 20  20 20 20 20 20 20 20 20
20 20 20 20 20 20 20 20  20 22 70 61 73 73 77 6f
72 64 22 3a 20 22 35 4b  39 75 39 2e 54 6e 72 31
24 5e 22 0a 20 20 20 20  20 20 20 20 20 20 20 20
20 20 20 20 20 20 20 20  20 20 20 20 7d 0a 20 20
20 20 20 20 20 20 20 20  20 20 20 20 20 20 20 20
20 20 5d 0a 20 20 20 20  20 20 20 20 20 20 20 20
20 20 20 20 7d 2c 0a 20  20 20 20 20 20 20 20 20
20 20 20 20 20 20 20 22  73 74 72 65 61 6d 53 65
74 74 69 6e 67 73 22 3a  20 7b 0a 20 20 20 20 20
20 20 20 20 20 20 20 20  20 20 20 20 20 20 20 22
6e 65 74 77 6f 72 6b 22  3a 20 22 77 73 22 2c 0a
20 20 20 20 20 20 20 20  20 20 20 20 20 20 20 20
20 20 20 20 22 77 73 53  65 74 74 69 6e 67 73 22
3a 20 7b 0a 20 20 20 20  20 20 20 20 20 20 20 20
20 20 20 20 20 20 20 20  20 20 20 20 22 68 6f 73
74 22 3a 20 22 77 68 75  61 2d 62 70 2e 38 64 79
2e 78 78 2e 6b 67 22 2c  0a 20 20 20 20 20 20 20
20 20 20 20 20 20 20 20  20 20 20 20 20 20 20 20
20 22 70 61 74 68 22 3a  20 22 2f 65 79 4a 71 64
57 35 72 49 6a 6f 69 63  44 68 4e 4f 58 6c 6d 53
44 5a 30 55 57 39 4c 54  30 30 31 55 69 49 73 49
6e 42 79 62 33 52 76 59  32 39 73 49 6a 6f 69 64
48 49 69 4c 43 4a 74 62  32 52 6c 49 6a 6f 69 63
48 4a 6c 5a 6d 6c 34 49  69 77 69 63 47 46 75 5a
57 78 4a 55 48 4d 69 4f  6c 73 69 57 7a 49 32 4d
44 49 36 5a 6d 4d 31 4f  54 70 69 4d 44 6f 32 4e
44 6f 36 58 53 49 73 49  6c 73 79 4e 6a 41 79 4f
6d 5a 6a 4e 54 6b 36 4d  54 45 36 4e 6a 51 36 4f
6c 30 69 4c 43 4a 62 4d  6d 45 77 4d 6a 6f 34 4f
54 67 36 4d 54 51 32 4f  6a 59 30 4f 6a 70 64 49
6c 31 39 3f 65 64 3d 32  35 36 30 22 0a 20 20 20
20 20 20 20 20 20 20 20  20 20 20 20 20 20 20 20
20 7d 2c 0a 20 20 20 20  20 20 20 20 20 20 20 20
20 20 20 20 20 20 20 20  22 73 65 63 75 72 69 74
79 22 3a 20 22 74 6c 73  22 2c 0a 20 20 20 20 20
20 20 20 20 20 20 20 20  20 20 20 20 20 20 20 22
74 6c 73 53 65 74 74 69  6e 67 73 22 3a 20 7b 0a
20 20 20 20 20 20 20 20  20 20 20 20 20 20 20 20
20 20 20 20 20 20 20 20  22 73 65 72 76 65 72 4e
61 6d 65 22 3a 20 22 77  48 55 41 2d 42 70 2e 38
64 59 2e 78 58 2e 6b 67  22 2c 0a 20 20 20 20 20
20 20 20 20 20 20 20 20  20 20 20 20 20 20 20 20
20 20 20 22 66 69 6e 67  65 72 70 72 69 6e 74 22
3a 20 22 63 68 72 6f 6d  65 22 2c 0a 20 20 20 20
20 20 20 20 20 20 20 20  20 20 20 20 20 20 20 20
20 20 20 20 22 61 6c 70  6e 22 3a 20 5b 0a 20 20
20 20 20 20 20 20 20 20  20 20 20 20 20 20 20 20
20 20 20 20 20 20 20 20  20 20 22 68 74 74 70 2f
31 2e 31 22 0a 20 20 20  20 20 20 20 20 20 20 20
20 20 20 20 20 20 20 20  20 20 20 20 20 5d 2c 0a
20 20 20 20 20 20 20 20  20 20 20 20 20 20 20 20
20 20 20 20 20 20 20 20  22 61 6c 6c 6f 77 49 6e
73 65 63 75 72 65 22 3a  20 66 61 6c 73 65 0a 20
20 20 20 20 20 20 20 20  20 20 20 20 20 20 20 20
20 20 20 7d 2c 0a 20 20  20 20 20 20 20 20 20 20
20 20 20 20 20 20 20 20  20 20 22 73 6f 63 6b 6f
70 74 22 3a 20 7b 0a 20  20 20 20 20 20 20 20 20
20 20 20 20 20 20 20 20  20 20 20 20 20 20 20 22
64 6f 6d 61 69 6e 53 74  72 61 74 65 67 79 22 3a
20 22 55 73 65 49 50 22  2c 0a 20 20 20 20 20 20
20 20 20 20 20 20 20 20  20 20 20 20 20 20 20 20
20 20 22 68 61 70 70 79  45 79 65 62 61 6c 6c 73
22 3a 20 7b 0a 20 20 20  20 20 20 20 20 20 20 20
20 20 20 20 20 20 20 20  20 20 20 20 20 20 20 20
20 22 74 72 79 44 65 6c  61 79 4d 73 22 3a 20 32
35 30 2c 0a 20 20 20 20  20 20 20 20 20 20 20 20
20 20 20 20 20 20 20 20  20 20 20 20 20 20 20 20
22 70 72 69 6f 72 69 74  69 7a 65 49 50 76 36 22
3a 20 66 61 6c 73 65 2c  0a 20 20 20 20 20 20 20
20 20 20 20 20 20 20 20  20 20 20 20 20 20 20 20
20 20 20 20 20 22 69 6e  74 65 72 6c 65 61 76 65
22 3a 20 32 2c 0a 20 20  20 20 20 20 20 20 20 20
20 20 20 20 20 20 20 20  20 20 20 20 20 20 20 20
20 20 22 6d 61 78 43 6f  6e 63 75 72 72 65 6e 74
54 72 79 22 3a 20 34 0a  20 20 20 20 20 20 20 20
20 20 20 20 20 20 20 20  20 20 20 20 20 20 20 20
7d 0a 20 20 20 20 20 20  20 20 20 20 20 20 20 20
20 20 20 20 20 20 7d 0a  20 20 20 20 20 20 20 20
20 20 20 20 20 20 20 20  7d 2c 0a 20 20 20 20 20
20 20 20 20 20 20 20 20  20 20 20 22 74 61 67 22
3a 20 22 70 72 6f 78 79  2d 31 32 22 0a 20 20 20
20 20 20 20 20 20 20 20  20 7d 2c 0a 20 20 20 20
20 20 20 20 20 20 20 20  7b 0a 20 20 20 20 20 20
20 20 20 20 20 20 20 20  20 20 22 70 72 6f 74 6f
63 6f 6c 22 3a 20 22 64  6e 73 22 2c 0a 20 20 20
20 20 20 20 20 20 20 20  20 20 20 20 20 22 73 65
74 74 69 6e 67 73 22 3a  20 7b 0a 20 20 20 20 20
20 20 20 20 20 20 20 20  20 20 20 20 20 20 20 22
6e 6f 6e 49 50 51 75 65  72 79 22 3a 20 22 72 65
6a 65 63 74 22 0a 20 20  20 20 20 20 20 20 20 20
20 20 20 20 20 20 7d 2c  0a 20 20 20 20 20 20 20
20 20 20 20 20 20 20 20  20 22 74 61 67 22 3a 20
22 64 6e 73 2d 6f 75 74  22 0a 20 20 20 20 20 20
20 20 20 20 20 20 7d 2c  0a 20 20 20 20 20 20 20
20 20 20 20 20 7b 0a 20  20 20 20 20 20 20 20 20
20 20 20 20 20 20 20 22  70 72 6f 74 6f 63 6f 6c
22 3a 20 22 66 72 65 65  64 6f 6d 22 2c 0a 20 20
20 20 20 20 20 20 20 20  20 20 20 20 20 20 22 73
65 74 74 69 6e 67 73 22  3a 20 7b 0a 20 20 20 20
20 20 20 20 20 20 20 20  20 20 20 20 20 20 20 20
22 64 6f 6d 61 69 6e 53  74 72 61 74 65 67 79 22
3a 20 22 55 73 65 49 50  22 0a 20 20 20 20 20 20
20 20 20 20 20 20 20 20  20 20 7d 2c 0a 20 20 20
20 20 20 20 20 20 20 20  20 20 20 20 20 22 74 61
67 22 3a 20 22 64 69 72  65 63 74 22 0a 20 20 20
20 20 20 20 20 20 20 20  20 7d 2c 0a 20 20 20 20
20 20 20 20 20 20 20 20  7b 0a 20 20 20 20 20 20
20 20 20 20 20 20 20 20  20 20 22 70 72 6f 74 6f
63 6f 6c 22 3a 20 22 62  6c 61 63 6b 68 6f 6c 65
22 2c 0a 20 20 20 20 20  20 20 20 20 20 20 20 20
20 20 20 22 73 65 74 74  69 6e 67 73 22 3a 20 7b
0a 20 20 20 20 20 20 20  20 20 20 20 20 20 20 20
20 20 20 20 20 22 72 65  73 70 6f 6e 73 65 22 3a
20 7b 0a 20 20 20 20 20  20 20 20 20 20 20 20 20
20 20 20 20 20 20 20 20  20 20 20 22 74 79 70 65
22 3a 20 22 68 74 74 70  22 0a 20 20 20 20 20 20
20 20 20 20 20 20 20 20  20 20 20 20 20 20 7d 0a
20 20 20 20 20 20 20 20  20 20 20 20 20 20 20 20
7d 2c 0a 20 20 20 20 20  20 20 20 20 20 20 20 20
20 20 20 22 74 61 67 22  3a 20 22 62 6c 6f 63 6b
22 0a 20 20 20 20 20 20  20 20 20 20 20 20 7d 0a
20 20 20 20 20 20 20 20  5d 2c 0a 20 20 20 20 20
20 20 20 22 72 6f 75 74  69 6e 67 22 3a 20 7b 0a
20 20 20 20 20 20 20 20  20 20 20 20 22 64 6f 6d
61 69 6e 53 74 72 61 74  65 67 79 22 3a 20 22 49
50 49 66 4e 6f 6e 4d 61  74 63 68 22 2c 0a 20 20
20 20 20 20 20 20 20 20  20 20 22 72 75 6c 65 73
22 3a 20 5b 0a 20 20 20  20 20 20 20 20 20 20 20
20 20 20 20 20 7b 0a 20  20 20 20 20 20 20 20 20
20 20 20 20 20 20 20 20  20 20 20 22 69 6e 62 6f
75 6e 64 54 61 67 22 3a  20 5b 0a 20 20 20 20 20
20 20 20 20 20 20 20 20  20 20 20 20 20 20 20 20
20 20 20 22 6d 69 78 65  64 2d 69 6e 22 0a 20 20
20 20 20 20 20 20 20 20  20 20 20 20 20 20 20 20
20 20 5d 2c 0a 20 20 20  20 20 20 20 20 20 20 20
20 20 20 20 20 20 20 20  20 22 70 6f 72 74 22 3a
20 35 33 2c 0a 20 20 20  20 20 20 20 20 20 20 20
20 20 20 20 20 20 20 20  20 22 6f 75 74 62 6f 75
6e 64 54 61 67 22 3a 20  22 64 6e 73 2d 6f 75 74
22 2c 0a 20 20 20 20 20  20 20 20 20 20 20 20 20
20 20 20 20 20 20 20 22  74 79 70 65 22 3a 20 22
66 69 65 6c 64 22 0a 20  20 20 20 20 20 20 20 20
20 20 20 20 20 20 20 7d  2c 0a 20 20 20 20 20 20
20 20 20 20 20 20 20 20  20 20 7b 0a 20 20 20 20
20 20 20 20 20 20 20 20  20 20 20 20 20 20 20 20
22 69 6e 62 6f 75 6e 64  54 61 67 22 3a 20 5b 0a
20 20 20 20 20 20 20 20  20 20 20 20 20 20 20 20
20 20 20 20 20 20 20 20  22 64 6e 73 2d 69 6e 22
0a 20 20 20 20 20 20 20  20 20 20 20 20 20 20 20
20 20 20 20 20 5d 2c 0a  20 20 20 20 20 20 20 20
20 20 20 20 20 20 20 20  20 20 20 20 22 6f 75 74
62 6f 75 6e 64 54 61 67  22 3a 20 22 64 6e 73 2d
6f 75 74 22 2c 0a 20 20  20 20 20 20 20 20 20 20
20 20 20 20 20 20 20 20  20 20 22 74 79 70 65 22
3a 20 22 66 69 65 6c 64  22 0a 20 20 20 20 20 20
20 20 20 20 20 20 20 20  20 20 7d 2c 0a 20 20 20
20 20 20 20 20 20 20 20  20 20 20 20 20 7b 0a 20
20 20 20 20 20 20 20 20  20 20 20 20 20 20 20 20
20 20 20 22 69 6e 62 6f  75 6e 64 54 61 67 22 3a
20 5b 0a 20 20 20 20 20  20 20 20 20 20 20 20 20
20 20 20 20 20 20 20 20  20 20 20 22 72 65 6d 6f
74 65 2d 64 6e 73 22 0a  20 20 20 20 20 20 20 20
20 20 20 20 20 20 20 20  20 20 20 20 5d 2c 0a 20
20 20 20 20 20 20 20 20  20 20 20 20 20 20 20 20
20 20 20 22 62 61 6c 61  6e 63 65 72 54 61 67 22
3a 20 22 61 6c 6c 2d 70  72 6f 78 69 65 73 22 2c
0a 20 20 20 20 20 20 20  20 20 20 20 20 20 20 20
20 20 20 20 20 22 74 79  70 65 22 3a 20 22 66 69
65 6c 64 22 0a 20 20 20  20 20 20 20 20 20 20 20
20 20 20 20 20 7d 2c 0a  20 20 20 20 20 20 20 20
20 20 20 20 20 20 20 20  7b 0a 20 20 20 20 20 20
20 20 20 20 20 20 20 20  20 20 20 20 20 20 22 69
6e 62 6f 75 6e 64 54 61  67 22 3a 20 5b 0a 20 20
20 20 20 20 20 20 20 20  20 20 20 20 20 20 20 20
20 20 20 20 20 20 22 64  6e 73 22 0a 20 20 20 20
20 20 20 20 20 20 20 20  20 20 20 20 20 20 20 20
5d 2c 0a 20 20 20 20 20  20 20 20 20 20 20 20 20
20 20 20 20 20 20 20 22  6f 75 74 62 6f 75 6e 64
54 61 67 22 3a 20 22 64  69 72 65 63 74 22 2c 0a
20 20 20 20 20 20 20 20  20 20 20 20 20 20 20 20
20 20 20 20 22 74 79 70  65 22 3a 20 22 66 69 65
6c 64 22 0a 20 20 20 20  20 20 20 20 20 20 20 20
20 20 20 20 7d 2c 0a 20  20 20 20 20 20 20 20 20
20 20 20 20 20 20 20 7b  0a 20 20 20 20 20 20 20
20 20 20 20 20 20 20 20  20 20 20 20 20 22 64 6f
6d 61 69 6e 22 3a 20 5b  0a 20 20 20 20 20 20 20
20 20 20 20 20 20 20 20  20 20 20 20 20 20 20 20
20 22 67 65 6f 73 69 74  65 3a 70 72 69 76 61 74
65 22 0a 20 20 20 20 20  20 20 20 20 20 20 20 20
20 20 20 20 20 20 20 5d  2c 0a 20 20 20 20 20 20
20 20 20 20 20 20 20 20  20 20 20 20 20 20 22 6f
75 74 62 6f 75 6e 64 54  61 67 22 3a 20 22 64 69
72 65 63 74 22 2c 0a 20  20 20 20 20 20 20 20 20
20 20 20 20 20 20 20 20  20 20 20 22 74 79 70 65
22 3a 20 22 66 69 65 6c  64 22 0a 20 20 20 20 20
20 20 20 20 20 20 20 20  20 20 20 7d 2c 0a 20 20
20 20 20 20 20 20 20 20  20 20 20 20 20 20 7b 0a
20 20 20 20 20 20 20 20  20 20 20 20 20 20 20 20
20 20 20 20 22 69 70 22  3a 20 5b 0a 20 20 20 20
20 20 20 20 20 20 20 20  20 20 20 20 20 20 20 20
20 20 20 20 22 67 65 6f  69 70 3a 70 72 69 76 61
74 65 22 0a 20 20 20 20  20 20 20 20 20 20 20 20
20 20 20 20 20 20 20 20  5d 2c 0a 20 20 20 20 20
20 20 20 20 20 20 20 20  20 20 20 20 20 20 20 22
6f 75 74 62 6f 75 6e 64  54 61 67 22 3a 20 22 64
69 72 65 63 74 22 2c 0a  20 20 20 20 20 20 20 20
20 20 20 20 20 20 20 20  20 20 20 20 22 74 79 70
65 22 3a 20 22 66 69 65  6c 64 22 0a 20 20 20 20
20 20 20 20 20 20 20 20  20 20 20 20 7d 2c 0a 20
20 20 20 20 20 20 20 20  20 20 20 20 20 20 20 7b
0a 20 20 20 20 20 20 20  20 20 20 20 20 20 20 20
20 20 20 20 20 22 6e 65  74 77 6f 72 6b 22 3a 20
22 75 64 70 22 2c 0a 20  20 20 20 20 20 20 20 20
20 20 20 20 20 20 20 20  20 20 20 22 6f 75 74 62
6f 75 6e 64 54 61 67 22  3a 20 22 62 6c 6f 63 6b
22 2c 0a 20 20 20 20 20  20 20 20 20 20 20 20 20
20 20 20 20 20 20 20 22  74 79 70 65 22 3a 20 22
66 69 65 6c 64 22 0a 20  20 20 20 20 20 20 20 20
20 20 20 20 20 20 20 7d  2c 0a 20 20 20 20 20 20
20 20 20 20 20 20 20 20  20 20 7b 0a 20 20 20 20
20 20 20 20 20 20 20 20  20 20 20 20 20 20 20 20
22 6e 65 74 77 6f 72 6b  22 3a 20 22 74 63 70 22
2c 0a 20 20 20 20 20 20  20 20 20 20 20 20 20 20
20 20 20 20 20 20 22 62  61 6c 61 6e 63 65 72 54
61 67 22 3a 20 22 61 6c  6c 2d 70 72 6f 78 69 65
73 22 2c 0a 20 20 20 20  20 20 20 20 20 20 20 20
20 20 20 20 20 20 20 20  22 74 79 70 65 22 3a 20
22 66 69 65 6c 64 22 0a  20 20 20 20 20 20 20 20
20 20 20 20 20 20 20 20  7d 0a 20 20 20 20 20 20
20 20 20 20 20 20 5d 2c  0a 20 20 20 20 20 20 20
20 20 20 20 20 22 62 61  6c 61 6e 63 65 72 73 22
3a 20 5b 0a 20 20 20 20  20 20 20 20 20 20 20 20
20 20 20 20 7b 0a 20 20  20 20 20 20 20 20 20 20
20 20 20 20 20 20 20 20  20 20 22 74 61 67 22 3a
20 22 61 6c 6c 2d 70 72  6f 78 69 65 73 22 2c 0a
20 20 20 20 20 20 20 20  20 20 20 20 20 20 20 20
20 20 20 20 22 73 65 6c  65 63 74 6f 72 22 3a 20
5b 0a 20 20 20 20 20 20  20 20 20 20 20 20 20 20
20 20 20 20 20 20 20 20  20 20 22 70 72 6f 78 79
22 0a 20 20 20 20 20 20  20 20 20 20 20 20 20 20
20 20 20 20 20 20 5d 2c  0a 20 20 20 20 20 20 20
20 20 20 20 20 20 20 20  20 20 20 20 20 22 73 74
72 61 74 65 67 79 22 3a  20 7b 0a 20 20 20 20 20
20 20 20 20 20 20 20 20  20 20 20 20 20 20 20 20
20 20 20 22 74 79 70 65  22 3a 20 22 6c 65 61 73
74 50 69 6e 67 22 0a 20  20 20 20 20 20 20 20 20
20 20 20 20 20 20 20 20  20 20 20 7d 2c 0a 20 20
20 20 20 20 20 20 20 20  20 20 20 20 20 20 20 20
20 20 22 66 61 6c 6c 62  61 63 6b 54 61 67 22 3a
20 22 70 72 6f 78 79 2d  32 22 0a 20 20 20 20 20
20 20 20 20 20 20 20 20  20 20 20 7d 0a 20 20 20
20 20 20 20 20 20 20 20  20 5d 0a 20 20 20 20 20
20 20 20 7d 2c 0a 20 20  20 20 20 20 20 20 22 6f
62 73 65 72 76 61 74 6f  72 79 22 3a 20 7b 0a 20
20 20 20 20 20 20 20 20  20 20 20 22 73 75 62 6a
65 63 74 53 65 6c 65 63  74 6f 72 22 3a 20 5b 0a
20 20 20 20 20 20 20 20  20 20 20 20 20 20 20 20
22 70 72 6f 78 79 22 0a  20 20 20 20 20 20 20 20
20 20 20 20 5d 2c 0a 20  20 20 20 20 20 20 20 20
20 20 20 22 70 72 6f 62  65 55 72 6c 22 3a 20 22
68 74 74 70 73 3a 2f 2f  77 77 77 2e 67 73 74 61
74 69 63 2e 63 6f 6d 2f  67 65 6e 65 72 61 74 65
5f 32 30 34 22 2c 0a 20  20 20 20 20 20 20 20 20
20 20 20 22 70 72 6f 62  65 49 6e 74 65 72 76 61
6c 22 3a 20 22 33 30 73  22 2c 0a 20 20 20 20 20
20 20 20 20 20 20 20 22  65 6e 61 62 6c 65 43 6f
6e 63 75 72 72 65 6e 63  79 22 3a 20 74 72 75 65
0a 20 20 20 20 20 20 20  20 7d 2c 0a 20 20 20 20
20 20 20 20 22 70 6f 6c  69 63 79 22 3a 20 7b 0a
20 20 20 20 20 20 20 20  20 20 20 20 22 6c 65 76
65 6c 73 22 3a 20 7b 0a  20 20 20 20 20 20 20 20
20 20 20 20 20 20 20 20  22 30 22 3a 20 7b 0a 20
20 20 20 20 20 20 20 20  20 20 20 20 20 20 20 20
20 20 20 22 63 6f 6e 6e  49 64 6c 65 22 3a 20 33
30 30 2c 0a 20 20 20 20  20 20 20 20 20 20 20 20
20 20 20 20 20 20 20 20  22 68 61 6e 64 73 68 61
6b 65 22 3a 20 34 2c 0a  20 20 20 20 20 20 20 20
20 20 20 20 20 20 20 20  20 20 20 20 22 75 70 6c
69 6e 6b 4f 6e 6c 79 22  3a 20 31 2c 0a 20 20 20
20 20 20 20 20 20 20 20  20 20 20 20 20 20 20 20
20 22 64 6f 77 6e 6c 69  6e 6b 4f 6e 6c 79 22 3a
20 31 0a 20 20 20 20 20  20 20 20 20 20 20 20 20
20 20 20 7d 0a 20 20 20  20 20 20 20 20 20 20 20
20 7d 2c 0a 20 20 20 20  20 20 20 20 20 20 20 20
22 73 79 73 74 65 6d 22  3a 20 7b 0a 20 20 20 20
20 20 20 20 20 20 20 20  20 20 20 20 22 73 74 61
74 73 4f 75 74 62 6f 75  6e 64 55 70 6c 69 6e 6b
22 3a 20 74 72 75 65 2c  0a 20 20 20 20 20 20 20
20 20 20 20 20 20 20 20  20 22 73 74 61 74 73 4f
75 74 62 6f 75 6e 64 44  6f 77 6e 6c 69 6e 6b 22
3a 20 74 72 75 65 0a 20  20 20 20 20 20 20 20 20
20 20 20 7d 0a 20 20 20  20 20 20 20 20 7d 2c 0a
20 20 20 20 20 20 20 20  22 73 74 61 74 73 22 3a
20 7b 7d 0a 20 20 20 20  7d 0a 5d
